URL,Canonical,Canonical matches route?,Result
https://echobuddha.com/404.html,,N/A,PASS
https://echobuddha.com/about/,https://echobuddha.com/about/,Yes,PASS
https://echobuddha.com/articles/beginning-a-daily-mindfulness-practice/,https://echobuddha.com/articles/beginning-a-daily-mindfulness-practice/,Yes,PASS
https://echobuddha.com/articles/buddhism-for-beginners-simple-guide/,https://echobuddha.com/articles/buddhism-for-beginners-simple-guide/,Yes,PASS
https://echobuddha.com/articles/buddhist-approach-to-anger/,https://echobuddha.com/articles/buddhist-approach-to-anger/,Yes,PASS
https://echobuddha.com/articles/buddhist-gratitude-practice/,https://echobuddha.com/articles/buddhist-gratitude-practice/,Yes,PASS
https://echobuddha.com/articles/buddhist-teachings-on-forgiveness/,https://echobuddha.com/articles/buddhist-teachings-on-forgiveness/,Yes,PASS
https://echobuddha.com/articles/buddhist-teachings-on-impermanence/,https://echobuddha.com/articles/buddhist-teachings-on-impermanence/,Yes,PASS
https://echobuddha.com/articles/buddhist-wisdom-for-overthinking/,https://echobuddha.com/articles/buddhist-wisdom-for-overthinking/,Yes,PASS
https://echobuddha.com/articles/category/buddhist-wisdom/,https://echobuddha.com/articles/category/buddhist-wisdom/,Yes,PASS
https://echobuddha.com/articles/category/meditation/,https://echobuddha.com/articles/category/meditation/,Yes,PASS
https://echobuddha.com/articles/category/mindfulness/,https://echobuddha.com/articles/category/mindfulness/,Yes,PASS
https://echobuddha.com/articles/category/practice/,https://echobuddha.com/articles/category/practice/,Yes,PASS
https://echobuddha.com/articles/category/reflection/,https://echobuddha.com/articles/category/reflection/,Yes,PASS
https://echobuddha.com/articles/compassion-as-a-daily-discipline/,https://echobuddha.com/articles/compassion-as-a-daily-discipline/,Yes,PASS
https://echobuddha.com/articles/compassion-in-buddhism-beginner-guide/,https://echobuddha.com/articles/compassion-in-buddhism-beginner-guide/,Yes,PASS
https://echobuddha.com/articles/compassion-with-boundaries/,https://echobuddha.com/articles/compassion-with-boundaries/,Yes,PASS
https://echobuddha.com/articles/creating-a-peaceful-corner-at-home/,https://echobuddha.com/articles/creating-a-peaceful-corner-at-home/,Yes,PASS
https://echobuddha.com/articles/dhamma-vs-dharma/,https://echobuddha.com/articles/dhamma-vs-dharma/,Yes,PASS
https://echobuddha.com/articles/dhammapada-reflection-trained-mind/,https://echobuddha.com/articles/dhammapada-reflection-trained-mind/,Yes,PASS
https://echobuddha.com/articles/dhammapada-reflection-what-we-think/,https://echobuddha.com/articles/dhammapada-reflection-what-we-think/,Yes,PASS
https://echobuddha.com/articles/dhammapada-verse-1-meaning/,https://echobuddha.com/articles/dhammapada-verse-1-meaning/,Yes,PASS
https://echobuddha.com/articles/eightfold-path-explained-daily-life/,https://echobuddha.com/articles/eightfold-path-explained-daily-life/,Yes,PASS
https://echobuddha.com/articles/eightfold-path-explained/,https://echobuddha.com/articles/eightfold-path-explained/,Yes,PASS
https://echobuddha.com/articles/equanimity-in-buddhism/,https://echobuddha.com/articles/equanimity-in-buddhism/,Yes,PASS
https://echobuddha.com/articles/first-week-buddhist-practice/,https://echobuddha.com/articles/first-week-buddhist-practice/,Yes,PASS
https://echobuddha.com/articles/five-precepts-in-daily-life/,https://echobuddha.com/articles/five-precepts-in-daily-life/,Yes,PASS
https://echobuddha.com/articles/four-noble-truths-explained-simply/,https://echobuddha.com/articles/four-noble-truths-explained-simply/,Yes,PASS
https://echobuddha.com/articles/four-noble-truths-explained/,https://echobuddha.com/articles/four-noble-truths-explained/,Yes,PASS
https://echobuddha.com/articles/how-to-let-go-of-attachment-in-buddhism/,https://echobuddha.com/articles/how-to-let-go-of-attachment-in-buddhism/,Yes,PASS
https://echobuddha.com/articles/how-to-meditate-for-anxiety/,https://echobuddha.com/articles/how-to-meditate-for-anxiety/,Yes,PASS
https://echobuddha.com/articles/how-to-meditate-for-beginners/,https://echobuddha.com/articles/how-to-meditate-for-beginners/,Yes,PASS
https://echobuddha.com/articles/how-to-practice-non-attachment/,https://echobuddha.com/articles/how-to-practice-non-attachment/,Yes,PASS
https://echobuddha.com/articles/impermanence-in-buddhism-letting-go/,https://echobuddha.com/articles/impermanence-in-buddhism-letting-go/,Yes,PASS
https://echobuddha.com/articles/impermanence-in-buddhism/,https://echobuddha.com/articles/impermanence-in-buddhism/,Yes,PASS
https://echobuddha.com/articles/,https://echobuddha.com/articles/,Yes,PASS
https://echobuddha.com/articles/letting-go-without-giving-up/,https://echobuddha.com/articles/letting-go-without-giving-up/,Yes,PASS
https://echobuddha.com/articles/loving-kindness-meditation-beginners/,https://echobuddha.com/articles/loving-kindness-meditation-beginners/,Yes,PASS
https://echobuddha.com/articles/loving-kindness-meditation-guide/,https://echobuddha.com/articles/loving-kindness-meditation-guide/,Yes,PASS
https://echobuddha.com/articles/metta-meditation-script/,https://echobuddha.com/articles/metta-meditation-script/,Yes,PASS
https://echobuddha.com/articles/mindful-email-and-texting/,https://echobuddha.com/articles/mindful-email-and-texting/,Yes,PASS
https://echobuddha.com/articles/mindful-listening-in-everyday-life/,https://echobuddha.com/articles/mindful-listening-in-everyday-life/,Yes,PASS
https://echobuddha.com/articles/mindfulness-for-better-sleep/,https://echobuddha.com/articles/mindfulness-for-better-sleep/,Yes,PASS
https://echobuddha.com/articles/mindfulness-morning-routine/,https://echobuddha.com/articles/mindfulness-morning-routine/,Yes,PASS
https://echobuddha.com/articles/mindfulness-of-breathing-guide/,https://echobuddha.com/articles/mindfulness-of-breathing-guide/,Yes,PASS
https://echobuddha.com/articles/mindfulness-vs-meditation/,https://echobuddha.com/articles/mindfulness-vs-meditation/,Yes,PASS
https://echobuddha.com/articles/noble-eightfold-path-practical-guide/,https://echobuddha.com/articles/noble-eightfold-path-practical-guide/,Yes,PASS
https://echobuddha.com/articles/non-attachment-in-relationships/,https://echobuddha.com/articles/non-attachment-in-relationships/,Yes,PASS
https://echobuddha.com/articles/right-livelihood-modern-life/,https://echobuddha.com/articles/right-livelihood-modern-life/,Yes,PASS
https://echobuddha.com/articles/right-speech-buddhism/,https://echobuddha.com/articles/right-speech-buddhism/,Yes,PASS
https://echobuddha.com/articles/right-speech-examples/,https://echobuddha.com/articles/right-speech-examples/,Yes,PASS
https://echobuddha.com/articles/three-poisons-buddhism-explained/,https://echobuddha.com/articles/three-poisons-buddhism-explained/,Yes,PASS
https://echobuddha.com/articles/three-ways-to-practice-patience/,https://echobuddha.com/articles/three-ways-to-practice-patience/,Yes,PASS
https://echobuddha.com/articles/visiting-a-buddhist-temple-respectfully/,https://echobuddha.com/articles/visiting-a-buddhist-temple-respectfully/,Yes,PASS
https://echobuddha.com/articles/walking-meditation-step-by-step/,https://echobuddha.com/articles/walking-meditation-step-by-step/,Yes,PASS
https://echobuddha.com/articles/what-is-buddhism-beginner-guide/,https://echobuddha.com/articles/what-is-buddhism-beginner-guide/,Yes,PASS
https://echobuddha.com/articles/what-is-karma-in-buddhism/,https://echobuddha.com/articles/what-is-karma-in-buddhism/,Yes,PASS
https://echobuddha.com/articles/what-is-sangha-buddhist-community/,https://echobuddha.com/articles/what-is-sangha-buddhist-community/,Yes,PASS
https://echobuddha.com/authors/echo-buddha-editorial/,https://echobuddha.com/authors/echo-buddha-editorial/,Yes,PASS
https://echobuddha.com/buddhist-sources-and-citations/,https://echobuddha.com/buddhist-sources-and-citations/,Yes,PASS
https://echobuddha.com/contact/,https://echobuddha.com/contact/,Yes,PASS
https://echobuddha.com/corrections/,https://echobuddha.com/corrections/,Yes,PASS
https://echobuddha.com/daily-reflections/anger-as-a-signal/,https://echobuddha.com/daily-reflections/anger-as-a-signal/,Yes,PASS
https://echobuddha.com/daily-reflections/begin-again-without-shame/,https://echobuddha.com/daily-reflections/begin-again-without-shame/,Yes,PASS
https://echobuddha.com/daily-reflections/compassion-begins-nearby/,https://echobuddha.com/daily-reflections/compassion-begins-nearby/,Yes,PASS
https://echobuddha.com/daily-reflections/enough-for-this-moment/,https://echobuddha.com/daily-reflections/enough-for-this-moment/,Yes,PASS
https://echobuddha.com/daily-reflections/evening-release/,https://echobuddha.com/daily-reflections/evening-release/,Yes,PASS
https://echobuddha.com/daily-reflections/family-patience/,https://echobuddha.com/daily-reflections/family-patience/,Yes,PASS
https://echobuddha.com/daily-reflections/forgiveness-without-approval/,https://echobuddha.com/daily-reflections/forgiveness-without-approval/,Yes,PASS
https://echobuddha.com/daily-reflections/gratitude-for-change/,https://echobuddha.com/daily-reflections/gratitude-for-change/,Yes,PASS
https://echobuddha.com/daily-reflections/gratitude-notices-enough/,https://echobuddha.com/daily-reflections/gratitude-notices-enough/,Yes,PASS
https://echobuddha.com/daily-reflections/impermanence-softens-clinging/,https://echobuddha.com/daily-reflections/impermanence-softens-clinging/,Yes,PASS
https://echobuddha.com/daily-reflections/,https://echobuddha.com/daily-reflections/,Yes,PASS
https://echobuddha.com/daily-reflections/kindness-with-boundaries/,https://echobuddha.com/daily-reflections/kindness-with-boundaries/,Yes,PASS
https://echobuddha.com/daily-reflections/let-the-feeling-pass/,https://echobuddha.com/daily-reflections/let-the-feeling-pass/,Yes,PASS
https://echobuddha.com/daily-reflections/letting-go-keeps-care/,https://echobuddha.com/daily-reflections/letting-go-keeps-care/,Yes,PASS
https://echobuddha.com/daily-reflections/listen-before-answering/,https://echobuddha.com/daily-reflections/listen-before-answering/,Yes,PASS
https://echobuddha.com/daily-reflections/metta-for-a-difficult-person/,https://echobuddha.com/daily-reflections/metta-for-a-difficult-person/,Yes,PASS
https://echobuddha.com/daily-reflections/mindful-work/,https://echobuddha.com/daily-reflections/mindful-work/,Yes,PASS
https://echobuddha.com/daily-reflections/morning-intention/,https://echobuddha.com/daily-reflections/morning-intention/,Yes,PASS
https://echobuddha.com/daily-reflections/notice-before-fixing/,https://echobuddha.com/daily-reflections/notice-before-fixing/,Yes,PASS
https://echobuddha.com/daily-reflections/one-honest-breath/,https://echobuddha.com/daily-reflections/one-honest-breath/,Yes,PASS
https://echobuddha.com/daily-reflections/one-step-on-the-path/,https://echobuddha.com/daily-reflections/one-step-on-the-path/,Yes,PASS
https://echobuddha.com/daily-reflections/patience-before-anger-speaks/,https://echobuddha.com/daily-reflections/patience-before-anger-speaks/,Yes,PASS
https://echobuddha.com/daily-reflections/rest-without-escape/,https://echobuddha.com/daily-reflections/rest-without-escape/,Yes,PASS
https://echobuddha.com/daily-reflections/see-the-conditions/,https://echobuddha.com/daily-reflections/see-the-conditions/,Yes,PASS
https://echobuddha.com/daily-reflections/simple-goodwill/,https://echobuddha.com/daily-reflections/simple-goodwill/,Yes,PASS
https://echobuddha.com/daily-reflections/small-actions-shape-the-mind/,https://echobuddha.com/daily-reflections/small-actions-shape-the-mind/,Yes,PASS
https://echobuddha.com/daily-reflections/soften-the-inner-argument/,https://echobuddha.com/daily-reflections/soften-the-inner-argument/,Yes,PASS
https://echobuddha.com/daily-reflections/speech-can-reduce-suffering/,https://echobuddha.com/daily-reflections/speech-can-reduce-suffering/,Yes,PASS
https://echobuddha.com/daily-reflections/the-first-truth-is-kind/,https://echobuddha.com/daily-reflections/the-first-truth-is-kind/,Yes,PASS
https://echobuddha.com/daily-reflections/thoughts-are-visitors/,https://echobuddha.com/daily-reflections/thoughts-are-visitors/,Yes,PASS
https://echobuddha.com/daily-reflections/today/,https://echobuddha.com/daily-reflections/today/,Yes,PASS
https://echobuddha.com/daily-reflections/walking-as-practice/,https://echobuddha.com/daily-reflections/walking-as-practice/,Yes,PASS
https://echobuddha.com/disclaimer/,https://echobuddha.com/disclaimer/,Yes,PASS
https://echobuddha.com/editorial-policy/,https://echobuddha.com/editorial-policy/,Yes,PASS
https://echobuddha.com/how-echo-buddha-creates-content/,https://echobuddha.com/how-echo-buddha-creates-content/,Yes,PASS
https://echobuddha.com/,https://echobuddha.com/,Yes,PASS
https://echobuddha.com/learn/buddhism-101/a-simple-daily-buddhist-practice/,https://echobuddha.com/learn/buddhism-101/a-simple-daily-buddhist-practice/,Yes,PASS
https://echobuddha.com/learn/buddhism-101/dependent-origination-explained/,https://echobuddha.com/learn/buddhism-101/dependent-origination-explained/,Yes,PASS
https://echobuddha.com/learn/buddhism-101/five-aggregates-buddhism/,https://echobuddha.com/learn/buddhism-101/five-aggregates-buddhism/,Yes,PASS
https://echobuddha.com/learn/buddhism-101/five-hindrances-in-buddhism/,https://echobuddha.com/learn/buddhism-101/five-hindrances-in-buddhism/,Yes,PASS
https://echobuddha.com/learn/buddhism-101/five-precepts-buddhism/,https://echobuddha.com/learn/buddhism-101/five-precepts-buddhism/,Yes,PASS
https://echobuddha.com/learn/buddhism-101/four-brahmaviharas/,https://echobuddha.com/learn/buddhism-101/four-brahmaviharas/,Yes,PASS
https://echobuddha.com/learn/buddhism-101/how-to-practice-buddhism-at-home/,https://echobuddha.com/learn/buddhism-101/how-to-practice-buddhism-at-home/,Yes,PASS
https://echobuddha.com/learn/buddhism-101/,https://echobuddha.com/learn/buddhism-101/,Yes,PASS
https://echobuddha.com/learn/buddhism-101/middle-way-explained-for-beginners/,https://echobuddha.com/learn/buddhism-101/middle-way-explained-for-beginners/,Yes,PASS
https://echobuddha.com/learn/buddhism-101/right-livelihood-buddhism/,https://echobuddha.com/learn/buddhism-101/right-livelihood-buddhism/,Yes,PASS
https://echobuddha.com/learn/buddhism-101/the-four-noble-truths-explained/,https://echobuddha.com/learn/buddhism-101/the-four-noble-truths-explained/,Yes,PASS
https://echobuddha.com/learn/buddhism-101/the-noble-eightfold-path-explained/,https://echobuddha.com/learn/buddhism-101/the-noble-eightfold-path-explained/,Yes,PASS
https://echobuddha.com/learn/buddhism-101/the-three-jewels-explained/,https://echobuddha.com/learn/buddhism-101/the-three-jewels-explained/,Yes,PASS
https://echobuddha.com/learn/buddhism-101/three-marks-of-existence/,https://echobuddha.com/learn/buddhism-101/three-marks-of-existence/,Yes,PASS
https://echobuddha.com/learn/buddhism-101/threefold-training-sila-samadhi-panna/,https://echobuddha.com/learn/buddhism-101/threefold-training-sila-samadhi-panna/,Yes,PASS
https://echobuddha.com/learn/buddhism-101/what-is-buddhism/,https://echobuddha.com/learn/buddhism-101/what-is-buddhism/,Yes,PASS
https://echobuddha.com/learn/buddhism-101/what-is-impermanence/,https://echobuddha.com/learn/buddhism-101/what-is-impermanence/,Yes,PASS
https://echobuddha.com/learn/buddhism-101/what-is-karma-in-buddhism/,https://echobuddha.com/learn/buddhism-101/what-is-karma-in-buddhism/,Yes,PASS
https://echobuddha.com/learn/buddhism-101/what-is-mindfulness/,https://echobuddha.com/learn/buddhism-101/what-is-mindfulness/,Yes,PASS
https://echobuddha.com/learn/buddhism-101/who-was-the-buddha/,https://echobuddha.com/learn/buddhism-101/who-was-the-buddha/,Yes,PASS
https://echobuddha.com/learn/buddhism-for-beginners/,https://echobuddha.com/learn/buddhism-for-beginners/,Yes,PASS
https://echobuddha.com/learn/buddhist-dictionary/anatta/,https://echobuddha.com/learn/buddhist-dictionary/anatta/,Yes,PASS
https://echobuddha.com/learn/buddhist-dictionary/anicca/,https://echobuddha.com/learn/buddhist-dictionary/anicca/,Yes,PASS
https://echobuddha.com/learn/buddhist-dictionary/compassion/,https://echobuddha.com/learn/buddhist-dictionary/compassion/,Yes,PASS
https://echobuddha.com/learn/buddhist-dictionary/dhamma/,https://echobuddha.com/learn/buddhist-dictionary/dhamma/,Yes,PASS
https://echobuddha.com/learn/buddhist-dictionary/dukkha/,https://echobuddha.com/learn/buddhist-dictionary/dukkha/,Yes,PASS
https://echobuddha.com/learn/buddhist-dictionary/,https://echobuddha.com/learn/buddhist-dictionary/,Yes,PASS
https://echobuddha.com/learn/buddhist-dictionary/karma/,https://echobuddha.com/learn/buddhist-dictionary/karma/,Yes,PASS
https://echobuddha.com/learn/buddhist-dictionary/karuna/,https://echobuddha.com/learn/buddhist-dictionary/karuna/,Yes,PASS
https://echobuddha.com/learn/buddhist-dictionary/metta/,https://echobuddha.com/learn/buddhist-dictionary/metta/,Yes,PASS
https://echobuddha.com/learn/buddhist-dictionary/mindfulness/,https://echobuddha.com/learn/buddhist-dictionary/mindfulness/,Yes,PASS
https://echobuddha.com/learn/buddhist-dictionary/nirvana/,https://echobuddha.com/learn/buddhist-dictionary/nirvana/,Yes,PASS
https://echobuddha.com/learn/buddhist-dictionary/pali-canon/,https://echobuddha.com/learn/buddhist-dictionary/pali-canon/,Yes,PASS
https://echobuddha.com/learn/buddhist-dictionary/sangha/,https://echobuddha.com/learn/buddhist-dictionary/sangha/,Yes,PASS
https://echobuddha.com/learn/buddhist-dictionary/sati/,https://echobuddha.com/learn/buddhist-dictionary/sati/,Yes,PASS
https://echobuddha.com/learn/buddhist-dictionary/sutta/,https://echobuddha.com/learn/buddhist-dictionary/sutta/,Yes,PASS
https://echobuddha.com/learn/buddhist-resources/,https://echobuddha.com/learn/buddhist-resources/,Yes,PASS
https://echobuddha.com/learn/dhammapada-reflections/avoid-evil-do-good-purify-the-mind/,https://echobuddha.com/learn/dhammapada-reflections/avoid-evil-do-good-purify-the-mind/,Yes,PASS
https://echobuddha.com/learn/dhammapada-reflections/better-than-a-thousand-empty-words/,https://echobuddha.com/learn/dhammapada-reflections/better-than-a-thousand-empty-words/,Yes,PASS
https://echobuddha.com/learn/dhammapada-reflections/hatred-is-not-ended-by-hatred/,https://echobuddha.com/learn/dhammapada-reflections/hatred-is-not-ended-by-hatred/,Yes,PASS
https://echobuddha.com/learn/dhammapada-reflections/,https://echobuddha.com/learn/dhammapada-reflections/,Yes,PASS
https://echobuddha.com/learn/dhammapada-reflections/peace-comes-from-a-trained-mind/,https://echobuddha.com/learn/dhammapada-reflections/peace-comes-from-a-trained-mind/,Yes,PASS
https://echobuddha.com/learn/dhammapada-reflections/the-mind-leads-all-things/,https://echobuddha.com/learn/dhammapada-reflections/the-mind-leads-all-things/,Yes,PASS
https://echobuddha.com/learn/eightfold-path/,https://echobuddha.com/learn/eightfold-path/,Yes,PASS
https://echobuddha.com/learn/four-noble-truths/,https://echobuddha.com/learn/four-noble-truths/,Yes,PASS
https://echobuddha.com/learn/,https://echobuddha.com/learn/,Yes,PASS
https://echobuddha.com/learn/questions-about-buddhism/,https://echobuddha.com/learn/questions-about-buddhism/,Yes,PASS
https://echobuddha.com/learn/sutta-for-daily-life/buddhas-teaching-on-patience/,https://echobuddha.com/learn/sutta-for-daily-life/buddhas-teaching-on-patience/,Yes,PASS
https://echobuddha.com/learn/sutta-for-daily-life/dhammacakkappavattana-sutta-four-noble-truths/,https://echobuddha.com/learn/sutta-for-daily-life/dhammacakkappavattana-sutta-four-noble-truths/,Yes,PASS
https://echobuddha.com/learn/sutta-for-daily-life/,https://echobuddha.com/learn/sutta-for-daily-life/,Yes,PASS
https://echobuddha.com/learn/sutta-for-daily-life/kalama-sutta-and-wise-thinking/,https://echobuddha.com/learn/sutta-for-daily-life/kalama-sutta-and-wise-thinking/,Yes,PASS
https://echobuddha.com/learn/sutta-for-daily-life/magga-vibhanga-sutta-eightfold-path/,https://echobuddha.com/learn/sutta-for-daily-life/magga-vibhanga-sutta-eightfold-path/,Yes,PASS
https://echobuddha.com/learn/sutta-for-daily-life/metta-sutta-explained-for-daily-life/,https://echobuddha.com/learn/sutta-for-daily-life/metta-sutta-explained-for-daily-life/,Yes,PASS
https://echobuddha.com/learn/sutta-for-daily-life/mindfulness-of-breathing-explained-simply/,https://echobuddha.com/learn/sutta-for-daily-life/mindfulness-of-breathing-explained-simply/,Yes,PASS
https://echobuddha.com/learn/sutta-for-daily-life/right-speech-in-daily-life/,https://echobuddha.com/learn/sutta-for-daily-life/right-speech-in-daily-life/,Yes,PASS
https://echobuddha.com/meditation-guide/,https://echobuddha.com/meditation-guide/,Yes,PASS
https://echobuddha.com/meditation-safety/,https://echobuddha.com/meditation-safety/,Yes,PASS
https://echobuddha.com/meditation/10-minute-meditation-practice/,https://echobuddha.com/meditation/10-minute-meditation-practice/,Yes,PASS
https://echobuddha.com/meditation/5-minute-meditation-practice/,https://echobuddha.com/meditation/5-minute-meditation-practice/,Yes,PASS
https://echobuddha.com/meditation/breathing-meditation/,https://echobuddha.com/meditation/breathing-meditation/,Yes,PASS
https://echobuddha.com/meditation/,https://echobuddha.com/meditation/,Yes,PASS
https://echobuddha.com/meditation/loving-kindness-meditation/,https://echobuddha.com/meditation/loving-kindness-meditation/,Yes,PASS
https://echobuddha.com/meditation/meditation-for-beginners/,https://echobuddha.com/meditation/meditation-for-beginners/,Yes,PASS
https://echobuddha.com/meditation/meditation-posture-for-beginners/,https://echobuddha.com/meditation/meditation-posture-for-beginners/,Yes,PASS
https://echobuddha.com/meditation/mindfulness-in-daily-life/,https://echobuddha.com/meditation/mindfulness-in-daily-life/,Yes,PASS
https://echobuddha.com/meditation/walking-meditation/,https://echobuddha.com/meditation/walking-meditation/,Yes,PASS
https://echobuddha.com/meditation/when-meditation-feels-hard/,https://echobuddha.com/meditation/when-meditation-feels-hard/,Yes,PASS
https://echobuddha.com/mindful-living/,https://echobuddha.com/mindful-living/,Yes,PASS
https://echobuddha.com/privacy-policy/,https://echobuddha.com/privacy-policy/,Yes,PASS
https://echobuddha.com/quote-attribution-policy/,https://echobuddha.com/quote-attribution-policy/,Yes,PASS
https://echobuddha.com/quotes/awareness/acceptance-before-next-step/,https://echobuddha.com/quotes/awareness/acceptance-before-next-step/,Yes,PASS
https://echobuddha.com/quotes/awareness/anger-asks-for-speed-awareness-asks-for-one-more/,https://echobuddha.com/quotes/awareness/anger-asks-for-speed-awareness-asks-for-one-more/,Yes,PASS
https://echobuddha.com/quotes/awareness/awareness-does-not-remove-the-storm-it-keeps-you/,https://echobuddha.com/quotes/awareness/awareness-does-not-remove-the-storm-it-keeps-you/,Yes,PASS
https://echobuddha.com/quotes/awareness/clear-seeing-begins-with-the-courage-to-stop-looking/,https://echobuddha.com/quotes/awareness/clear-seeing-begins-with-the-courage-to-stop-looking/,Yes,PASS
https://echobuddha.com/quotes/awareness/feelings-are-honest-about-their-presence-not-always-about/,https://echobuddha.com/quotes/awareness/feelings-are-honest-about-their-presence-not-always-about/,Yes,PASS
https://echobuddha.com/quotes/awareness/feelings-without-the-wheel/,https://echobuddha.com/quotes/awareness/feelings-without-the-wheel/,Yes,PASS
https://echobuddha.com/quotes/awareness/,https://echobuddha.com/quotes/awareness/,Yes,PASS
https://echobuddha.com/quotes/awareness/look-beneath-the-reaction-and-you-may-find-a/,https://echobuddha.com/quotes/awareness/look-beneath-the-reaction-and-you-may-find-a/,Yes,PASS
https://echobuddha.com/quotes/awareness/name-the-feeling-gently-and-it-may-stop-speaking/,https://echobuddha.com/quotes/awareness/name-the-feeling-gently-and-it-may-stop-speaking/,Yes,PASS
https://echobuddha.com/quotes/awareness/notice-the-habit-before-trying-to-become-someone-without/,https://echobuddha.com/quotes/awareness/notice-the-habit-before-trying-to-become-someone-without/,Yes,PASS
https://echobuddha.com/quotes/awareness/one-breath-before-anger-replies/,https://echobuddha.com/quotes/awareness/one-breath-before-anger-replies/,Yes,PASS
https://echobuddha.com/quotes/awareness/small-acts-of-attention-can-turn-an-ordinary-day/,https://echobuddha.com/quotes/awareness/small-acts-of-attention-can-turn-an-ordinary-day/,Yes,PASS
https://echobuddha.com/quotes/awareness/the-body-often-knows-you-are-overwhelmed-before-the/,https://echobuddha.com/quotes/awareness/the-body-often-knows-you-are-overwhelmed-before-the/,Yes,PASS
https://echobuddha.com/quotes/awareness/thoughts-are-visitors/,https://echobuddha.com/quotes/awareness/thoughts-are-visitors/,Yes,PASS
https://echobuddha.com/quotes/awareness/thoughts-pass-without-commanding-you/,https://echobuddha.com/quotes/awareness/thoughts-pass-without-commanding-you/,Yes,PASS
https://echobuddha.com/quotes/awareness/what-you-can-observe-clearly-no-longer-controls-you/,https://echobuddha.com/quotes/awareness/what-you-can-observe-clearly-no-longer-controls-you/,Yes,PASS
https://echobuddha.com/quotes/awareness/when-the-mind-tightens-let-the-body-be-your/,https://echobuddha.com/quotes/awareness/when-the-mind-tightens-let-the-body-be-your/,Yes,PASS
https://echobuddha.com/quotes/compassion/a-gentle-response-can-end-suffering-that-anger-would/,https://echobuddha.com/quotes/compassion/a-gentle-response-can-end-suffering-that-anger-would/,Yes,PASS
https://echobuddha.com/quotes/compassion/before-judging-another-life-remember-how-much-of-your/,https://echobuddha.com/quotes/compassion/before-judging-another-life-remember-how-much-of-your/,Yes,PASS
https://echobuddha.com/quotes/compassion/compassion-asks-what-hurts-before-it-asks-who-is/,https://echobuddha.com/quotes/compassion/compassion-asks-what-hurts-before-it-asks-who-is/,Yes,PASS
https://echobuddha.com/quotes/compassion/compassion-grows-where-judgment-loosens-its-grip/,https://echobuddha.com/quotes/compassion/compassion-grows-where-judgment-loosens-its-grip/,Yes,PASS
https://echobuddha.com/quotes/compassion/compassion-sees-pain-clearly/,https://echobuddha.com/quotes/compassion/compassion-sees-pain-clearly/,Yes,PASS
https://echobuddha.com/quotes/compassion/gentle-self-compassion/,https://echobuddha.com/quotes/compassion/gentle-self-compassion/,Yes,PASS
https://echobuddha.com/quotes/compassion/,https://echobuddha.com/quotes/compassion/,Yes,PASS
https://echobuddha.com/quotes/compassion/kindness-as-quiet-practice/,https://echobuddha.com/quotes/compassion/kindness-as-quiet-practice/,Yes,PASS
https://echobuddha.com/quotes/compassion/kindness-does-not-need-an-audience-to-become-meaningful/,https://echobuddha.com/quotes/compassion/kindness-does-not-need-an-audience-to-become-meaningful/,Yes,PASS
https://echobuddha.com/quotes/compassion/let-kindness-be-the-echo-you-leave-in-every/,https://echobuddha.com/quotes/compassion/let-kindness-be-the-echo-you-leave-in-every/,Yes,PASS
https://echobuddha.com/quotes/compassion/let-your-boundaries-be-clear-and-your-heart-remain/,https://echobuddha.com/quotes/compassion/let-your-boundaries-be-clear-and-your-heart-remain/,Yes,PASS
https://echobuddha.com/quotes/compassion/loving-kindness-without-harm/,https://echobuddha.com/quotes/compassion/loving-kindness-without-harm/,Yes,PASS
https://echobuddha.com/quotes/compassion/offer-others-the-patience-you-hope-to-receive-on/,https://echobuddha.com/quotes/compassion/offer-others-the-patience-you-hope-to-receive-on/,Yes,PASS
https://echobuddha.com/quotes/compassion/small-kindnesses-often-reach-places-that-advice-cannot/,https://echobuddha.com/quotes/compassion/small-kindnesses-often-reach-places-that-advice-cannot/,Yes,PASS
https://echobuddha.com/quotes/compassion/the-heart-becomes-spacious-each-time-it-chooses-care/,https://echobuddha.com/quotes/compassion/the-heart-becomes-spacious-each-time-it-chooses-care/,Yes,PASS
https://echobuddha.com/quotes/compassion/to-understand-someone-is-not-to-excuse-harm-it/,https://echobuddha.com/quotes/compassion/to-understand-someone-is-not-to-excuse-harm-it/,Yes,PASS
https://echobuddha.com/quotes/compassion/when-you-cannot-remove-anothers-burden-do-not-add/,https://echobuddha.com/quotes/compassion/when-you-cannot-remove-anothers-burden-do-not-add/,Yes,PASS
https://echobuddha.com/quotes/impermanence/acceptance-begins-where-the-argument-with-change-ends/,https://echobuddha.com/quotes/impermanence/acceptance-begins-where-the-argument-with-change-ends/,Yes,PASS
https://echobuddha.com/quotes/impermanence/because-this-moment-will-pass-meet-it-while-it/,https://echobuddha.com/quotes/impermanence/because-this-moment-will-pass-meet-it-while-it/,Yes,PASS
https://echobuddha.com/quotes/impermanence/change-is-how-life-continues/,https://echobuddha.com/quotes/impermanence/change-is-how-life-continues/,Yes,PASS
https://echobuddha.com/quotes/impermanence/change-takes-nothing-personally-it-simply-continues/,https://echobuddha.com/quotes/impermanence/change-takes-nothing-personally-it-simply-continues/,Yes,PASS
https://echobuddha.com/quotes/impermanence/everything-changes-including-the-part-of-you-that-fears/,https://echobuddha.com/quotes/impermanence/everything-changes-including-the-part-of-you-that-fears/,Yes,PASS
https://echobuddha.com/quotes/impermanence/hold-each-day-carefully-knowing-it-cannot-be-held/,https://echobuddha.com/quotes/impermanence/hold-each-day-carefully-knowing-it-cannot-be-held/,Yes,PASS
https://echobuddha.com/quotes/impermanence/,https://echobuddha.com/quotes/impermanence/,Yes,PASS
https://echobuddha.com/quotes/impermanence/meet-change-softly/,https://echobuddha.com/quotes/impermanence/meet-change-softly/,Yes,PASS
https://echobuddha.com/quotes/impermanence/no-season-is-asked-to-remain-in-order-to/,https://echobuddha.com/quotes/impermanence/no-season-is-asked-to-remain-in-order-to/,Yes,PASS
https://echobuddha.com/quotes/impermanence/the-fading-flower-does-not-make-its-blooming-less/,https://echobuddha.com/quotes/impermanence/the-fading-flower-does-not-make-its-blooming-less/,Yes,PASS
https://echobuddha.com/quotes/impermanence/the-passing-of-joy-teaches-gratitude-the-passing-of/,https://echobuddha.com/quotes/impermanence/the-passing-of-joy-teaches-gratitude-the-passing-of/,Yes,PASS
https://echobuddha.com/quotes/impermanence/todays-certainty-may-become-tomorrows-lesson-in-humility/,https://echobuddha.com/quotes/impermanence/todays-certainty-may-become-tomorrows-lesson-in-humility/,Yes,PASS
https://echobuddha.com/quotes/impermanence/what-changes-is-not-always-lost-sometimes-it-is/,https://echobuddha.com/quotes/impermanence/what-changes-is-not-always-lost-sometimes-it-is/,Yes,PASS
https://echobuddha.com/quotes/,https://echobuddha.com/quotes/,Yes,PASS
https://echobuddha.com/quotes/letting-go/an-open-hand-can-care-for-what-a-clenched/,https://echobuddha.com/quotes/letting-go/an-open-hand-can-care-for-what-a-clenched/,Yes,PASS
https://echobuddha.com/quotes/letting-go/caring-without-clinging/,https://echobuddha.com/quotes/letting-go/caring-without-clinging/,Yes,PASS
https://echobuddha.com/quotes/letting-go/forgiveness-without-approving-harm/,https://echobuddha.com/quotes/letting-go/forgiveness-without-approving-harm/,Yes,PASS
https://echobuddha.com/quotes/letting-go/freedom-often-sounds-like-the-quiet-end-of-an/,https://echobuddha.com/quotes/letting-go/freedom-often-sounds-like-the-quiet-end-of-an/,Yes,PASS
https://echobuddha.com/quotes/letting-go/,https://echobuddha.com/quotes/letting-go/,Yes,PASS
https://echobuddha.com/quotes/letting-go/let-the-feeling-pass-through-without-building-it-a/,https://echobuddha.com/quotes/letting-go/let-the-feeling-pass-through-without-building-it-a/,Yes,PASS
https://echobuddha.com/quotes/letting-go/letting-go-begins-by-admitting-how-tightly-you-are/,https://echobuddha.com/quotes/letting-go/letting-go-begins-by-admitting-how-tightly-you-are/,Yes,PASS
https://echobuddha.com/quotes/letting-go/open-hands-non-attachment/,https://echobuddha.com/quotes/letting-go/open-hands-non-attachment/,Yes,PASS
https://echobuddha.com/quotes/letting-go/peace-enters-when-control-is-no-longer-the-price/,https://echobuddha.com/quotes/letting-go/peace-enters-when-control-is-no-longer-the-price/,Yes,PASS
https://echobuddha.com/quotes/letting-go/release-the-need-to-replay-what-can-no-longer/,https://echobuddha.com/quotes/letting-go/release-the-need-to-replay-what-can-no-longer/,Yes,PASS
https://echobuddha.com/quotes/letting-go/release-the-outcome-but-keep-the-care-you-bring/,https://echobuddha.com/quotes/letting-go/release-the-outcome-but-keep-the-care-you-bring/,Yes,PASS
https://echobuddha.com/quotes/letting-go/soften-around-stress/,https://echobuddha.com/quotes/letting-go/soften-around-stress/,Yes,PASS
https://echobuddha.com/quotes/letting-go/what-leaves-your-life-may-still-leave-wisdom-behind/,https://echobuddha.com/quotes/letting-go/what-leaves-your-life-may-still-leave-wisdom-behind/,Yes,PASS
https://echobuddha.com/quotes/letting-go/where-attachment-begins/,https://echobuddha.com/quotes/letting-go/where-attachment-begins/,Yes,PASS
https://echobuddha.com/quotes/letting-go/you-can-honor-the-past-without-asking-it-to/,https://echobuddha.com/quotes/letting-go/you-can-honor-the-past-without-asking-it-to/,Yes,PASS
https://echobuddha.com/quotes/letting-go/you-do-not-betray-a-memory-by-allowing-yourself/,https://echobuddha.com/quotes/letting-go/you-do-not-betray-a-memory-by-allowing-yourself/,Yes,PASS
https://echobuddha.com/quotes/letting-go/you-do-not-need-to-carry-every-thought-that/,https://echobuddha.com/quotes/letting-go/you-do-not-need-to-carry-every-thought-that/,Yes,PASS
https://echobuddha.com/quotes/meditation/a-short-sincere-practice-can-steady-a-long-and/,https://echobuddha.com/quotes/meditation/a-short-sincere-practice-can-steady-a-long-and/,Yes,PASS
https://echobuddha.com/quotes/meditation/do-not-search-meditation-for-a-special-self-notice/,https://echobuddha.com/quotes/meditation/do-not-search-meditation-for-a-special-self-notice/,Yes,PASS
https://echobuddha.com/quotes/meditation/every-return-from-distraction-strengthens-the-path-home/,https://echobuddha.com/quotes/meditation/every-return-from-distraction-strengthens-the-path-home/,Yes,PASS
https://echobuddha.com/quotes/meditation/few-quiet-minutes/,https://echobuddha.com/quotes/meditation/few-quiet-minutes/,Yes,PASS
https://echobuddha.com/quotes/meditation/follow-the-breath-lightly-as-you-would-listen-to/,https://echobuddha.com/quotes/meditation/follow-the-breath-lightly-as-you-would-listen-to/,Yes,PASS
https://echobuddha.com/quotes/meditation/,https://echobuddha.com/quotes/meditation/,Yes,PASS
https://echobuddha.com/quotes/meditation/meditation-is-not-leaving-life-it-is-learning-how/,https://echobuddha.com/quotes/meditation/meditation-is-not-leaving-life-it-is-learning-how/,Yes,PASS
https://echobuddha.com/quotes/meditation/meditation-is-returning/,https://echobuddha.com/quotes/meditation/meditation-is-returning/,Yes,PASS
https://echobuddha.com/quotes/meditation/one-honest-breath/,https://echobuddha.com/quotes/meditation/one-honest-breath/,Yes,PASS
https://echobuddha.com/quotes/meditation/silence-is-not-empty-when-the-heart-is-listening/,https://echobuddha.com/quotes/meditation/silence-is-not-empty-when-the-heart-is-listening/,Yes,PASS
https://echobuddha.com/quotes/meditation/sit-with-the-day-as-it-is-before-asking/,https://echobuddha.com/quotes/meditation/sit-with-the-day-as-it-is-before-asking/,Yes,PASS
https://echobuddha.com/quotes/meditation/sit-without-demanding-silence-and-the-mind-will-teach/,https://echobuddha.com/quotes/meditation/sit-without-demanding-silence-and-the-mind-will-teach/,Yes,PASS
https://echobuddha.com/quotes/meditation/the-bell-fades-but-careful-listening-can-continue/,https://echobuddha.com/quotes/meditation/the-bell-fades-but-careful-listening-can-continue/,Yes,PASS
https://echobuddha.com/quotes/meditation/the-cushion-is-a-place-to-practice-returning-not/,https://echobuddha.com/quotes/meditation/the-cushion-is-a-place-to-practice-returning-not/,Yes,PASS
https://echobuddha.com/quotes/meditation/when-stillness-feels-impossible-begin-by-noticing-the-restlessness/,https://echobuddha.com/quotes/meditation/when-stillness-feels-impossible-begin-by-noticing-the-restlessness/,Yes,PASS
https://echobuddha.com/quotes/mindfulness/a-peaceful-mind-begins-with-one-honest-breath/,https://echobuddha.com/quotes/mindfulness/a-peaceful-mind-begins-with-one-honest-breath/,Yes,PASS
https://echobuddha.com/quotes/mindfulness/a-wandering-mind-is-not-a-failed-mind-it/,https://echobuddha.com/quotes/mindfulness/a-wandering-mind-is-not-a-failed-mind-it/,Yes,PASS
https://echobuddha.com/quotes/mindfulness/awareness-begins-when-hurry-loosens-its-hold/,https://echobuddha.com/quotes/mindfulness/awareness-begins-when-hurry-loosens-its-hold/,Yes,PASS
https://echobuddha.com/quotes/mindfulness/begin-the-day-with-awareness/,https://echobuddha.com/quotes/mindfulness/begin-the-day-with-awareness/,Yes,PASS
https://echobuddha.com/quotes/mindfulness/give-one-ordinary-task-the-dignity-of-your-full/,https://echobuddha.com/quotes/mindfulness/give-one-ordinary-task-the-dignity-of-your-full/,Yes,PASS
https://echobuddha.com/quotes/mindfulness/gratitude-notices-enough/,https://echobuddha.com/quotes/mindfulness/gratitude-notices-enough/,Yes,PASS
https://echobuddha.com/quotes/mindfulness/ground-yourself-gently/,https://echobuddha.com/quotes/mindfulness/ground-yourself-gently/,Yes,PASS
https://echobuddha.com/quotes/mindfulness/,https://echobuddha.com/quotes/mindfulness/,Yes,PASS
https://echobuddha.com/quotes/mindfulness/listen-before-answering/,https://echobuddha.com/quotes/mindfulness/listen-before-answering/,Yes,PASS
https://echobuddha.com/quotes/mindfulness/listen-to-the-moment-before-filling-it-with-your/,https://echobuddha.com/quotes/mindfulness/listen-to-the-moment-before-filling-it-with-your/,Yes,PASS
https://echobuddha.com/quotes/mindfulness/notice-what-is-here-before-deciding-what-it-means/,https://echobuddha.com/quotes/mindfulness/notice-what-is-here-before-deciding-what-it-means/,Yes,PASS
https://echobuddha.com/quotes/mindfulness/one-mindful-pause-can-change-the-direction-of-an/,https://echobuddha.com/quotes/mindfulness/one-mindful-pause-can-change-the-direction-of-an/,Yes,PASS
https://echobuddha.com/quotes/mindfulness/peace-begins-with-attention/,https://echobuddha.com/quotes/mindfulness/peace-begins-with-attention/,Yes,PASS
https://echobuddha.com/quotes/mindfulness/peace-grows-when-attention-stops-running-ahead-of-the/,https://echobuddha.com/quotes/mindfulness/peace-grows-when-attention-stops-running-ahead-of-the/,Yes,PASS
https://echobuddha.com/quotes/mindfulness/present-moment-one-step/,https://echobuddha.com/quotes/mindfulness/present-moment-one-step/,Yes,PASS
https://echobuddha.com/quotes/mindfulness/return-to-the-breath-before-you-return-to-the/,https://echobuddha.com/quotes/mindfulness/return-to-the-breath-before-you-return-to-the/,Yes,PASS
https://echobuddha.com/quotes/mindfulness/the-more-clearly-you-notice-life-the-less-carelessly/,https://echobuddha.com/quotes/mindfulness/the-more-clearly-you-notice-life-the-less-carelessly/,Yes,PASS
https://echobuddha.com/quotes/mindfulness/the-present-moment-asks-for-your-attention-not-your/,https://echobuddha.com/quotes/mindfulness/the-present-moment-asks-for-your-attention-not-your/,Yes,PASS
https://echobuddha.com/quotes/patience/a-difficult-moment-becomes-heavier-when-we-demand-that/,https://echobuddha.com/quotes/patience/a-difficult-moment-becomes-heavier-when-we-demand-that/,Yes,PASS
https://echobuddha.com/quotes/patience/be-patient-with-the-part-of-you-that-is/,https://echobuddha.com/quotes/patience/be-patient-with-the-part-of-you-that-is/,Yes,PASS
https://echobuddha.com/quotes/patience/family-kindness-and-patience/,https://echobuddha.com/quotes/patience/family-kindness-and-patience/,Yes,PASS
https://echobuddha.com/quotes/patience/growth-is-quiet-work-often-invisible-until-the-season/,https://echobuddha.com/quotes/patience/growth-is-quiet-work-often-invisible-until-the-season/,Yes,PASS
https://echobuddha.com/quotes/patience/,https://echobuddha.com/quotes/patience/,Yes,PASS
https://echobuddha.com/quotes/patience/not-every-delay-is-an-obstacle-some-are-invitations/,https://echobuddha.com/quotes/patience/not-every-delay-is-an-obstacle-some-are-invitations/,Yes,PASS
https://echobuddha.com/quotes/patience/patience-is-the-strength-to-remain-present-while-life/,https://echobuddha.com/quotes/patience/patience-is-the-strength-to-remain-present-while-life/,Yes,PASS
https://echobuddha.com/quotes/patience/patience-makes-room-for-truth-to-arrive-without-force/,https://echobuddha.com/quotes/patience/patience-makes-room-for-truth-to-arrive-without-force/,Yes,PASS
https://echobuddha.com/quotes/patience/patience-softens-the-wait/,https://echobuddha.com/quotes/patience/patience-softens-the-wait/,Yes,PASS
https://echobuddha.com/quotes/patience/some-answers-become-clear-only-after-the-mind-stops/,https://echobuddha.com/quotes/patience/some-answers-become-clear-only-after-the-mind-stops/,Yes,PASS
https://echobuddha.com/quotes/patience/stay-gentle-with-beginnings-they-are-carrying-more-than/,https://echobuddha.com/quotes/patience/stay-gentle-with-beginnings-they-are-carrying-more-than/,Yes,PASS
https://echobuddha.com/quotes/patience/the-path-unfolds-at-the-pace-of-sincere-practice/,https://echobuddha.com/quotes/patience/the-path-unfolds-at-the-pace-of-sincere-practice/,Yes,PASS
https://echobuddha.com/quotes/patience/wait-long-enough-for-the-first-reaction-to-become/,https://echobuddha.com/quotes/patience/wait-long-enough-for-the-first-reaction-to-become/,Yes,PASS
https://echobuddha.com/quotes/patience/when-anger-rises-pause-long-enough-to-see-the/,https://echobuddha.com/quotes/patience/when-anger-rises-pause-long-enough-to-see-the/,Yes,PASS
https://echobuddha.com/quotes/practice/a-peaceful-life-is-built-from-peaceful-moments-practiced/,https://echobuddha.com/quotes/practice/a-peaceful-life-is-built-from-peaceful-moments-practiced/,Yes,PASS
https://echobuddha.com/quotes/practice/begin-with-what-is-possible-then-return-tomorrow/,https://echobuddha.com/quotes/practice/begin-with-what-is-possible-then-return-tomorrow/,Yes,PASS
https://echobuddha.com/quotes/practice/bring-the-teaching-into-the-place-where-you-are/,https://echobuddha.com/quotes/practice/bring-the-teaching-into-the-place-where-you-are/,Yes,PASS
https://echobuddha.com/quotes/practice/daily-practice-turns-understanding-from-an-idea-into-a/,https://echobuddha.com/quotes/practice/daily-practice-turns-understanding-from-an-idea-into-a/,Yes,PASS
https://echobuddha.com/quotes/practice/do-not-wait-to-feel-ready-before-choosing-what/,https://echobuddha.com/quotes/practice/do-not-wait-to-feel-ready-before-choosing-what/,Yes,PASS
https://echobuddha.com/quotes/practice/eightfold-path-daily-choices/,https://echobuddha.com/quotes/practice/eightfold-path-daily-choices/,Yes,PASS
https://echobuddha.com/quotes/practice/,https://echobuddha.com/quotes/practice/,Yes,PASS
https://echobuddha.com/quotes/practice/mindfulness-at-work-breath/,https://echobuddha.com/quotes/practice/mindfulness-at-work-breath/,Yes,PASS
https://echobuddha.com/quotes/practice/practice-becomes-real-when-it-enters-your-speech-and/,https://echobuddha.com/quotes/practice/practice-becomes-real-when-it-enters-your-speech-and/,Yes,PASS
https://echobuddha.com/quotes/practice/right-intention-turns-the-heart/,https://echobuddha.com/quotes/practice/right-intention-turns-the-heart/,Yes,PASS
https://echobuddha.com/quotes/practice/small-actions-shape-the-mind/,https://echobuddha.com/quotes/practice/small-actions-shape-the-mind/,Yes,PASS
https://echobuddha.com/quotes/practice/the-path-is-not-far-away-it-is-the/,https://echobuddha.com/quotes/practice/the-path-is-not-far-away-it-is-the/,Yes,PASS
https://echobuddha.com/quotes/practice/the-path-is-shaped-by-what-you-repeat-when/,https://echobuddha.com/quotes/practice/the-path-is-shaped-by-what-you-repeat-when/,Yes,PASS
https://echobuddha.com/quotes/practice/the-smallest-wholesome-action-is-larger-than-the-finest/,https://echobuddha.com/quotes/practice/the-smallest-wholesome-action-is-larger-than-the-finest/,Yes,PASS
https://echobuddha.com/quotes/practice/walk-slowly-enough-to-notice-where-your-life-is/,https://echobuddha.com/quotes/practice/walk-slowly-enough-to-notice-where-your-life-is/,Yes,PASS
https://echobuddha.com/quotes/practice/your-next-response-is-always-part-of-the-path/,https://echobuddha.com/quotes/practice/your-next-response-is-always-part-of-the-path/,Yes,PASS
https://echobuddha.com/quotes/renewal/a-mistake-becomes-a-teacher-when-honesty-enters-the/,https://echobuddha.com/quotes/renewal/a-mistake-becomes-a-teacher-when-honesty-enters-the/,Yes,PASS
https://echobuddha.com/quotes/renewal/a-new-direction-can-start-with-one-different-choice/,https://echobuddha.com/quotes/renewal/a-new-direction-can-start-with-one-different-choice/,Yes,PASS
https://echobuddha.com/quotes/renewal/begin-again-gently-the-breath-is-always-willing/,https://echobuddha.com/quotes/renewal/begin-again-gently-the-breath-is-always-willing/,Yes,PASS
https://echobuddha.com/quotes/renewal/begin-again-without-shame/,https://echobuddha.com/quotes/renewal/begin-again-without-shame/,Yes,PASS
https://echobuddha.com/quotes/renewal/begin-again-without-turning-yesterday-into-a-sentence/,https://echobuddha.com/quotes/renewal/begin-again-without-turning-yesterday-into-a-sentence/,Yes,PASS
https://echobuddha.com/quotes/renewal/do-not-confuse-an-old-pattern-with-an-unchangeable/,https://echobuddha.com/quotes/renewal/do-not-confuse-an-old-pattern-with-an-unchangeable/,Yes,PASS
https://echobuddha.com/quotes/renewal/each-conscious-breath-is-a-small-vote-for-beginning/,https://echobuddha.com/quotes/renewal/each-conscious-breath-is-a-small-vote-for-beginning/,Yes,PASS
https://echobuddha.com/quotes/renewal/evening-release-reflection/,https://echobuddha.com/quotes/renewal/evening-release-reflection/,Yes,PASS
https://echobuddha.com/quotes/renewal/gentle-hope-keeps-walking/,https://echobuddha.com/quotes/renewal/gentle-hope-keeps-walking/,Yes,PASS
https://echobuddha.com/quotes/renewal/hope-can-be-quiet-and-still-keep-walking/,https://echobuddha.com/quotes/renewal/hope-can-be-quiet-and-still-keep-walking/,Yes,PASS
https://echobuddha.com/quotes/renewal/,https://echobuddha.com/quotes/renewal/,Yes,PASS
https://echobuddha.com/quotes/renewal/morning-is-not-the-only-time-a-life-can/,https://echobuddha.com/quotes/renewal/morning-is-not-the-only-time-a-life-can/,Yes,PASS
https://echobuddha.com/quotes/renewal/one-calm-morning-intention/,https://echobuddha.com/quotes/renewal/one-calm-morning-intention/,Yes,PASS
https://echobuddha.com/quotes/renewal/repair-what-you-can-forgive-what-you-cannot-redo/,https://echobuddha.com/quotes/renewal/repair-what-you-can-forgive-what-you-cannot-redo/,Yes,PASS
https://echobuddha.com/quotes/renewal/the-path-welcomes-your-return-more-often-than-pride/,https://echobuddha.com/quotes/renewal/the-path-welcomes-your-return-more-often-than-pride/,Yes,PASS
https://echobuddha.com/quotes/renewal/you-are-allowed-to-learn-slowly-and-still-be/,https://echobuddha.com/quotes/renewal/you-are-allowed-to-learn-slowly-and-still-be/,Yes,PASS
https://echobuddha.com/quotes/wisdom/a-clear-mind-can-hold-two-truths-without-rushing/,https://echobuddha.com/quotes/wisdom/a-clear-mind-can-hold-two-truths-without-rushing/,Yes,PASS
https://echobuddha.com/quotes/wisdom/a-useful-truth-is-carried-with-humility-not-used/,https://echobuddha.com/quotes/wisdom/a-useful-truth-is-carried-with-humility-not-used/,Yes,PASS
https://echobuddha.com/quotes/wisdom/contentment-with-what-is-here/,https://echobuddha.com/quotes/wisdom/contentment-with-what-is-here/,Yes,PASS
https://echobuddha.com/quotes/wisdom/difficult-people-and-boundaries/,https://echobuddha.com/quotes/wisdom/difficult-people-and-boundaries/,Yes,PASS
https://echobuddha.com/quotes/wisdom/,https://echobuddha.com/quotes/wisdom/,Yes,PASS
https://echobuddha.com/quotes/wisdom/karma-begins-in-intention/,https://echobuddha.com/quotes/wisdom/karma-begins-in-intention/,Yes,PASS
https://echobuddha.com/quotes/wisdom/knowing-when-not-to-speak-is-also-a-form/,https://echobuddha.com/quotes/wisdom/knowing-when-not-to-speak-is-also-a-form/,Yes,PASS
https://echobuddha.com/quotes/wisdom/learn-from-discomfort-without-turning-suffering-into-an-identity/,https://echobuddha.com/quotes/wisdom/learn-from-discomfort-without-turning-suffering-into-an-identity/,Yes,PASS
https://echobuddha.com/quotes/wisdom/right-speech-with-kindness/,https://echobuddha.com/quotes/wisdom/right-speech-with-kindness/,Yes,PASS
https://echobuddha.com/quotes/wisdom/see-the-conditions-behind-an-action-and-blame-may/,https://echobuddha.com/quotes/wisdom/see-the-conditions-behind-an-action-and-blame-may/,Yes,PASS
https://echobuddha.com/quotes/wisdom/simplicity-clears-the-room/,https://echobuddha.com/quotes/wisdom/simplicity-clears-the-room/,Yes,PASS
https://echobuddha.com/quotes/wisdom/the-lesson-repeats-until-attention-replaces-habit/,https://echobuddha.com/quotes/wisdom/the-lesson-repeats-until-attention-replaces-habit/,Yes,PASS
https://echobuddha.com/quotes/wisdom/the-wise-heart-changes-course-when-clearer-seeing-arrives/,https://echobuddha.com/quotes/wisdom/the-wise-heart-changes-course-when-clearer-seeing-arrives/,Yes,PASS
https://echobuddha.com/quotes/wisdom/understanding-suffering-honestly/,https://echobuddha.com/quotes/wisdom/understanding-suffering-honestly/,Yes,PASS
https://echobuddha.com/quotes/wisdom/what-feels-urgent-is-not-always-what-matters-most/,https://echobuddha.com/quotes/wisdom/what-feels-urgent-is-not-always-what-matters-most/,Yes,PASS
https://echobuddha.com/quotes/wisdom/wisdom-is-less-interested-in-winning-than-in-ending/,https://echobuddha.com/quotes/wisdom/wisdom-is-less-interested-in-winning-than-in-ending/,Yes,PASS
https://echobuddha.com/quotes/wisdom/wisdom-is-the-art-of-meeting-life-without-adding/,https://echobuddha.com/quotes/wisdom/wisdom-is-the-art-of-meeting-life-without-adding/,Yes,PASS
https://echobuddha.com/quotes/wisdom/wisdom-sees-clearly/,https://echobuddha.com/quotes/wisdom/wisdom-sees-clearly/,Yes,PASS
https://echobuddha.com/quotes/wisdom/wisdom-sees-the-whole-fire-not-only-the-spark/,https://echobuddha.com/quotes/wisdom/wisdom-sees-the-whole-fire-not-only-the-spark/,Yes,PASS
https://echobuddha.com/quotes/wisdom/wise-silence/,https://echobuddha.com/quotes/wisdom/wise-silence/,Yes,PASS
https://echobuddha.com/search/,https://echobuddha.com/search/,Yes,PASS
https://echobuddha.com/start-here/,https://echobuddha.com/start-here/,Yes,PASS
https://echobuddha.com/terms-of-use/,https://echobuddha.com/terms-of-use/,Yes,PASS
https://echobuddha.com/tools/,https://echobuddha.com/tools/,Yes,PASS
