route,quote,theme,status,label,shortLabel,sourceNote
/quotes/mindfulness/a-peaceful-mind-begins-with-one-honest-breath/,A peaceful mind begins with one honest breath.,Mindfulness,original-echo-buddha-quote,Original Echo Buddha quote,Original quote,"""A peaceful mind begins with one honest breath."" is original Echo Buddha editorial writing inspired by mindfulness practice and is not presented as a direct Buddha quote, scripture translation, or historical saying."
/quotes/compassion/let-kindness-be-the-echo-you-leave-in-every/,Let kindness be the echo you leave in every room.,Compassion,original-echo-buddha-quote,Original Echo Buddha quote,Original quote,"""Let kindness be the echo you leave in every room."" is original Echo Buddha editorial writing inspired by compassion practice and is not presented as a direct Buddha quote, scripture translation, or historical saying."
/quotes/patience/when-anger-rises-pause-long-enough-to-see-the/,"When anger rises, pause long enough to see the pain beneath it.",Patience,original-echo-buddha-quote,Original Echo Buddha quote,Original quote,"""When anger rises, pause long enough to see the pain beneath it."" is original Echo Buddha editorial writing inspired by patience practice and is not presented as a direct Buddha quote, scripture translation, or historical saying."
/quotes/awareness/small-acts-of-attention-can-turn-an-ordinary-day/,Small acts of attention can turn an ordinary day into a teacher.,Awareness,original-echo-buddha-quote,Original Echo Buddha quote,Original quote,"""Small acts of attention can turn an ordinary day into a teacher."" is original Echo Buddha editorial writing inspired by awareness practice and is not presented as a direct Buddha quote, scripture translation, or historical saying."
/quotes/practice/the-path-is-not-far-away-it-is-the/,The path is not far away; it is the next mindful step.,Practice,original-echo-buddha-quote,Original Echo Buddha quote,Original quote,"""The path is not far away; it is the next mindful step."" is original Echo Buddha editorial writing inspired by Buddhist daily practice and is not presented as a direct Buddha quote, scripture translation, or historical saying."
/quotes/letting-go/you-do-not-need-to-carry-every-thought-that/,You do not need to carry every thought that visits you.,Letting Go,original-echo-buddha-quote,Original Echo Buddha quote,Original quote,"""You do not need to carry every thought that visits you."" is original Echo Buddha editorial writing inspired by Buddhist non-attachment and letting-go practice and is not presented as a direct Buddha quote, scripture translation, or historical saying."
/quotes/compassion/compassion-grows-where-judgment-loosens-its-grip/,Compassion grows where judgment loosens its grip.,Compassion,original-echo-buddha-quote,Original Echo Buddha quote,Original quote,"""Compassion grows where judgment loosens its grip."" is original Echo Buddha editorial writing inspired by compassion practice and is not presented as a direct Buddha quote, scripture translation, or historical saying."
/quotes/meditation/silence-is-not-empty-when-the-heart-is-listening/,Silence is not empty when the heart is listening.,Meditation,original-echo-buddha-quote,Original Echo Buddha quote,Original quote,"""Silence is not empty when the heart is listening."" is original Echo Buddha editorial writing inspired by Buddhist meditation practice and is not presented as a direct Buddha quote, scripture translation, or historical saying."
/quotes/renewal/begin-again-gently-the-breath-is-always-willing/,Begin again gently; the breath is always willing.,Renewal,original-echo-buddha-quote,Original Echo Buddha quote,Original quote,"""Begin again gently; the breath is always willing."" is original Echo Buddha editorial writing inspired by renewal practice and is not presented as a direct Buddha quote, scripture translation, or historical saying."
/quotes/wisdom/wisdom-is-the-art-of-meeting-life-without-adding/,Wisdom is the art of meeting life without adding unnecessary suffering.,Wisdom,original-echo-buddha-quote,Original Echo Buddha quote,Original quote,"""Wisdom is the art of meeting life without adding unnecessary suffering."" is original Echo Buddha editorial writing inspired by wisdom practice and is not presented as a direct Buddha quote, scripture translation, or historical saying."
/quotes/mindfulness/return-to-the-breath-before-you-return-to-the/,Return to the breath before you return to the argument.,Mindfulness,original-echo-buddha-quote,Original Echo Buddha quote,Original quote,"""Return to the breath before you return to the argument."" is original Echo Buddha editorial writing inspired by mindfulness practice and is not presented as a direct Buddha quote, scripture translation, or historical saying."
/quotes/mindfulness/peace-grows-when-attention-stops-running-ahead-of-the/,Peace grows when attention stops running ahead of the moment.,Mindfulness,original-echo-buddha-quote,Original Echo Buddha quote,Original quote,"""Peace grows when attention stops running ahead of the moment."" is original Echo Buddha editorial writing inspired by mindfulness practice and is not presented as a direct Buddha quote, scripture translation, or historical saying."
/quotes/mindfulness/notice-what-is-here-before-deciding-what-it-means/,Notice what is here before deciding what it means.,Mindfulness,original-echo-buddha-quote,Original Echo Buddha quote,Original quote,"""Notice what is here before deciding what it means."" is original Echo Buddha editorial writing inspired by mindfulness practice and is not presented as a direct Buddha quote, scripture translation, or historical saying."
/quotes/mindfulness/one-mindful-pause-can-change-the-direction-of-an/,One mindful pause can change the direction of an entire day.,Mindfulness,original-echo-buddha-quote,Original Echo Buddha quote,Original quote,"""One mindful pause can change the direction of an entire day."" is original Echo Buddha editorial writing inspired by mindfulness practice and is not presented as a direct Buddha quote, scripture translation, or historical saying."
/quotes/mindfulness/the-present-moment-asks-for-your-attention-not-your/,"The present moment asks for your attention, not your perfection.",Mindfulness,original-echo-buddha-quote,Original Echo Buddha quote,Original quote,"""The present moment asks for your attention, not your perfection."" is original Echo Buddha editorial writing inspired by mindfulness practice and is not presented as a direct Buddha quote, scripture translation, or historical saying."
/quotes/mindfulness/awareness-begins-when-hurry-loosens-its-hold/,Awareness begins when hurry loosens its hold.,Mindfulness,original-echo-buddha-quote,Original Echo Buddha quote,Original quote,"""Awareness begins when hurry loosens its hold."" is original Echo Buddha editorial writing inspired by mindfulness practice and is not presented as a direct Buddha quote, scripture translation, or historical saying."
/quotes/mindfulness/listen-to-the-moment-before-filling-it-with-your/,Listen to the moment before filling it with your plans.,Mindfulness,original-echo-buddha-quote,Original Echo Buddha quote,Original quote,"""Listen to the moment before filling it with your plans."" is original Echo Buddha editorial writing inspired by mindfulness practice and is not presented as a direct Buddha quote, scripture translation, or historical saying."
/quotes/mindfulness/a-wandering-mind-is-not-a-failed-mind-it/,A wandering mind is not a failed mind; it is a mind ready to return.,Mindfulness,original-echo-buddha-quote,Original Echo Buddha quote,Original quote,"""A wandering mind is not a failed mind; it is a mind ready to return."" is original Echo Buddha editorial writing inspired by mindfulness practice and is not presented as a direct Buddha quote, scripture translation, or historical saying."
/quotes/mindfulness/give-one-ordinary-task-the-dignity-of-your-full/,Give one ordinary task the dignity of your full attention.,Mindfulness,original-echo-buddha-quote,Original Echo Buddha quote,Original quote,"""Give one ordinary task the dignity of your full attention."" is original Echo Buddha editorial writing inspired by mindfulness practice and is not presented as a direct Buddha quote, scripture translation, or historical saying."
/quotes/mindfulness/the-more-clearly-you-notice-life-the-less-carelessly/,"The more clearly you notice life, the less carelessly you move through it.",Mindfulness,original-echo-buddha-quote,Original Echo Buddha quote,Original quote,"""The more clearly you notice life, the less carelessly you move through it."" is original Echo Buddha editorial writing inspired by mindfulness practice and is not presented as a direct Buddha quote, scripture translation, or historical saying."
/quotes/compassion/kindness-does-not-need-an-audience-to-become-meaningful/,Kindness does not need an audience to become meaningful.,Compassion,original-echo-buddha-quote,Original Echo Buddha quote,Original quote,"""Kindness does not need an audience to become meaningful."" is original Echo Buddha editorial writing inspired by compassion practice and is not presented as a direct Buddha quote, scripture translation, or historical saying."
/quotes/compassion/before-judging-another-life-remember-how-much-of-your/,"Before judging another life, remember how much of your own remains unseen.",Compassion,original-echo-buddha-quote,Original Echo Buddha quote,Original quote,"""Before judging another life, remember how much of your own remains unseen."" is original Echo Buddha editorial writing inspired by compassion practice and is not presented as a direct Buddha quote, scripture translation, or historical saying."
/quotes/compassion/a-gentle-response-can-end-suffering-that-anger-would/,A gentle response can end suffering that anger would pass along.,Compassion,original-echo-buddha-quote,Original Echo Buddha quote,Original quote,"""A gentle response can end suffering that anger would pass along."" is original Echo Buddha editorial writing inspired by compassion practice and is not presented as a direct Buddha quote, scripture translation, or historical saying."
/quotes/compassion/compassion-asks-what-hurts-before-it-asks-who-is/,Compassion asks what hurts before it asks who is to blame.,Compassion,original-echo-buddha-quote,Original Echo Buddha quote,Original quote,"""Compassion asks what hurts before it asks who is to blame."" is original Echo Buddha editorial writing inspired by compassion practice and is not presented as a direct Buddha quote, scripture translation, or historical saying."
/quotes/compassion/offer-others-the-patience-you-hope-to-receive-on/,Offer others the patience you hope to receive on your difficult days.,Compassion,original-echo-buddha-quote,Original Echo Buddha quote,Original quote,"""Offer others the patience you hope to receive on your difficult days."" is original Echo Buddha editorial writing inspired by compassion practice and is not presented as a direct Buddha quote, scripture translation, or historical saying."
/quotes/compassion/to-understand-someone-is-not-to-excuse-harm-it/,To understand someone is not to excuse harm; it is to see more clearly.,Compassion,original-echo-buddha-quote,Original Echo Buddha quote,Original quote,"""To understand someone is not to excuse harm; it is to see more clearly."" is original Echo Buddha editorial writing inspired by compassion practice and is not presented as a direct Buddha quote, scripture translation, or historical saying."
/quotes/compassion/the-heart-becomes-spacious-each-time-it-chooses-care/,The heart becomes spacious each time it chooses care over contempt.,Compassion,original-echo-buddha-quote,Original Echo Buddha quote,Original quote,"""The heart becomes spacious each time it chooses care over contempt."" is original Echo Buddha editorial writing inspired by compassion practice and is not presented as a direct Buddha quote, scripture translation, or historical saying."
/quotes/compassion/small-kindnesses-often-reach-places-that-advice-cannot/,Small kindnesses often reach places that advice cannot.,Compassion,original-echo-buddha-quote,Original Echo Buddha quote,Original quote,"""Small kindnesses often reach places that advice cannot."" is original Echo Buddha editorial writing inspired by compassion practice and is not presented as a direct Buddha quote, scripture translation, or historical saying."
/quotes/compassion/let-your-boundaries-be-clear-and-your-heart-remain/,Let your boundaries be clear and your heart remain kind.,Compassion,original-echo-buddha-quote,Original Echo Buddha quote,Original quote,"""Let your boundaries be clear and your heart remain kind."" is original Echo Buddha editorial writing inspired by compassion practice and is not presented as a direct Buddha quote, scripture translation, or historical saying."
/quotes/compassion/when-you-cannot-remove-anothers-burden-do-not-add/,"When you cannot remove another's burden, do not add to its weight.",Compassion,original-echo-buddha-quote,Original Echo Buddha quote,Original quote,"""When you cannot remove another's burden, do not add to its weight."" is original Echo Buddha editorial writing inspired by compassion practice and is not presented as a direct Buddha quote, scripture translation, or historical saying."
/quotes/patience/patience-is-the-strength-to-remain-present-while-life/,Patience is the strength to remain present while life takes its time.,Patience,original-echo-buddha-quote,Original Echo Buddha quote,Original quote,"""Patience is the strength to remain present while life takes its time."" is original Echo Buddha editorial writing inspired by patience practice and is not presented as a direct Buddha quote, scripture translation, or historical saying."
/quotes/patience/not-every-delay-is-an-obstacle-some-are-invitations/,Not every delay is an obstacle; some are invitations to soften.,Patience,original-echo-buddha-quote,Original Echo Buddha quote,Original quote,"""Not every delay is an obstacle; some are invitations to soften."" is original Echo Buddha editorial writing inspired by patience practice and is not presented as a direct Buddha quote, scripture translation, or historical saying."
/quotes/patience/wait-long-enough-for-the-first-reaction-to-become/,Wait long enough for the first reaction to become a wiser response.,Patience,original-echo-buddha-quote,Original Echo Buddha quote,Original quote,"""Wait long enough for the first reaction to become a wiser response."" is original Echo Buddha editorial writing inspired by patience practice and is not presented as a direct Buddha quote, scripture translation, or historical saying."
/quotes/patience/growth-is-quiet-work-often-invisible-until-the-season/,"Growth is quiet work, often invisible until the season changes.",Patience,original-echo-buddha-quote,Original Echo Buddha quote,Original quote,"""Growth is quiet work, often invisible until the season changes."" is original Echo Buddha editorial writing inspired by patience practice and is not presented as a direct Buddha quote, scripture translation, or historical saying."
/quotes/patience/be-patient-with-the-part-of-you-that-is/,Be patient with the part of you that is still learning what peace feels like.,Patience,original-echo-buddha-quote,Original Echo Buddha quote,Original quote,"""Be patient with the part of you that is still learning what peace feels like."" is original Echo Buddha editorial writing inspired by patience practice and is not presented as a direct Buddha quote, scripture translation, or historical saying."
/quotes/patience/a-difficult-moment-becomes-heavier-when-we-demand-that/,A difficult moment becomes heavier when we demand that it end immediately.,Patience,original-echo-buddha-quote,Original Echo Buddha quote,Original quote,"""A difficult moment becomes heavier when we demand that it end immediately."" is original Echo Buddha editorial writing inspired by patience practice and is not presented as a direct Buddha quote, scripture translation, or historical saying."
/quotes/patience/patience-makes-room-for-truth-to-arrive-without-force/,Patience makes room for truth to arrive without force.,Patience,original-echo-buddha-quote,Original Echo Buddha quote,Original quote,"""Patience makes room for truth to arrive without force."" is original Echo Buddha editorial writing inspired by patience practice and is not presented as a direct Buddha quote, scripture translation, or historical saying."
/quotes/patience/the-path-unfolds-at-the-pace-of-sincere-practice/,"The path unfolds at the pace of sincere practice, not restless comparison.",Patience,original-echo-buddha-quote,Original Echo Buddha quote,Original quote,"""The path unfolds at the pace of sincere practice, not restless comparison."" is original Echo Buddha editorial writing inspired by patience practice and is not presented as a direct Buddha quote, scripture translation, or historical saying."
/quotes/patience/some-answers-become-clear-only-after-the-mind-stops/,Some answers become clear only after the mind stops chasing them.,Patience,original-echo-buddha-quote,Original Echo Buddha quote,Original quote,"""Some answers become clear only after the mind stops chasing them."" is original Echo Buddha editorial writing inspired by patience practice and is not presented as a direct Buddha quote, scripture translation, or historical saying."
/quotes/patience/stay-gentle-with-beginnings-they-are-carrying-more-than/,Stay gentle with beginnings; they are carrying more than they can show.,Patience,original-echo-buddha-quote,Original Echo Buddha quote,Original quote,"""Stay gentle with beginnings; they are carrying more than they can show."" is original Echo Buddha editorial writing inspired by patience practice and is not presented as a direct Buddha quote, scripture translation, or historical saying."
/quotes/letting-go/letting-go-begins-by-admitting-how-tightly-you-are/,Letting go begins by admitting how tightly you are holding.,Letting Go,original-echo-buddha-quote,Original Echo Buddha quote,Original quote,"""Letting go begins by admitting how tightly you are holding."" is original Echo Buddha editorial writing inspired by Buddhist non-attachment and letting-go practice and is not presented as a direct Buddha quote, scripture translation, or historical saying."
/quotes/letting-go/release-the-need-to-replay-what-can-no-longer/,Release the need to replay what can no longer be changed.,Letting Go,original-echo-buddha-quote,Original Echo Buddha quote,Original quote,"""Release the need to replay what can no longer be changed."" is original Echo Buddha editorial writing inspired by Buddhist non-attachment and letting-go practice and is not presented as a direct Buddha quote, scripture translation, or historical saying."
/quotes/letting-go/you-can-honor-the-past-without-asking-it-to/,You can honor the past without asking it to become your home.,Letting Go,original-echo-buddha-quote,Original Echo Buddha quote,Original quote,"""You can honor the past without asking it to become your home."" is original Echo Buddha editorial writing inspired by Buddhist non-attachment and letting-go practice and is not presented as a direct Buddha quote, scripture translation, or historical saying."
/quotes/letting-go/an-open-hand-can-care-for-what-a-clenched/,An open hand can care for what a clenched fist cannot.,Letting Go,original-echo-buddha-quote,Original Echo Buddha quote,Original quote,"""An open hand can care for what a clenched fist cannot."" is original Echo Buddha editorial writing inspired by Buddhist non-attachment and letting-go practice and is not presented as a direct Buddha quote, scripture translation, or historical saying."
/quotes/letting-go/peace-enters-when-control-is-no-longer-the-price/,Peace enters when control is no longer the price of feeling safe.,Letting Go,original-echo-buddha-quote,Original Echo Buddha quote,Original quote,"""Peace enters when control is no longer the price of feeling safe."" is original Echo Buddha editorial writing inspired by Buddhist non-attachment and letting-go practice and is not presented as a direct Buddha quote, scripture translation, or historical saying."
/quotes/letting-go/release-the-outcome-but-keep-the-care-you-bring/,"Release the outcome, but keep the care you bring to the work.",Letting Go,original-echo-buddha-quote,Original Echo Buddha quote,Original quote,"""Release the outcome, but keep the care you bring to the work."" is original Echo Buddha editorial writing inspired by Buddhist non-attachment and letting-go practice and is not presented as a direct Buddha quote, scripture translation, or historical saying."
/quotes/letting-go/what-leaves-your-life-may-still-leave-wisdom-behind/,What leaves your life may still leave wisdom behind.,Letting Go,original-echo-buddha-quote,Original Echo Buddha quote,Original quote,"""What leaves your life may still leave wisdom behind."" is original Echo Buddha editorial writing inspired by Buddhist non-attachment and letting-go practice and is not presented as a direct Buddha quote, scripture translation, or historical saying."
/quotes/letting-go/you-do-not-betray-a-memory-by-allowing-yourself/,You do not betray a memory by allowing yourself to move forward.,Letting Go,original-echo-buddha-quote,Original Echo Buddha quote,Original quote,"""You do not betray a memory by allowing yourself to move forward."" is original Echo Buddha editorial writing inspired by Buddhist non-attachment and letting-go practice and is not presented as a direct Buddha quote, scripture translation, or historical saying."
/quotes/letting-go/let-the-feeling-pass-through-without-building-it-a/,Let the feeling pass through without building it a permanent room.,Letting Go,original-echo-buddha-quote,Original Echo Buddha quote,Original quote,"""Let the feeling pass through without building it a permanent room."" is original Echo Buddha editorial writing inspired by Buddhist non-attachment and letting-go practice and is not presented as a direct Buddha quote, scripture translation, or historical saying."
/quotes/letting-go/freedom-often-sounds-like-the-quiet-end-of-an/,Freedom often sounds like the quiet end of an inner argument.,Letting Go,original-echo-buddha-quote,Original Echo Buddha quote,Original quote,"""Freedom often sounds like the quiet end of an inner argument."" is original Echo Buddha editorial writing inspired by Buddhist non-attachment and letting-go practice and is not presented as a direct Buddha quote, scripture translation, or historical saying."
/quotes/meditation/meditation-is-not-leaving-life-it-is-learning-how/,Meditation is not leaving life; it is learning how to be here.,Meditation,original-echo-buddha-quote,Original Echo Buddha quote,Original quote,"""Meditation is not leaving life; it is learning how to be here."" is original Echo Buddha editorial writing inspired by Buddhist meditation practice and is not presented as a direct Buddha quote, scripture translation, or historical saying."
/quotes/meditation/sit-without-demanding-silence-and-the-mind-will-teach/,"Sit without demanding silence, and the mind will teach you how it moves.",Meditation,original-echo-buddha-quote,Original Echo Buddha quote,Original quote,"""Sit without demanding silence, and the mind will teach you how it moves."" is original Echo Buddha editorial writing inspired by Buddhist meditation practice and is not presented as a direct Buddha quote, scripture translation, or historical saying."
/quotes/meditation/the-cushion-is-a-place-to-practice-returning-not/,"The cushion is a place to practice returning, not a place to perform calm.",Meditation,original-echo-buddha-quote,Original Echo Buddha quote,Original quote,"""The cushion is a place to practice returning, not a place to perform calm."" is original Echo Buddha editorial writing inspired by Buddhist meditation practice and is not presented as a direct Buddha quote, scripture translation, or historical saying."
/quotes/meditation/follow-the-breath-lightly-as-you-would-listen-to/,"Follow the breath lightly, as you would listen to rain.",Meditation,original-echo-buddha-quote,Original Echo Buddha quote,Original quote,"""Follow the breath lightly, as you would listen to rain."" is original Echo Buddha editorial writing inspired by Buddhist meditation practice and is not presented as a direct Buddha quote, scripture translation, or historical saying."
/quotes/meditation/a-short-sincere-practice-can-steady-a-long-and/,A short sincere practice can steady a long and complicated day.,Meditation,original-echo-buddha-quote,Original Echo Buddha quote,Original quote,"""A short sincere practice can steady a long and complicated day."" is original Echo Buddha editorial writing inspired by Buddhist meditation practice and is not presented as a direct Buddha quote, scripture translation, or historical saying."
/quotes/meditation/when-stillness-feels-impossible-begin-by-noticing-the-restlessness/,"When stillness feels impossible, begin by noticing the restlessness.",Meditation,original-echo-buddha-quote,Original Echo Buddha quote,Original quote,"""When stillness feels impossible, begin by noticing the restlessness."" is original Echo Buddha editorial writing inspired by Buddhist meditation practice and is not presented as a direct Buddha quote, scripture translation, or historical saying."
/quotes/meditation/every-return-from-distraction-strengthens-the-path-home/,Every return from distraction strengthens the path home.,Meditation,original-echo-buddha-quote,Original Echo Buddha quote,Original quote,"""Every return from distraction strengthens the path home."" is original Echo Buddha editorial writing inspired by Buddhist meditation practice and is not presented as a direct Buddha quote, scripture translation, or historical saying."
/quotes/meditation/do-not-search-meditation-for-a-special-self-notice/,Do not search meditation for a special self; notice the self already searching.,Meditation,original-echo-buddha-quote,Original Echo Buddha quote,Original quote,"""Do not search meditation for a special self; notice the self already searching."" is original Echo Buddha editorial writing inspired by Buddhist meditation practice and is not presented as a direct Buddha quote, scripture translation, or historical saying."
/quotes/meditation/sit-with-the-day-as-it-is-before-asking/,"Sit with the day as it is, before asking it to be different.",Meditation,original-echo-buddha-quote,Original Echo Buddha quote,Original quote,"""Sit with the day as it is, before asking it to be different."" is original Echo Buddha editorial writing inspired by Buddhist meditation practice and is not presented as a direct Buddha quote, scripture translation, or historical saying."
/quotes/meditation/the-bell-fades-but-careful-listening-can-continue/,"The bell fades, but careful listening can continue.",Meditation,original-echo-buddha-quote,Original Echo Buddha quote,Original quote,"""The bell fades, but careful listening can continue."" is original Echo Buddha editorial writing inspired by Buddhist meditation practice and is not presented as a direct Buddha quote, scripture translation, or historical saying."
/quotes/wisdom/wisdom-sees-the-whole-fire-not-only-the-spark/,"Wisdom sees the whole fire, not only the spark that caused it.",Wisdom,original-echo-buddha-quote,Original Echo Buddha quote,Original quote,"""Wisdom sees the whole fire, not only the spark that caused it."" is original Echo Buddha editorial writing inspired by wisdom practice and is not presented as a direct Buddha quote, scripture translation, or historical saying."
/quotes/wisdom/a-clear-mind-can-hold-two-truths-without-rushing/,A clear mind can hold two truths without rushing to make one disappear.,Wisdom,original-echo-buddha-quote,Original Echo Buddha quote,Original quote,"""A clear mind can hold two truths without rushing to make one disappear."" is original Echo Buddha editorial writing inspired by wisdom practice and is not presented as a direct Buddha quote, scripture translation, or historical saying."
/quotes/wisdom/knowing-when-not-to-speak-is-also-a-form/,Knowing when not to speak is also a form of honest speech.,Wisdom,original-echo-buddha-quote,Original Echo Buddha quote,Original quote,"""Knowing when not to speak is also a form of honest speech."" is original Echo Buddha editorial writing inspired by wisdom practice and is not presented as a direct Buddha quote, scripture translation, or historical saying."
/quotes/wisdom/the-lesson-repeats-until-attention-replaces-habit/,The lesson repeats until attention replaces habit.,Wisdom,original-echo-buddha-quote,Original Echo Buddha quote,Original quote,"""The lesson repeats until attention replaces habit."" is original Echo Buddha editorial writing inspired by wisdom practice and is not presented as a direct Buddha quote, scripture translation, or historical saying."
/quotes/wisdom/what-feels-urgent-is-not-always-what-matters-most/,What feels urgent is not always what matters most.,Wisdom,original-echo-buddha-quote,Original Echo Buddha quote,Original quote,"""What feels urgent is not always what matters most."" is original Echo Buddha editorial writing inspired by wisdom practice and is not presented as a direct Buddha quote, scripture translation, or historical saying."
/quotes/wisdom/wisdom-is-less-interested-in-winning-than-in-ending/,Wisdom is less interested in winning than in ending needless harm.,Wisdom,original-echo-buddha-quote,Original Echo Buddha quote,Original quote,"""Wisdom is less interested in winning than in ending needless harm."" is original Echo Buddha editorial writing inspired by wisdom practice and is not presented as a direct Buddha quote, scripture translation, or historical saying."
/quotes/wisdom/see-the-conditions-behind-an-action-and-blame-may/,"See the conditions behind an action, and blame may soften into understanding.",Wisdom,original-echo-buddha-quote,Original Echo Buddha quote,Original quote,"""See the conditions behind an action, and blame may soften into understanding."" is original Echo Buddha editorial writing inspired by wisdom practice and is not presented as a direct Buddha quote, scripture translation, or historical saying."
/quotes/wisdom/a-useful-truth-is-carried-with-humility-not-used/,"A useful truth is carried with humility, not used as a weapon.",Wisdom,original-echo-buddha-quote,Original Echo Buddha quote,Original quote,"""A useful truth is carried with humility, not used as a weapon."" is original Echo Buddha editorial writing inspired by wisdom practice and is not presented as a direct Buddha quote, scripture translation, or historical saying."
/quotes/wisdom/learn-from-discomfort-without-turning-suffering-into-an-identity/,Learn from discomfort without turning suffering into an identity.,Wisdom,original-echo-buddha-quote,Original Echo Buddha quote,Original quote,"""Learn from discomfort without turning suffering into an identity."" is original Echo Buddha editorial writing inspired by wisdom practice and is not presented as a direct Buddha quote, scripture translation, or historical saying."
/quotes/wisdom/the-wise-heart-changes-course-when-clearer-seeing-arrives/,The wise heart changes course when clearer seeing arrives.,Wisdom,original-echo-buddha-quote,Original Echo Buddha quote,Original quote,"""The wise heart changes course when clearer seeing arrives."" is original Echo Buddha editorial writing inspired by wisdom practice and is not presented as a direct Buddha quote, scripture translation, or historical saying."
/quotes/impermanence/everything-changes-including-the-part-of-you-that-fears/,"Everything changes, including the part of you that fears change.",Impermanence,original-echo-buddha-quote,Original Echo Buddha quote,Original quote,"""Everything changes, including the part of you that fears change."" is original Echo Buddha editorial writing inspired by impermanence practice and is not presented as a direct Buddha quote, scripture translation, or historical saying."
/quotes/impermanence/the-fading-flower-does-not-make-its-blooming-less/,The fading flower does not make its blooming less beautiful.,Impermanence,original-echo-buddha-quote,Original Echo Buddha quote,Original quote,"""The fading flower does not make its blooming less beautiful."" is original Echo Buddha editorial writing inspired by impermanence practice and is not presented as a direct Buddha quote, scripture translation, or historical saying."
/quotes/impermanence/because-this-moment-will-pass-meet-it-while-it/,"Because this moment will pass, meet it while it is here.",Impermanence,original-echo-buddha-quote,Original Echo Buddha quote,Original quote,"""Because this moment will pass, meet it while it is here."" is original Echo Buddha editorial writing inspired by impermanence practice and is not presented as a direct Buddha quote, scripture translation, or historical saying."
/quotes/impermanence/change-takes-nothing-personally-it-simply-continues/,Change takes nothing personally; it simply continues.,Impermanence,original-echo-buddha-quote,Original Echo Buddha quote,Original quote,"""Change takes nothing personally; it simply continues."" is original Echo Buddha editorial writing inspired by impermanence practice and is not presented as a direct Buddha quote, scripture translation, or historical saying."
/quotes/impermanence/todays-certainty-may-become-tomorrows-lesson-in-humility/,Today's certainty may become tomorrow's lesson in humility.,Impermanence,original-echo-buddha-quote,Original Echo Buddha quote,Original quote,"""Today's certainty may become tomorrow's lesson in humility."" is original Echo Buddha editorial writing inspired by impermanence practice and is not presented as a direct Buddha quote, scripture translation, or historical saying."
/quotes/impermanence/the-passing-of-joy-teaches-gratitude-the-passing-of/,The passing of joy teaches gratitude; the passing of pain teaches hope.,Impermanence,original-echo-buddha-quote,Original Echo Buddha quote,Original quote,"""The passing of joy teaches gratitude; the passing of pain teaches hope."" is original Echo Buddha editorial writing inspired by impermanence practice and is not presented as a direct Buddha quote, scripture translation, or historical saying."
/quotes/impermanence/no-season-is-asked-to-remain-in-order-to/,No season is asked to remain in order to be loved.,Impermanence,original-echo-buddha-quote,Original Echo Buddha quote,Original quote,"""No season is asked to remain in order to be loved."" is original Echo Buddha editorial writing inspired by impermanence practice and is not presented as a direct Buddha quote, scripture translation, or historical saying."
/quotes/impermanence/hold-each-day-carefully-knowing-it-cannot-be-held/,"Hold each day carefully, knowing it cannot be held forever.",Impermanence,original-echo-buddha-quote,Original Echo Buddha quote,Original quote,"""Hold each day carefully, knowing it cannot be held forever."" is original Echo Buddha editorial writing inspired by impermanence practice and is not presented as a direct Buddha quote, scripture translation, or historical saying."
/quotes/impermanence/what-changes-is-not-always-lost-sometimes-it-is/,What changes is not always lost; sometimes it is being transformed.,Impermanence,original-echo-buddha-quote,Original Echo Buddha quote,Original quote,"""What changes is not always lost; sometimes it is being transformed."" is original Echo Buddha editorial writing inspired by impermanence practice and is not presented as a direct Buddha quote, scripture translation, or historical saying."
/quotes/impermanence/acceptance-begins-where-the-argument-with-change-ends/,Acceptance begins where the argument with change ends.,Impermanence,original-echo-buddha-quote,Original Echo Buddha quote,Original quote,"""Acceptance begins where the argument with change ends."" is original Echo Buddha editorial writing inspired by impermanence practice and is not presented as a direct Buddha quote, scripture translation, or historical saying."
/quotes/practice/walk-slowly-enough-to-notice-where-your-life-is/,Walk slowly enough to notice where your life is actually happening.,Practice,original-echo-buddha-quote,Original Echo Buddha quote,Original quote,"""Walk slowly enough to notice where your life is actually happening."" is original Echo Buddha editorial writing inspired by Buddhist daily practice and is not presented as a direct Buddha quote, scripture translation, or historical saying."
/quotes/practice/practice-becomes-real-when-it-enters-your-speech-and/,Practice becomes real when it enters your speech and choices.,Practice,original-echo-buddha-quote,Original Echo Buddha quote,Original quote,"""Practice becomes real when it enters your speech and choices."" is original Echo Buddha editorial writing inspired by Buddhist daily practice and is not presented as a direct Buddha quote, scripture translation, or historical saying."
/quotes/practice/the-smallest-wholesome-action-is-larger-than-the-finest/,The smallest wholesome action is larger than the finest untested intention.,Practice,original-echo-buddha-quote,Original Echo Buddha quote,Original quote,"""The smallest wholesome action is larger than the finest untested intention."" is original Echo Buddha editorial writing inspired by Buddhist daily practice and is not presented as a direct Buddha quote, scripture translation, or historical saying."
/quotes/practice/do-not-wait-to-feel-ready-before-choosing-what/,Do not wait to feel ready before choosing what is kind.,Practice,original-echo-buddha-quote,Original Echo Buddha quote,Original quote,"""Do not wait to feel ready before choosing what is kind."" is original Echo Buddha editorial writing inspired by Buddhist daily practice and is not presented as a direct Buddha quote, scripture translation, or historical saying."
/quotes/practice/your-next-response-is-always-part-of-the-path/,Your next response is always part of the path.,Practice,original-echo-buddha-quote,Original Echo Buddha quote,Original quote,"""Your next response is always part of the path."" is original Echo Buddha editorial writing inspired by Buddhist daily practice and is not presented as a direct Buddha quote, scripture translation, or historical saying."
/quotes/practice/a-peaceful-life-is-built-from-peaceful-moments-practiced/,A peaceful life is built from peaceful moments practiced repeatedly.,Practice,original-echo-buddha-quote,Original Echo Buddha quote,Original quote,"""A peaceful life is built from peaceful moments practiced repeatedly."" is original Echo Buddha editorial writing inspired by Buddhist daily practice and is not presented as a direct Buddha quote, scripture translation, or historical saying."
/quotes/practice/bring-the-teaching-into-the-place-where-you-are/,Bring the teaching into the place where you are most easily irritated.,Practice,original-echo-buddha-quote,Original Echo Buddha quote,Original quote,"""Bring the teaching into the place where you are most easily irritated."" is original Echo Buddha editorial writing inspired by Buddhist daily practice and is not presented as a direct Buddha quote, scripture translation, or historical saying."
/quotes/practice/daily-practice-turns-understanding-from-an-idea-into-a/,Daily practice turns understanding from an idea into a way of living.,Practice,original-echo-buddha-quote,Original Echo Buddha quote,Original quote,"""Daily practice turns understanding from an idea into a way of living."" is original Echo Buddha editorial writing inspired by Buddhist daily practice and is not presented as a direct Buddha quote, scripture translation, or historical saying."
/quotes/practice/begin-with-what-is-possible-then-return-tomorrow/,"Begin with what is possible, then return tomorrow.",Practice,original-echo-buddha-quote,Original Echo Buddha quote,Original quote,"""Begin with what is possible, then return tomorrow."" is original Echo Buddha editorial writing inspired by Buddhist daily practice and is not presented as a direct Buddha quote, scripture translation, or historical saying."
/quotes/practice/the-path-is-shaped-by-what-you-repeat-when/,The path is shaped by what you repeat when no one is watching.,Practice,original-echo-buddha-quote,Original Echo Buddha quote,Original quote,"""The path is shaped by what you repeat when no one is watching."" is original Echo Buddha editorial writing inspired by Buddhist daily practice and is not presented as a direct Buddha quote, scripture translation, or historical saying."
/quotes/awareness/anger-asks-for-speed-awareness-asks-for-one-more/,Anger asks for speed; awareness asks for one more breath.,Awareness,original-echo-buddha-quote,Original Echo Buddha quote,Original quote,"""Anger asks for speed; awareness asks for one more breath."" is original Echo Buddha editorial writing inspired by awareness practice and is not presented as a direct Buddha quote, scripture translation, or historical saying."
/quotes/awareness/name-the-feeling-gently-and-it-may-stop-speaking/,"Name the feeling gently, and it may stop speaking for your whole life.",Awareness,original-echo-buddha-quote,Original Echo Buddha quote,Original quote,"""Name the feeling gently, and it may stop speaking for your whole life."" is original Echo Buddha editorial writing inspired by awareness practice and is not presented as a direct Buddha quote, scripture translation, or historical saying."
/quotes/awareness/the-body-often-knows-you-are-overwhelmed-before-the/,The body often knows you are overwhelmed before the mind admits it.,Awareness,original-echo-buddha-quote,Original Echo Buddha quote,Original quote,"""The body often knows you are overwhelmed before the mind admits it."" is original Echo Buddha editorial writing inspired by awareness practice and is not presented as a direct Buddha quote, scripture translation, or historical saying."
/quotes/awareness/awareness-does-not-remove-the-storm-it-keeps-you/,Awareness does not remove the storm; it keeps you from becoming every cloud.,Awareness,original-echo-buddha-quote,Original Echo Buddha quote,Original quote,"""Awareness does not remove the storm; it keeps you from becoming every cloud."" is original Echo Buddha editorial writing inspired by awareness practice and is not presented as a direct Buddha quote, scripture translation, or historical saying."
/quotes/awareness/look-beneath-the-reaction-and-you-may-find-a/,Look beneath the reaction and you may find a need asking to be understood.,Awareness,original-echo-buddha-quote,Original Echo Buddha quote,Original quote,"""Look beneath the reaction and you may find a need asking to be understood."" is original Echo Buddha editorial writing inspired by awareness practice and is not presented as a direct Buddha quote, scripture translation, or historical saying."
/quotes/awareness/what-you-can-observe-clearly-no-longer-controls-you/,What you can observe clearly no longer controls you in quite the same way.,Awareness,original-echo-buddha-quote,Original Echo Buddha quote,Original quote,"""What you can observe clearly no longer controls you in quite the same way."" is original Echo Buddha editorial writing inspired by awareness practice and is not presented as a direct Buddha quote, scripture translation, or historical saying."
/quotes/awareness/feelings-are-honest-about-their-presence-not-always-about/,"Feelings are honest about their presence, not always about their conclusions.",Awareness,original-echo-buddha-quote,Original Echo Buddha quote,Original quote,"""Feelings are honest about their presence, not always about their conclusions."" is original Echo Buddha editorial writing inspired by awareness practice and is not presented as a direct Buddha quote, scripture translation, or historical saying."
/quotes/awareness/notice-the-habit-before-trying-to-become-someone-without/,Notice the habit before trying to become someone without it.,Awareness,original-echo-buddha-quote,Original Echo Buddha quote,Original quote,"""Notice the habit before trying to become someone without it."" is original Echo Buddha editorial writing inspired by awareness practice and is not presented as a direct Buddha quote, scripture translation, or historical saying."
/quotes/awareness/when-the-mind-tightens-let-the-body-be-your/,"When the mind tightens, let the body be your first teacher.",Awareness,original-echo-buddha-quote,Original Echo Buddha quote,Original quote,"""When the mind tightens, let the body be your first teacher."" is original Echo Buddha editorial writing inspired by awareness practice and is not presented as a direct Buddha quote, scripture translation, or historical saying."
/quotes/awareness/clear-seeing-begins-with-the-courage-to-stop-looking/,Clear seeing begins with the courage to stop looking away.,Awareness,original-echo-buddha-quote,Original Echo Buddha quote,Original quote,"""Clear seeing begins with the courage to stop looking away."" is original Echo Buddha editorial writing inspired by awareness practice and is not presented as a direct Buddha quote, scripture translation, or historical saying."
/quotes/renewal/begin-again-without-turning-yesterday-into-a-sentence/,Begin again without turning yesterday into a sentence.,Renewal,original-echo-buddha-quote,Original Echo Buddha quote,Original quote,"""Begin again without turning yesterday into a sentence."" is original Echo Buddha editorial writing inspired by renewal practice and is not presented as a direct Buddha quote, scripture translation, or historical saying."
/quotes/renewal/a-new-direction-can-start-with-one-different-choice/,A new direction can start with one different choice.,Renewal,original-echo-buddha-quote,Original Echo Buddha quote,Original quote,"""A new direction can start with one different choice."" is original Echo Buddha editorial writing inspired by renewal practice and is not presented as a direct Buddha quote, scripture translation, or historical saying."
/quotes/renewal/the-path-welcomes-your-return-more-often-than-pride/,The path welcomes your return more often than pride allows.,Renewal,original-echo-buddha-quote,Original Echo Buddha quote,Original quote,"""The path welcomes your return more often than pride allows."" is original Echo Buddha editorial writing inspired by renewal practice and is not presented as a direct Buddha quote, scripture translation, or historical saying."
/quotes/renewal/you-are-allowed-to-learn-slowly-and-still-be/,You are allowed to learn slowly and still be changing.,Renewal,original-echo-buddha-quote,Original Echo Buddha quote,Original quote,"""You are allowed to learn slowly and still be changing."" is original Echo Buddha editorial writing inspired by renewal practice and is not presented as a direct Buddha quote, scripture translation, or historical saying."
/quotes/renewal/morning-is-not-the-only-time-a-life-can/,Morning is not the only time a life can begin again.,Renewal,original-echo-buddha-quote,Original Echo Buddha quote,Original quote,"""Morning is not the only time a life can begin again."" is original Echo Buddha editorial writing inspired by renewal practice and is not presented as a direct Buddha quote, scripture translation, or historical saying."
/quotes/renewal/repair-what-you-can-forgive-what-you-cannot-redo/,"Repair what you can, forgive what you cannot redo, and continue with care.",Renewal,original-echo-buddha-quote,Original Echo Buddha quote,Original quote,"""Repair what you can, forgive what you cannot redo, and continue with care."" is original Echo Buddha editorial writing inspired by renewal practice and is not presented as a direct Buddha quote, scripture translation, or historical saying."
/quotes/renewal/a-mistake-becomes-a-teacher-when-honesty-enters-the/,A mistake becomes a teacher when honesty enters the room.,Renewal,original-echo-buddha-quote,Original Echo Buddha quote,Original quote,"""A mistake becomes a teacher when honesty enters the room."" is original Echo Buddha editorial writing inspired by renewal practice and is not presented as a direct Buddha quote, scripture translation, or historical saying."
/quotes/renewal/do-not-confuse-an-old-pattern-with-an-unchangeable/,Do not confuse an old pattern with an unchangeable nature.,Renewal,original-echo-buddha-quote,Original Echo Buddha quote,Original quote,"""Do not confuse an old pattern with an unchangeable nature."" is original Echo Buddha editorial writing inspired by renewal practice and is not presented as a direct Buddha quote, scripture translation, or historical saying."
/quotes/renewal/hope-can-be-quiet-and-still-keep-walking/,Hope can be quiet and still keep walking.,Renewal,original-echo-buddha-quote,Original Echo Buddha quote,Original quote,"""Hope can be quiet and still keep walking."" is original Echo Buddha editorial writing inspired by renewal practice and is not presented as a direct Buddha quote, scripture translation, or historical saying."
/quotes/renewal/each-conscious-breath-is-a-small-vote-for-beginning/,Each conscious breath is a small vote for beginning again.,Renewal,original-echo-buddha-quote,Original Echo Buddha quote,Original quote,"""Each conscious breath is a small vote for beginning again."" is original Echo Buddha editorial writing inspired by renewal practice and is not presented as a direct Buddha quote, scripture translation, or historical saying."
/quotes/mindfulness/begin-the-day-with-awareness/,Begin the day by meeting one moment before you meet every plan.,Mindfulness,original-echo-buddha-quote,Original Echo Buddha quote,Original quote,"""Begin the day by meeting one moment before you meet every plan."" is original Echo Buddha editorial writing inspired by mindfulness practice and is not presented as a direct Buddha quote, scripture translation, or historical saying."
/quotes/meditation/one-honest-breath/,One honest breath can bring the wandering mind back home.,Meditation,original-echo-buddha-quote,Original Echo Buddha quote,Original quote,"""One honest breath can bring the wandering mind back home."" is original Echo Buddha editorial writing inspired by Buddhist meditation practice and is not presented as a direct Buddha quote, scripture translation, or historical saying."
/quotes/mindfulness/peace-begins-with-attention/,Peace begins when attention stops arguing with this moment.,Mindfulness,original-echo-buddha-quote,Original Echo Buddha quote,Original quote,"""Peace begins when attention stops arguing with this moment."" is original Echo Buddha editorial writing inspired by mindfulness practice and is not presented as a direct Buddha quote, scripture translation, or historical saying."
/quotes/awareness/thoughts-pass-without-commanding-you/,A calm mind lets thoughts pass without becoming their servant.,Awareness,original-echo-buddha-quote,Original Echo Buddha quote,Original quote,"""A calm mind lets thoughts pass without becoming their servant."" is original Echo Buddha editorial writing inspired by awareness practice and is not presented as a direct Buddha quote, scripture translation, or historical saying."
/quotes/meditation/meditation-is-returning/,Meditation is the art of returning without making absence a failure.,Meditation,original-echo-buddha-quote,Original Echo Buddha quote,Original quote,"""Meditation is the art of returning without making absence a failure."" is original Echo Buddha editorial writing inspired by Buddhist meditation practice and is not presented as a direct Buddha quote, scripture translation, or historical saying."
/quotes/meditation/few-quiet-minutes/,A few quiet minutes can open a kinder door into the day.,Meditation,original-echo-buddha-quote,Original Echo Buddha quote,Original quote,"""A few quiet minutes can open a kinder door into the day."" is original Echo Buddha editorial writing inspired by Buddhist meditation practice and is not presented as a direct Buddha quote, scripture translation, or historical saying."
/quotes/compassion/loving-kindness-without-harm/,"Loving-kindness begins by wishing no one, including yourself, more harm.",Compassion,original-echo-buddha-quote,Original Echo Buddha quote,Original quote,"""Loving-kindness begins by wishing no one, including yourself, more harm."" is original Echo Buddha editorial writing inspired by compassion practice and is not presented as a direct Buddha quote, scripture translation, or historical saying."
/quotes/compassion/compassion-sees-pain-clearly/,Compassion looks for the wound without excusing the unkind word.,Compassion,original-echo-buddha-quote,Original Echo Buddha quote,Original quote,"""Compassion looks for the wound without excusing the unkind word."" is original Echo Buddha editorial writing inspired by compassion practice and is not presented as a direct Buddha quote, scripture translation, or historical saying."
/quotes/compassion/gentle-self-compassion/,Speak to yourself as someone still worthy of gentle instruction.,Compassion,original-echo-buddha-quote,Original Echo Buddha quote,Original quote,"""Speak to yourself as someone still worthy of gentle instruction."" is original Echo Buddha editorial writing inspired by compassion practice and is not presented as a direct Buddha quote, scripture translation, or historical saying."
/quotes/compassion/kindness-as-quiet-practice/,Kindness is a quiet practice repeated when no one applauds.,Compassion,original-echo-buddha-quote,Original Echo Buddha quote,Original quote,"""Kindness is a quiet practice repeated when no one applauds."" is original Echo Buddha editorial writing inspired by compassion practice and is not presented as a direct Buddha quote, scripture translation, or historical saying."
/quotes/patience/patience-softens-the-wait/,Patience softens the wait without demanding that life hurry.,Patience,original-echo-buddha-quote,Original Echo Buddha quote,Original quote,"""Patience softens the wait without demanding that life hurry."" is original Echo Buddha editorial writing inspired by patience practice and is not presented as a direct Buddha quote, scripture translation, or historical saying."
/quotes/awareness/one-breath-before-anger-replies/,Anger becomes wiser when one breath stands between feeling and reply.,Awareness,original-echo-buddha-quote,Original Echo Buddha quote,Original quote,"""Anger becomes wiser when one breath stands between feeling and reply."" is original Echo Buddha editorial writing inspired by awareness practice and is not presented as a direct Buddha quote, scripture translation, or historical saying."
/quotes/letting-go/forgiveness-without-approving-harm/,Forgiveness releases the poison without calling the wound acceptable.,Letting Go,original-echo-buddha-quote,Original Echo Buddha quote,Original quote,"""Forgiveness releases the poison without calling the wound acceptable."" is original Echo Buddha editorial writing inspired by Buddhist non-attachment and letting-go practice and is not presented as a direct Buddha quote, scripture translation, or historical saying."
/quotes/letting-go/caring-without-clinging/,Letting go means caring fully without closing your hand around life.,Letting Go,original-echo-buddha-quote,Original Echo Buddha quote,Original quote,"""Letting go means caring fully without closing your hand around life."" is original Echo Buddha editorial writing inspired by Buddhist non-attachment and letting-go practice and is not presented as a direct Buddha quote, scripture translation, or historical saying."
/quotes/letting-go/open-hands-non-attachment/,Hold life with open hands; what is precious was never owned.,Letting Go,original-echo-buddha-quote,Original Echo Buddha quote,Original quote,"""Hold life with open hands; what is precious was never owned."" is original Echo Buddha editorial writing inspired by Buddhist non-attachment and letting-go practice and is not presented as a direct Buddha quote, scripture translation, or historical saying."
/quotes/impermanence/change-is-how-life-continues/,Change is not an interruption; it is the way life continues.,Impermanence,original-echo-buddha-quote,Original Echo Buddha quote,Original quote,"""Change is not an interruption; it is the way life continues."" is original Echo Buddha editorial writing inspired by impermanence practice and is not presented as a direct Buddha quote, scripture translation, or historical saying."
/quotes/impermanence/meet-change-softly/,Meet change softly; even endings deserve an unclenched heart.,Impermanence,original-echo-buddha-quote,Original Echo Buddha quote,Original quote,"""Meet change softly; even endings deserve an unclenched heart."" is original Echo Buddha editorial writing inspired by impermanence practice and is not presented as a direct Buddha quote, scripture translation, or historical saying."
/quotes/awareness/acceptance-before-next-step/,Acceptance names the moment clearly before choosing the next kind step.,Awareness,original-echo-buddha-quote,Original Echo Buddha quote,Original quote,"""Acceptance names the moment clearly before choosing the next kind step."" is original Echo Buddha editorial writing inspired by awareness practice and is not presented as a direct Buddha quote, scripture translation, or historical saying."
/quotes/wisdom/karma-begins-in-intention/,Karma begins in intention before it ripens into action.,Wisdom,original-echo-buddha-quote,Original Echo Buddha quote,Original quote,"""Karma begins in intention before it ripens into action."" is original Echo Buddha editorial writing inspired by wisdom practice and is not presented as a direct Buddha quote, scripture translation, or historical saying."
/quotes/wisdom/right-speech-with-kindness/,"Right speech lets truth travel with kindness, usefulness, and timing.",Wisdom,original-echo-buddha-quote,Original Echo Buddha quote,Original quote,"""Right speech lets truth travel with kindness, usefulness, and timing."" is original Echo Buddha editorial writing inspired by wisdom practice and is not presented as a direct Buddha quote, scripture translation, or historical saying."
/quotes/wisdom/wise-silence/,Wise silence is the space where unhelpful words lose their strength.,Wisdom,original-echo-buddha-quote,Original Echo Buddha quote,Original quote,"""Wise silence is the space where unhelpful words lose their strength."" is original Echo Buddha editorial writing inspired by wisdom practice and is not presented as a direct Buddha quote, scripture translation, or historical saying."
/quotes/mindfulness/listen-before-answering/,Listen long enough for another heart to become more than your answer.,Mindfulness,original-echo-buddha-quote,Original Echo Buddha quote,Original quote,"""Listen long enough for another heart to become more than your answer."" is original Echo Buddha editorial writing inspired by mindfulness practice and is not presented as a direct Buddha quote, scripture translation, or historical saying."
/quotes/awareness/thoughts-are-visitors/,Thoughts may visit often; you do not have to host each one.,Awareness,original-echo-buddha-quote,Original Echo Buddha quote,Original quote,"""Thoughts may visit often; you do not have to host each one."" is original Echo Buddha editorial writing inspired by awareness practice and is not presented as a direct Buddha quote, scripture translation, or historical saying."
/quotes/mindfulness/ground-yourself-gently/,Ground yourself gently; calm does not grow from being forced.,Mindfulness,original-echo-buddha-quote,Original Echo Buddha quote,Original quote,"""Ground yourself gently; calm does not grow from being forced."" is original Echo Buddha editorial writing inspired by mindfulness practice and is not presented as a direct Buddha quote, scripture translation, or historical saying."
/quotes/letting-go/soften-around-stress/,Stress loosens when the hand around every pressure softens first.,Letting Go,original-echo-buddha-quote,Original Echo Buddha quote,Original quote,"""Stress loosens when the hand around every pressure softens first."" is original Echo Buddha editorial writing inspired by Buddhist non-attachment and letting-go practice and is not presented as a direct Buddha quote, scripture translation, or historical saying."
/quotes/renewal/one-calm-morning-intention/,"Let the morning begin with one calm intention, not every old worry.",Renewal,original-echo-buddha-quote,Original Echo Buddha quote,Original quote,"""Let the morning begin with one calm intention, not every old worry."" is original Echo Buddha editorial writing inspired by renewal practice and is not presented as a direct Buddha quote, scripture translation, or historical saying."
/quotes/renewal/evening-release-reflection/,"At day’s end, release what is finished and bless what was learned.",Renewal,original-echo-buddha-quote,Original Echo Buddha quote,Original quote,"""At day’s end, release what is finished and bless what was learned."" is original Echo Buddha editorial writing inspired by renewal practice and is not presented as a direct Buddha quote, scripture translation, or historical saying."
/quotes/mindfulness/gratitude-notices-enough/,Gratitude begins when enough is noticed before more is requested.,Mindfulness,original-echo-buddha-quote,Original Echo Buddha quote,Original quote,"""Gratitude begins when enough is noticed before more is requested."" is original Echo Buddha editorial writing inspired by mindfulness practice and is not presented as a direct Buddha quote, scripture translation, or historical saying."
/quotes/wisdom/simplicity-clears-the-room/,Simplicity clears the room so the heart can hear what matters.,Wisdom,original-echo-buddha-quote,Original Echo Buddha quote,Original quote,"""Simplicity clears the room so the heart can hear what matters."" is original Echo Buddha editorial writing inspired by wisdom practice and is not presented as a direct Buddha quote, scripture translation, or historical saying."
/quotes/wisdom/contentment-with-what-is-here/,Contentment is the quiet friendship with what is already here.,Wisdom,original-echo-buddha-quote,Original Echo Buddha quote,Original quote,"""Contentment is the quiet friendship with what is already here."" is original Echo Buddha editorial writing inspired by wisdom practice and is not presented as a direct Buddha quote, scripture translation, or historical saying."
/quotes/wisdom/wisdom-sees-clearly/,Wisdom sees clearly before it tries to stand above anyone.,Wisdom,original-echo-buddha-quote,Original Echo Buddha quote,Original quote,"""Wisdom sees clearly before it tries to stand above anyone."" is original Echo Buddha editorial writing inspired by wisdom practice and is not presented as a direct Buddha quote, scripture translation, or historical saying."
/quotes/practice/right-intention-turns-the-heart/,Right intention turns the heart before the feet choose a road.,Practice,original-echo-buddha-quote,Original Echo Buddha quote,Original quote,"""Right intention turns the heart before the feet choose a road."" is original Echo Buddha editorial writing inspired by Buddhist daily practice and is not presented as a direct Buddha quote, scripture translation, or historical saying."
/quotes/practice/eightfold-path-daily-choices/,The Eightfold Path is walked through today’s smallest honest choices.,Practice,original-echo-buddha-quote,Original Echo Buddha quote,Original quote,"""The Eightfold Path is walked through today’s smallest honest choices."" is original Echo Buddha editorial writing inspired by Buddhist daily practice and is not presented as a direct Buddha quote, scripture translation, or historical saying."
/quotes/wisdom/understanding-suffering-honestly/,Understanding suffering begins when we stop pretending it is not here.,Wisdom,original-echo-buddha-quote,Original Echo Buddha quote,Original quote,"""Understanding suffering begins when we stop pretending it is not here."" is original Echo Buddha editorial writing inspired by wisdom practice and is not presented as a direct Buddha quote, scripture translation, or historical saying."
/quotes/letting-go/where-attachment-begins/,Attachment begins where care forgets how to breathe.,Letting Go,original-echo-buddha-quote,Original Echo Buddha quote,Original quote,"""Attachment begins where care forgets how to breathe."" is original Echo Buddha editorial writing inspired by Buddhist non-attachment and letting-go practice and is not presented as a direct Buddha quote, scripture translation, or historical saying."
/quotes/renewal/begin-again-without-shame/,Begin again gently; shame is not required for growth.,Renewal,original-echo-buddha-quote,Original Echo Buddha quote,Original quote,"""Begin again gently; shame is not required for growth."" is original Echo Buddha editorial writing inspired by renewal practice and is not presented as a direct Buddha quote, scripture translation, or historical saying."
/quotes/renewal/gentle-hope-keeps-walking/,Hope can be gentle and still know how to keep walking.,Renewal,original-echo-buddha-quote,Original Echo Buddha quote,Original quote,"""Hope can be gentle and still know how to keep walking."" is original Echo Buddha editorial writing inspired by renewal practice and is not presented as a direct Buddha quote, scripture translation, or historical saying."
/quotes/awareness/feelings-without-the-wheel/,Emotional balance lets feelings speak without handing them the wheel.,Awareness,original-echo-buddha-quote,Original Echo Buddha quote,Original quote,"""Emotional balance lets feelings speak without handing them the wheel."" is original Echo Buddha editorial writing inspired by awareness practice and is not presented as a direct Buddha quote, scripture translation, or historical saying."
/quotes/practice/mindfulness-at-work-breath/,"Bring one clear breath to work, and the task becomes practice.",Practice,original-echo-buddha-quote,Original Echo Buddha quote,Original quote,"""Bring one clear breath to work, and the task becomes practice."" is original Echo Buddha editorial writing inspired by Buddhist daily practice and is not presented as a direct Buddha quote, scripture translation, or historical saying."
/quotes/patience/family-kindness-and-patience/,Family kindness is patience practiced with the people who know our edges.,Patience,original-echo-buddha-quote,Original Echo Buddha quote,Original quote,"""Family kindness is patience practiced with the people who know our edges."" is original Echo Buddha editorial writing inspired by patience practice and is not presented as a direct Buddha quote, scripture translation, or historical saying."
/quotes/wisdom/difficult-people-and-boundaries/,Difficult people can teach boundaries without teaching hatred.,Wisdom,original-echo-buddha-quote,Original Echo Buddha quote,Original quote,"""Difficult people can teach boundaries without teaching hatred."" is original Echo Buddha editorial writing inspired by wisdom practice and is not presented as a direct Buddha quote, scripture translation, or historical saying."
/quotes/mindfulness/present-moment-one-step/,"The present moment is met one breath, one sound, one step at a time.",Mindfulness,original-echo-buddha-quote,Original Echo Buddha quote,Original quote,"""The present moment is met one breath, one sound, one step at a time."" is original Echo Buddha editorial writing inspired by mindfulness practice and is not presented as a direct Buddha quote, scripture translation, or historical saying."
/quotes/practice/small-actions-shape-the-mind/,Daily practice shapes the mind through small actions faithfully repeated.,Practice,original-echo-buddha-quote,Original Echo Buddha quote,Original quote,"""Daily practice shapes the mind through small actions faithfully repeated."" is original Echo Buddha editorial writing inspired by Buddhist daily practice and is not presented as a direct Buddha quote, scripture translation, or historical saying."
