url,page_family,indexable,sitemap_member,gsc_clicks_3m,gsc_impressions_3m,gsc_ctr_3m,gsc_position_3m,query_diversity,indexed_stability,internal_inlinks,minimum_click_depth,backlink_evidence,evidence_only
https://echobuddha.com/about/,ABOUT,true,true,0,19,0,12.95,NOT_AVAILABLE: query×page dimension absent,PROPERTY_AGGREGATE_ONLY,338,1,NOT_AVAILABLE,SEO_EQUITY_REVIEW
https://echobuddha.com/articles/beginning-a-daily-mindfulness-practice/,ARTICLE,true,true,0,0,,,NOT_AVAILABLE: query×page dimension absent,PROPERTY_AGGREGATE_ONLY,44,2,NOT_AVAILABLE,SEO_EQUITY_REVIEW
https://echobuddha.com/articles/buddhism-for-beginners-simple-guide/,ARTICLE,true,true,0,4,0,30,NOT_AVAILABLE: query×page dimension absent,PROPERTY_AGGREGATE_ONLY,24,2,NOT_AVAILABLE,SEO_EQUITY_REVIEW
https://echobuddha.com/articles/buddhist-approach-to-anger/,ARTICLE,true,true,0,5,0,5.4,NOT_AVAILABLE: query×page dimension absent,PROPERTY_AGGREGATE_ONLY,38,2,NOT_AVAILABLE,SEO_EQUITY_REVIEW
https://echobuddha.com/articles/buddhist-gratitude-practice/,ARTICLE,true,true,0,2,0,4,NOT_AVAILABLE: query×page dimension absent,PROPERTY_AGGREGATE_ONLY,8,2,NOT_AVAILABLE,SEO_EQUITY_REVIEW
https://echobuddha.com/articles/buddhist-teachings-on-forgiveness/,ARTICLE,true,true,0,1,0,45,NOT_AVAILABLE: query×page dimension absent,PROPERTY_AGGREGATE_ONLY,18,2,NOT_AVAILABLE,SEO_EQUITY_REVIEW
https://echobuddha.com/articles/buddhist-teachings-on-impermanence/,ARTICLE,true,true,0,3,0,7.67,NOT_AVAILABLE: query×page dimension absent,PROPERTY_AGGREGATE_ONLY,19,2,NOT_AVAILABLE,SEO_EQUITY_REVIEW
https://echobuddha.com/articles/buddhist-wisdom-for-overthinking/,ARTICLE,true,true,0,17,0,10.18,NOT_AVAILABLE: query×page dimension absent,PROPERTY_AGGREGATE_ONLY,88,2,NOT_AVAILABLE,SEO_EQUITY_REVIEW
https://echobuddha.com/articles/category/buddhist-wisdom/,ARTICLE_CATEGORY,true,true,0,7,0,45.43,NOT_AVAILABLE: query×page dimension absent,PROPERTY_AGGREGATE_ONLY,282,1,NOT_AVAILABLE,SEO_EQUITY_REVIEW
https://echobuddha.com/articles/category/meditation/,ARTICLE_CATEGORY,true,true,0,1,0,5,NOT_AVAILABLE: query×page dimension absent,PROPERTY_AGGREGATE_ONLY,105,2,NOT_AVAILABLE,SEO_EQUITY_REVIEW
https://echobuddha.com/articles/category/mindfulness/,ARTICLE_CATEGORY,true,true,0,1,0,10,NOT_AVAILABLE: query×page dimension absent,PROPERTY_AGGREGATE_ONLY,117,2,NOT_AVAILABLE,SEO_EQUITY_REVIEW
https://echobuddha.com/articles/category/practice/,ARTICLE_CATEGORY,true,true,0,6,0,4.5,NOT_AVAILABLE: query×page dimension absent,PROPERTY_AGGREGATE_ONLY,126,1,NOT_AVAILABLE,SEO_EQUITY_REVIEW
https://echobuddha.com/articles/category/reflection/,ARTICLE_CATEGORY,true,true,0,0,,,NOT_AVAILABLE: query×page dimension absent,PROPERTY_AGGREGATE_ONLY,148,2,NOT_AVAILABLE,SEO_EQUITY_REVIEW
https://echobuddha.com/articles/compassion-as-a-daily-discipline/,ARTICLE,true,true,0,1,0,31,NOT_AVAILABLE: query×page dimension absent,PROPERTY_AGGREGATE_ONLY,37,2,NOT_AVAILABLE,SEO_EQUITY_REVIEW
https://echobuddha.com/articles/compassion-in-buddhism-beginner-guide/,ARTICLE,true,true,0,23,0,47.39,NOT_AVAILABLE: query×page dimension absent,PROPERTY_AGGREGATE_ONLY,14,2,NOT_AVAILABLE,SEO_EQUITY_REVIEW
https://echobuddha.com/articles/compassion-with-boundaries/,ARTICLE,true,true,0,5,0,14.2,NOT_AVAILABLE: query×page dimension absent,PROPERTY_AGGREGATE_ONLY,112,1,NOT_AVAILABLE,SEO_EQUITY_REVIEW
https://echobuddha.com/articles/creating-a-peaceful-corner-at-home/,ARTICLE,true,true,0,0,,,NOT_AVAILABLE: query×page dimension absent,PROPERTY_AGGREGATE_ONLY,4,2,NOT_AVAILABLE,SEO_EQUITY_REVIEW
https://echobuddha.com/articles/dhamma-vs-dharma/,ARTICLE,true,true,1,232,0.0043,12.11,NOT_AVAILABLE: query×page dimension absent,PROPERTY_AGGREGATE_ONLY,109,1,NOT_AVAILABLE,SEO_EQUITY_REVIEW
https://echobuddha.com/articles/dhammapada-reflection-trained-mind/,ARTICLE,true,true,0,1,0,3,NOT_AVAILABLE: query×page dimension absent,PROPERTY_AGGREGATE_ONLY,8,2,NOT_AVAILABLE,SEO_EQUITY_REVIEW
https://echobuddha.com/articles/dhammapada-reflection-what-we-think/,ARTICLE,true,true,0,56,0,7.73,NOT_AVAILABLE: query×page dimension absent,PROPERTY_AGGREGATE_ONLY,12,2,NOT_AVAILABLE,SEO_EQUITY_REVIEW
https://echobuddha.com/articles/dhammapada-verse-1-meaning/,ARTICLE,true,true,0,56,0,6.59,NOT_AVAILABLE: query×page dimension absent,PROPERTY_AGGREGATE_ONLY,73,2,NOT_AVAILABLE,SEO_EQUITY_REVIEW
https://echobuddha.com/articles/eightfold-path-explained/,ARTICLE,true,true,0,8,0,69.12,NOT_AVAILABLE: query×page dimension absent,PROPERTY_AGGREGATE_ONLY,22,2,NOT_AVAILABLE,SEO_EQUITY_REVIEW
https://echobuddha.com/articles/eightfold-path-explained-daily-life/,ARTICLE,true,true,0,9,0,11.89,NOT_AVAILABLE: query×page dimension absent,PROPERTY_AGGREGATE_ONLY,14,2,NOT_AVAILABLE,SEO_EQUITY_REVIEW
https://echobuddha.com/articles/equanimity-in-buddhism/,ARTICLE,true,true,0,7,0,64.43,NOT_AVAILABLE: query×page dimension absent,PROPERTY_AGGREGATE_ONLY,4,2,NOT_AVAILABLE,SEO_EQUITY_REVIEW
https://echobuddha.com/articles/first-week-buddhist-practice/,ARTICLE,true,true,0,1,0,39,NOT_AVAILABLE: query×page dimension absent,PROPERTY_AGGREGATE_ONLY,66,2,NOT_AVAILABLE,SEO_EQUITY_REVIEW
https://echobuddha.com/articles/five-precepts-in-daily-life/,ARTICLE,true,true,0,104,0,46.91,NOT_AVAILABLE: query×page dimension absent,PROPERTY_AGGREGATE_ONLY,10,2,NOT_AVAILABLE,SEO_EQUITY_REVIEW
https://echobuddha.com/articles/four-noble-truths-explained/,ARTICLE,true,true,0,2,0,4.5,NOT_AVAILABLE: query×page dimension absent,PROPERTY_AGGREGATE_ONLY,14,2,NOT_AVAILABLE,SEO_EQUITY_REVIEW
https://echobuddha.com/articles/four-noble-truths-explained-simply/,ARTICLE,true,true,0,6,0,9.5,NOT_AVAILABLE: query×page dimension absent,PROPERTY_AGGREGATE_ONLY,12,2,NOT_AVAILABLE,SEO_EQUITY_REVIEW
https://echobuddha.com/articles/how-to-let-go-of-attachment-in-buddhism/,ARTICLE,true,true,0,10,0,24.5,NOT_AVAILABLE: query×page dimension absent,PROPERTY_AGGREGATE_ONLY,49,2,NOT_AVAILABLE,SEO_EQUITY_REVIEW
https://echobuddha.com/articles/how-to-meditate-for-anxiety/,ARTICLE,true,true,0,1,0,4,NOT_AVAILABLE: query×page dimension absent,PROPERTY_AGGREGATE_ONLY,20,2,NOT_AVAILABLE,SEO_EQUITY_REVIEW
https://echobuddha.com/articles/how-to-meditate-for-beginners/,ARTICLE,true,true,0,2,0,4,NOT_AVAILABLE: query×page dimension absent,PROPERTY_AGGREGATE_ONLY,43,2,NOT_AVAILABLE,SEO_EQUITY_REVIEW
https://echobuddha.com/articles/how-to-practice-non-attachment/,ARTICLE,true,true,0,7,0,11.71,NOT_AVAILABLE: query×page dimension absent,PROPERTY_AGGREGATE_ONLY,45,2,NOT_AVAILABLE,SEO_EQUITY_REVIEW
https://echobuddha.com/articles/impermanence-in-buddhism/,ARTICLE,true,true,0,3,0,43.67,NOT_AVAILABLE: query×page dimension absent,PROPERTY_AGGREGATE_ONLY,21,2,NOT_AVAILABLE,SEO_EQUITY_REVIEW
https://echobuddha.com/articles/impermanence-in-buddhism-letting-go/,ARTICLE,true,true,0,7,0,28,NOT_AVAILABLE: query×page dimension absent,PROPERTY_AGGREGATE_ONLY,7,2,NOT_AVAILABLE,SEO_EQUITY_REVIEW
https://echobuddha.com/articles/,ARTICLE_HUB,true,true,0,17,0,11.76,NOT_AVAILABLE: query×page dimension absent,PROPERTY_AGGREGATE_ONLY,895,1,NOT_AVAILABLE,SEO_EQUITY_REVIEW
https://echobuddha.com/articles/letting-go-without-giving-up/,ARTICLE,true,true,0,0,,,NOT_AVAILABLE: query×page dimension absent,PROPERTY_AGGREGATE_ONLY,33,2,NOT_AVAILABLE,SEO_EQUITY_REVIEW
https://echobuddha.com/articles/loving-kindness-meditation-beginners/,ARTICLE,true,true,0,0,,,NOT_AVAILABLE: query×page dimension absent,PROPERTY_AGGREGATE_ONLY,17,2,NOT_AVAILABLE,SEO_EQUITY_REVIEW
https://echobuddha.com/articles/loving-kindness-meditation-guide/,ARTICLE,true,true,0,2,0,5.5,NOT_AVAILABLE: query×page dimension absent,PROPERTY_AGGREGATE_ONLY,11,2,NOT_AVAILABLE,SEO_EQUITY_REVIEW
https://echobuddha.com/articles/metta-meditation-script/,ARTICLE,true,true,0,3,0,59,NOT_AVAILABLE: query×page dimension absent,PROPERTY_AGGREGATE_ONLY,18,2,NOT_AVAILABLE,SEO_EQUITY_REVIEW
https://echobuddha.com/articles/mindful-email-and-texting/,ARTICLE,true,true,0,5,0,10.2,NOT_AVAILABLE: query×page dimension absent,PROPERTY_AGGREGATE_ONLY,72,1,NOT_AVAILABLE,SEO_EQUITY_REVIEW
https://echobuddha.com/articles/mindful-listening-in-everyday-life/,ARTICLE,true,true,0,3,0,6,NOT_AVAILABLE: query×page dimension absent,PROPERTY_AGGREGATE_ONLY,21,2,NOT_AVAILABLE,SEO_EQUITY_REVIEW
https://echobuddha.com/articles/mindfulness-for-better-sleep/,ARTICLE,true,true,0,0,,,NOT_AVAILABLE: query×page dimension absent,PROPERTY_AGGREGATE_ONLY,13,2,NOT_AVAILABLE,SEO_EQUITY_REVIEW
https://echobuddha.com/articles/mindfulness-morning-routine/,ARTICLE,true,true,0,0,,,NOT_AVAILABLE: query×page dimension absent,PROPERTY_AGGREGATE_ONLY,27,2,NOT_AVAILABLE,SEO_EQUITY_REVIEW
https://echobuddha.com/articles/mindfulness-of-breathing-guide/,ARTICLE,true,true,0,0,,,NOT_AVAILABLE: query×page dimension absent,PROPERTY_AGGREGATE_ONLY,43,2,NOT_AVAILABLE,SEO_EQUITY_REVIEW
https://echobuddha.com/articles/mindfulness-vs-meditation/,ARTICLE,true,true,0,0,,,NOT_AVAILABLE: query×page dimension absent,PROPERTY_AGGREGATE_ONLY,87,2,NOT_AVAILABLE,SEO_EQUITY_REVIEW
https://echobuddha.com/articles/noble-eightfold-path-practical-guide/,ARTICLE,true,true,1,14,0.07139999999999999,43.71,NOT_AVAILABLE: query×page dimension absent,PROPERTY_AGGREGATE_ONLY,17,2,NOT_AVAILABLE,SEO_EQUITY_REVIEW
https://echobuddha.com/articles/non-attachment-in-relationships/,ARTICLE,true,true,0,1,0,41,NOT_AVAILABLE: query×page dimension absent,PROPERTY_AGGREGATE_ONLY,79,2,NOT_AVAILABLE,SEO_EQUITY_REVIEW
https://echobuddha.com/articles/right-livelihood-modern-life/,ARTICLE,true,true,0,3,0,18.33,NOT_AVAILABLE: query×page dimension absent,PROPERTY_AGGREGATE_ONLY,4,2,NOT_AVAILABLE,SEO_EQUITY_REVIEW
https://echobuddha.com/articles/right-speech-buddhism/,ARTICLE,true,true,3,313,0.0096,22.34,NOT_AVAILABLE: query×page dimension absent,PROPERTY_AGGREGATE_ONLY,97,1,NOT_AVAILABLE,SEO_EQUITY_REVIEW
https://echobuddha.com/articles/right-speech-examples/,ARTICLE,true,true,0,3,0,24.33,NOT_AVAILABLE: query×page dimension absent,PROPERTY_AGGREGATE_ONLY,18,2,NOT_AVAILABLE,SEO_EQUITY_REVIEW
https://echobuddha.com/articles/three-poisons-buddhism-explained/,ARTICLE,true,true,1,107,0.009300000000000001,41.13,NOT_AVAILABLE: query×page dimension absent,PROPERTY_AGGREGATE_ONLY,8,2,NOT_AVAILABLE,SEO_EQUITY_REVIEW
https://echobuddha.com/articles/three-ways-to-practice-patience/,ARTICLE,true,true,0,10,0,3,NOT_AVAILABLE: query×page dimension absent,PROPERTY_AGGREGATE_ONLY,23,2,NOT_AVAILABLE,SEO_EQUITY_REVIEW
https://echobuddha.com/articles/visiting-a-buddhist-temple-respectfully/,ARTICLE,true,true,0,50,0,27.38,NOT_AVAILABLE: query×page dimension absent,PROPERTY_AGGREGATE_ONLY,16,2,NOT_AVAILABLE,SEO_EQUITY_REVIEW
https://echobuddha.com/articles/walking-meditation-step-by-step/,ARTICLE,true,true,0,3,0,31.33,NOT_AVAILABLE: query×page dimension absent,PROPERTY_AGGREGATE_ONLY,13,2,NOT_AVAILABLE,SEO_EQUITY_REVIEW
https://echobuddha.com/articles/what-is-buddhism-beginner-guide/,ARTICLE,true,true,0,12,0,24.33,NOT_AVAILABLE: query×page dimension absent,PROPERTY_AGGREGATE_ONLY,19,2,NOT_AVAILABLE,SEO_EQUITY_REVIEW
https://echobuddha.com/articles/what-is-karma-in-buddhism/,ARTICLE,true,true,0,9,0,70.11,NOT_AVAILABLE: query×page dimension absent,PROPERTY_AGGREGATE_ONLY,26,2,NOT_AVAILABLE,SEO_EQUITY_REVIEW
https://echobuddha.com/articles/what-is-sangha-buddhist-community/,ARTICLE,true,true,0,75,0,79.91,NOT_AVAILABLE: query×page dimension absent,PROPERTY_AGGREGATE_ONLY,15,2,NOT_AVAILABLE,SEO_EQUITY_REVIEW
https://echobuddha.com/authors/echo-buddha-editorial/,AUTHOR,true,true,0,0,,,NOT_AVAILABLE: query×page dimension absent,PROPERTY_AGGREGATE_ONLY,438,1,NOT_AVAILABLE,SEO_EQUITY_REVIEW
https://echobuddha.com/buddhist-sources-and-citations/,SOURCE_POLICY,true,true,0,6,0,38,NOT_AVAILABLE: query×page dimension absent,PROPERTY_AGGREGATE_ONLY,449,1,NOT_AVAILABLE,SEO_EQUITY_REVIEW
https://echobuddha.com/contact/,CONTACT,true,true,0,7,0,5.57,NOT_AVAILABLE: query×page dimension absent,PROPERTY_AGGREGATE_ONLY,337,1,NOT_AVAILABLE,SEO_EQUITY_REVIEW
https://echobuddha.com/corrections/,CORRECTIONS,true,true,0,1,0,8,NOT_AVAILABLE: query×page dimension absent,PROPERTY_AGGREGATE_ONLY,597,1,NOT_AVAILABLE,SEO_EQUITY_REVIEW
https://echobuddha.com/daily-reflections/anger-as-a-signal/,REFLECTION,false,false,0,1,0,30,NOT_AVAILABLE: query×page dimension absent,PROPERTY_AGGREGATE_ONLY,4,2,NOT_AVAILABLE,SEO_EQUITY_REVIEW
https://echobuddha.com/daily-reflections/begin-again-without-shame/,REFLECTION,false,false,0,3,0,28,NOT_AVAILABLE: query×page dimension absent,PROPERTY_AGGREGATE_ONLY,4,2,NOT_AVAILABLE,SEO_EQUITY_REVIEW
https://echobuddha.com/daily-reflections/family-patience/,REFLECTION,false,false,0,1,0,6,NOT_AVAILABLE: query×page dimension absent,PROPERTY_AGGREGATE_ONLY,4,2,NOT_AVAILABLE,SEO_EQUITY_REVIEW
https://echobuddha.com/daily-reflections/gratitude-for-change/,REFLECTION,false,false,0,2,0,17.5,NOT_AVAILABLE: query×page dimension absent,PROPERTY_AGGREGATE_ONLY,4,2,NOT_AVAILABLE,SEO_EQUITY_REVIEW
https://echobuddha.com/daily-reflections/impermanence-softens-clinging/,REFLECTION,false,false,0,1,0,24,NOT_AVAILABLE: query×page dimension absent,PROPERTY_AGGREGATE_ONLY,4,2,NOT_AVAILABLE,SEO_EQUITY_REVIEW
https://echobuddha.com/daily-reflections/,DAILY_REFLECTION_HUB,true,true,1,3,0.3333,9.33,NOT_AVAILABLE: query×page dimension absent,PROPERTY_AGGREGATE_ONLY,740,1,NOT_AVAILABLE,SEO_EQUITY_REVIEW
https://echobuddha.com/daily-reflections/metta-for-a-difficult-person/,REFLECTION,false,false,0,2,0,37.5,NOT_AVAILABLE: query×page dimension absent,PROPERTY_AGGREGATE_ONLY,4,2,NOT_AVAILABLE,SEO_EQUITY_REVIEW
https://echobuddha.com/daily-reflections/patience-before-anger-speaks/,REFLECTION,false,false,0,5,0,43.6,NOT_AVAILABLE: query×page dimension absent,PROPERTY_AGGREGATE_ONLY,10,1,NOT_AVAILABLE,SEO_EQUITY_REVIEW
https://echobuddha.com/daily-reflections/rest-without-escape/,REFLECTION,false,false,0,1,0,25,NOT_AVAILABLE: query×page dimension absent,PROPERTY_AGGREGATE_ONLY,4,2,NOT_AVAILABLE,SEO_EQUITY_REVIEW
https://echobuddha.com/daily-reflections/small-actions-shape-the-mind/,REFLECTION,false,false,0,1,0,33,NOT_AVAILABLE: query×page dimension absent,PROPERTY_AGGREGATE_ONLY,4,2,NOT_AVAILABLE,SEO_EQUITY_REVIEW
https://echobuddha.com/daily-reflections/thoughts-are-visitors/,REFLECTION,false,false,0,5,0,4,NOT_AVAILABLE: query×page dimension absent,PROPERTY_AGGREGATE_ONLY,4,2,NOT_AVAILABLE,SEO_EQUITY_REVIEW
https://echobuddha.com/daily-reflections/today/,REFLECTION,false,false,0,10,0,16.6,NOT_AVAILABLE: query×page dimension absent,PROPERTY_AGGREGATE_ONLY,74,1,NOT_AVAILABLE,SEO_EQUITY_REVIEW
https://echobuddha.com/daily-reflections/walking-as-practice/,REFLECTION,false,false,0,2,0,17.5,NOT_AVAILABLE: query×page dimension absent,PROPERTY_AGGREGATE_ONLY,4,2,NOT_AVAILABLE,SEO_EQUITY_REVIEW
https://echobuddha.com/disclaimer/,DISCLAIMER,true,true,0,3,0,7.33,NOT_AVAILABLE: query×page dimension absent,PROPERTY_AGGREGATE_ONLY,429,1,NOT_AVAILABLE,SEO_EQUITY_REVIEW
https://echobuddha.com/editorial-policy/,EDITORIAL_POLICY,true,true,0,4,0,11.75,NOT_AVAILABLE: query×page dimension absent,PROPERTY_AGGREGATE_ONLY,529,1,NOT_AVAILABLE,SEO_EQUITY_REVIEW
https://echobuddha.com/how-echo-buddha-creates-content/,EDITORIAL_POLICY,true,true,0,1,0,48,NOT_AVAILABLE: query×page dimension absent,PROPERTY_AGGREGATE_ONLY,342,1,NOT_AVAILABLE,SEO_EQUITY_REVIEW
https://echobuddha.com/,HOME,true,true,0,5,0,2.8,NOT_AVAILABLE: query×page dimension absent,PROPERTY_AGGREGATE_ONLY,973,0,NOT_AVAILABLE,SEO_EQUITY_REVIEW
https://echobuddha.com/learn/buddhism-101/a-simple-daily-buddhist-practice/,BUDDHISM_101,true,true,0,1,0,4,NOT_AVAILABLE: query×page dimension absent,PROPERTY_AGGREGATE_ONLY,33,2,NOT_AVAILABLE,SEO_EQUITY_REVIEW
https://echobuddha.com/learn/buddhism-101/dependent-origination-explained/,BUDDHISM_101,true,true,0,4,0,13,NOT_AVAILABLE: query×page dimension absent,PROPERTY_AGGREGATE_ONLY,10,2,NOT_AVAILABLE,SEO_EQUITY_REVIEW
https://echobuddha.com/learn/buddhism-101/five-aggregates-buddhism/,BUDDHISM_101,true,true,0,9,0,55.89,NOT_AVAILABLE: query×page dimension absent,PROPERTY_AGGREGATE_ONLY,4,3,NOT_AVAILABLE,SEO_EQUITY_REVIEW
https://echobuddha.com/learn/buddhism-101/five-hindrances-in-buddhism/,BUDDHISM_101,true,true,0,4,0,58.5,NOT_AVAILABLE: query×page dimension absent,PROPERTY_AGGREGATE_ONLY,3,2,NOT_AVAILABLE,SEO_EQUITY_REVIEW
https://echobuddha.com/learn/buddhism-101/five-precepts-buddhism/,BUDDHISM_101,true,true,0,10,0,51.6,NOT_AVAILABLE: query×page dimension absent,PROPERTY_AGGREGATE_ONLY,16,2,NOT_AVAILABLE,SEO_EQUITY_REVIEW
https://echobuddha.com/learn/buddhism-101/four-brahmaviharas/,BUDDHISM_101,true,true,0,11,0,60.64,NOT_AVAILABLE: query×page dimension absent,PROPERTY_AGGREGATE_ONLY,3,2,NOT_AVAILABLE,SEO_EQUITY_REVIEW
https://echobuddha.com/learn/buddhism-101/how-to-practice-buddhism-at-home/,BUDDHISM_101,true,true,0,10,0,10.4,NOT_AVAILABLE: query×page dimension absent,PROPERTY_AGGREGATE_ONLY,11,2,NOT_AVAILABLE,SEO_EQUITY_REVIEW
https://echobuddha.com/learn/buddhism-101/,BUDDHISM_101,true,true,0,1,0,1,NOT_AVAILABLE: query×page dimension absent,PROPERTY_AGGREGATE_ONLY,27,2,NOT_AVAILABLE,SEO_EQUITY_REVIEW
https://echobuddha.com/learn/buddhism-101/middle-way-explained-for-beginners/,BUDDHISM_101,true,true,0,16,0,51.88,NOT_AVAILABLE: query×page dimension absent,PROPERTY_AGGREGATE_ONLY,3,2,NOT_AVAILABLE,SEO_EQUITY_REVIEW
https://echobuddha.com/learn/buddhism-101/right-livelihood-buddhism/,BUDDHISM_101,true,true,0,8,0,17.25,NOT_AVAILABLE: query×page dimension absent,PROPERTY_AGGREGATE_ONLY,7,2,NOT_AVAILABLE,SEO_EQUITY_REVIEW
https://echobuddha.com/learn/buddhism-101/the-four-noble-truths-explained/,BUDDHISM_101,true,true,0,3,0,6,NOT_AVAILABLE: query×page dimension absent,PROPERTY_AGGREGATE_ONLY,11,2,NOT_AVAILABLE,SEO_EQUITY_REVIEW
https://echobuddha.com/learn/buddhism-101/the-noble-eightfold-path-explained/,BUDDHISM_101,true,true,0,1,0,7,NOT_AVAILABLE: query×page dimension absent,PROPERTY_AGGREGATE_ONLY,11,2,NOT_AVAILABLE,SEO_EQUITY_REVIEW
https://echobuddha.com/learn/buddhism-101/the-three-jewels-explained/,BUDDHISM_101,true,true,0,3,0,7.33,NOT_AVAILABLE: query×page dimension absent,PROPERTY_AGGREGATE_ONLY,13,2,NOT_AVAILABLE,SEO_EQUITY_REVIEW
https://echobuddha.com/learn/buddhism-101/three-marks-of-existence/,BUDDHISM_101,true,true,0,7,0,53.14,NOT_AVAILABLE: query×page dimension absent,PROPERTY_AGGREGATE_ONLY,8,3,NOT_AVAILABLE,SEO_EQUITY_REVIEW
https://echobuddha.com/learn/buddhism-101/threefold-training-sila-samadhi-panna/,BUDDHISM_101,true,true,0,45,0,5.71,NOT_AVAILABLE: query×page dimension absent,PROPERTY_AGGREGATE_ONLY,3,2,NOT_AVAILABLE,SEO_EQUITY_REVIEW
https://echobuddha.com/learn/buddhism-101/what-is-buddhism/,BUDDHISM_101,true,true,0,3,0,44,NOT_AVAILABLE: query×page dimension absent,PROPERTY_AGGREGATE_ONLY,9,1,NOT_AVAILABLE,SEO_EQUITY_REVIEW
https://echobuddha.com/learn/buddhism-101/what-is-impermanence/,BUDDHISM_101,true,true,0,2,0,7.5,NOT_AVAILABLE: query×page dimension absent,PROPERTY_AGGREGATE_ONLY,37,2,NOT_AVAILABLE,SEO_EQUITY_REVIEW
https://echobuddha.com/learn/buddhism-101/what-is-karma-in-buddhism/,BUDDHISM_101,true,true,0,1,0,6,NOT_AVAILABLE: query×page dimension absent,PROPERTY_AGGREGATE_ONLY,13,3,NOT_AVAILABLE,SEO_EQUITY_REVIEW
https://echobuddha.com/learn/buddhism-101/what-is-mindfulness/,BUDDHISM_101,true,true,0,11,0,52.27,NOT_AVAILABLE: query×page dimension absent,PROPERTY_AGGREGATE_ONLY,60,1,NOT_AVAILABLE,SEO_EQUITY_REVIEW
https://echobuddha.com/learn/buddhism-101/who-was-the-buddha/,BUDDHISM_101,true,true,0,1,0,86,NOT_AVAILABLE: query×page dimension absent,PROPERTY_AGGREGATE_ONLY,5,3,NOT_AVAILABLE,SEO_EQUITY_REVIEW
https://echobuddha.com/learn/buddhism-for-beginners/,LEARN_GUIDE,true,true,0,128,0,45.02,NOT_AVAILABLE: query×page dimension absent,PROPERTY_AGGREGATE_ONLY,17,2,NOT_AVAILABLE,SEO_EQUITY_REVIEW
https://echobuddha.com/learn/buddhist-dictionary/anatta/,DICTIONARY_ENTRY,true,true,0,4,0,38.75,NOT_AVAILABLE: query×page dimension absent,PROPERTY_AGGREGATE_ONLY,17,3,NOT_AVAILABLE,SEO_EQUITY_REVIEW
https://echobuddha.com/learn/buddhist-dictionary/anicca/,DICTIONARY_ENTRY,true,true,0,1,0,71,NOT_AVAILABLE: query×page dimension absent,PROPERTY_AGGREGATE_ONLY,32,2,NOT_AVAILABLE,SEO_EQUITY_REVIEW
https://echobuddha.com/learn/buddhist-dictionary/compassion/,DICTIONARY_ENTRY,true,true,0,4,0,76.5,NOT_AVAILABLE: query×page dimension absent,PROPERTY_AGGREGATE_ONLY,51,2,NOT_AVAILABLE,SEO_EQUITY_REVIEW
https://echobuddha.com/learn/buddhist-dictionary/dhamma/,DICTIONARY_ENTRY,true,true,0,109,0,55.53,NOT_AVAILABLE: query×page dimension absent,PROPERTY_AGGREGATE_ONLY,81,2,NOT_AVAILABLE,SEO_EQUITY_REVIEW
https://echobuddha.com/learn/buddhist-dictionary/dukkha/,DICTIONARY_ENTRY,true,true,0,7,0,52.86,NOT_AVAILABLE: query×page dimension absent,PROPERTY_AGGREGATE_ONLY,53,2,NOT_AVAILABLE,SEO_EQUITY_REVIEW
https://echobuddha.com/learn/buddhist-dictionary/,DICTIONARY_HUB,true,true,0,9,0,80.11,NOT_AVAILABLE: query×page dimension absent,PROPERTY_AGGREGATE_ONLY,25,2,NOT_AVAILABLE,SEO_EQUITY_REVIEW
https://echobuddha.com/learn/buddhist-dictionary/karma/,DICTIONARY_ENTRY,true,true,0,3,0,9,NOT_AVAILABLE: query×page dimension absent,PROPERTY_AGGREGATE_ONLY,38,2,NOT_AVAILABLE,SEO_EQUITY_REVIEW
https://echobuddha.com/learn/buddhist-dictionary/karuna/,DICTIONARY_ENTRY,true,true,0,0,,,NOT_AVAILABLE: query×page dimension absent,PROPERTY_AGGREGATE_ONLY,12,2,NOT_AVAILABLE,SEO_EQUITY_REVIEW
https://echobuddha.com/learn/buddhist-dictionary/metta/,DICTIONARY_ENTRY,true,true,0,10,0,69.6,NOT_AVAILABLE: query×page dimension absent,PROPERTY_AGGREGATE_ONLY,28,2,NOT_AVAILABLE,SEO_EQUITY_REVIEW
https://echobuddha.com/learn/buddhist-dictionary/mindfulness/,DICTIONARY_ENTRY,true,true,0,2,0,32,NOT_AVAILABLE: query×page dimension absent,PROPERTY_AGGREGATE_ONLY,37,2,NOT_AVAILABLE,SEO_EQUITY_REVIEW
https://echobuddha.com/learn/buddhist-dictionary/nirvana/,DICTIONARY_ENTRY,true,true,0,5,0,57.2,NOT_AVAILABLE: query×page dimension absent,PROPERTY_AGGREGATE_ONLY,4,2,NOT_AVAILABLE,SEO_EQUITY_REVIEW
https://echobuddha.com/learn/buddhist-dictionary/pali-canon/,DICTIONARY_ENTRY,true,true,0,13,0,56.54,NOT_AVAILABLE: query×page dimension absent,PROPERTY_AGGREGATE_ONLY,9,3,NOT_AVAILABLE,SEO_EQUITY_REVIEW
https://echobuddha.com/learn/buddhist-dictionary/sangha/,DICTIONARY_ENTRY,true,true,0,6,0,72.33,NOT_AVAILABLE: query×page dimension absent,PROPERTY_AGGREGATE_ONLY,11,3,NOT_AVAILABLE,SEO_EQUITY_REVIEW
https://echobuddha.com/learn/buddhist-dictionary/sati/,DICTIONARY_ENTRY,true,true,1,2,0.5,73,NOT_AVAILABLE: query×page dimension absent,PROPERTY_AGGREGATE_ONLY,65,2,NOT_AVAILABLE,SEO_EQUITY_REVIEW
https://echobuddha.com/learn/buddhist-dictionary/sutta/,DICTIONARY_ENTRY,true,true,0,27,0,16.63,NOT_AVAILABLE: query×page dimension absent,PROPERTY_AGGREGATE_ONLY,11,3,NOT_AVAILABLE,SEO_EQUITY_REVIEW
https://echobuddha.com/learn/buddhist-resources/,LEARN_GUIDE,true,true,0,2,0,85,NOT_AVAILABLE: query×page dimension absent,PROPERTY_AGGREGATE_ONLY,53,2,NOT_AVAILABLE,SEO_EQUITY_REVIEW
https://echobuddha.com/learn/dhammapada-reflections/avoid-evil-do-good-purify-the-mind/,LEARN_GUIDE,true,true,0,5,0,4.8,NOT_AVAILABLE: query×page dimension absent,PROPERTY_AGGREGATE_ONLY,3,2,NOT_AVAILABLE,SEO_EQUITY_REVIEW
https://echobuddha.com/learn/dhammapada-reflections/better-than-a-thousand-empty-words/,LEARN_GUIDE,true,true,0,1,0,7,NOT_AVAILABLE: query×page dimension absent,PROPERTY_AGGREGATE_ONLY,3,2,NOT_AVAILABLE,SEO_EQUITY_REVIEW
https://echobuddha.com/learn/dhammapada-reflections/hatred-is-not-ended-by-hatred/,LEARN_GUIDE,true,true,0,2,0,7,NOT_AVAILABLE: query×page dimension absent,PROPERTY_AGGREGATE_ONLY,3,2,NOT_AVAILABLE,SEO_EQUITY_REVIEW
https://echobuddha.com/learn/dhammapada-reflections/,LEARN_GUIDE,true,true,0,2,0,27,NOT_AVAILABLE: query×page dimension absent,PROPERTY_AGGREGATE_ONLY,17,2,NOT_AVAILABLE,SEO_EQUITY_REVIEW
https://echobuddha.com/learn/dhammapada-reflections/peace-comes-from-a-trained-mind/,LEARN_GUIDE,true,true,0,0,,,NOT_AVAILABLE: query×page dimension absent,PROPERTY_AGGREGATE_ONLY,4,3,NOT_AVAILABLE,SEO_EQUITY_REVIEW
https://echobuddha.com/learn/dhammapada-reflections/the-mind-leads-all-things/,LEARN_GUIDE,true,true,0,2,0,5,NOT_AVAILABLE: query×page dimension absent,PROPERTY_AGGREGATE_ONLY,6,3,NOT_AVAILABLE,SEO_EQUITY_REVIEW
https://echobuddha.com/learn/eightfold-path/,LEARN_GUIDE,true,true,0,21,0,27.76,NOT_AVAILABLE: query×page dimension absent,PROPERTY_AGGREGATE_ONLY,66,1,NOT_AVAILABLE,SEO_EQUITY_REVIEW
https://echobuddha.com/learn/four-noble-truths/,LEARN_GUIDE,true,true,0,8,0,23.5,NOT_AVAILABLE: query×page dimension absent,PROPERTY_AGGREGATE_ONLY,28,1,NOT_AVAILABLE,SEO_EQUITY_REVIEW
https://echobuddha.com/learn/,LEARN_HUB,true,true,0,3,0,4.33,NOT_AVAILABLE: query×page dimension absent,PROPERTY_AGGREGATE_ONLY,732,1,NOT_AVAILABLE,SEO_EQUITY_REVIEW
https://echobuddha.com/learn/questions-about-buddhism/,LEARN_GUIDE,true,true,0,4,0,41.25,NOT_AVAILABLE: query×page dimension absent,PROPERTY_AGGREGATE_ONLY,5,2,NOT_AVAILABLE,SEO_EQUITY_REVIEW
https://echobuddha.com/learn/sutta-for-daily-life/buddhas-teaching-on-patience/,LEARN_GUIDE,true,true,0,5,0,21.8,NOT_AVAILABLE: query×page dimension absent,PROPERTY_AGGREGATE_ONLY,4,3,NOT_AVAILABLE,SEO_EQUITY_REVIEW
https://echobuddha.com/learn/sutta-for-daily-life/dhammacakkappavattana-sutta-four-noble-truths/,LEARN_GUIDE,true,true,0,0,,,NOT_AVAILABLE: query×page dimension absent,PROPERTY_AGGREGATE_ONLY,5,2,NOT_AVAILABLE,SEO_EQUITY_REVIEW
https://echobuddha.com/learn/sutta-for-daily-life/how-to-read-a-buddhist-sutta/,LEARN_GUIDE,true,true,0,0,,,NOT_AVAILABLE: query×page dimension absent,PROPERTY_AGGREGATE_ONLY,2,3,NOT_AVAILABLE,SEO_EQUITY_REVIEW
https://echobuddha.com/learn/sutta-for-daily-life/,LEARN_GUIDE,true,true,0,0,,,NOT_AVAILABLE: query×page dimension absent,PROPERTY_AGGREGATE_ONLY,12,2,NOT_AVAILABLE,SEO_EQUITY_REVIEW
https://echobuddha.com/learn/sutta-for-daily-life/kalama-sutta-and-wise-thinking/,LEARN_GUIDE,true,true,0,1,0,7,NOT_AVAILABLE: query×page dimension absent,PROPERTY_AGGREGATE_ONLY,3,2,NOT_AVAILABLE,SEO_EQUITY_REVIEW
https://echobuddha.com/learn/sutta-for-daily-life/magga-vibhanga-sutta-eightfold-path/,LEARN_GUIDE,true,true,0,39,0,12.77,NOT_AVAILABLE: query×page dimension absent,PROPERTY_AGGREGATE_ONLY,4,2,NOT_AVAILABLE,SEO_EQUITY_REVIEW
https://echobuddha.com/learn/sutta-for-daily-life/metta-sutta-explained-for-daily-life/,LEARN_GUIDE,true,true,1,4,0.25,6.75,NOT_AVAILABLE: query×page dimension absent,PROPERTY_AGGREGATE_ONLY,4,3,NOT_AVAILABLE,SEO_EQUITY_REVIEW
https://echobuddha.com/learn/sutta-for-daily-life/mindfulness-of-breathing-explained-simply/,LEARN_GUIDE,true,true,0,0,,,NOT_AVAILABLE: query×page dimension absent,PROPERTY_AGGREGATE_ONLY,3,3,NOT_AVAILABLE,SEO_EQUITY_REVIEW
https://echobuddha.com/learn/sutta-for-daily-life/right-speech-in-daily-life/,LEARN_GUIDE,true,true,0,0,,,NOT_AVAILABLE: query×page dimension absent,PROPERTY_AGGREGATE_ONLY,12,2,NOT_AVAILABLE,SEO_EQUITY_REVIEW
https://echobuddha.com/meditation/10-minute-meditation-practice/,MEDITATION_GUIDE,true,true,0,1,0,44,NOT_AVAILABLE: query×page dimension absent,PROPERTY_AGGREGATE_ONLY,3,2,NOT_AVAILABLE,SEO_EQUITY_REVIEW
https://echobuddha.com/meditation/5-minute-meditation-practice/,MEDITATION_GUIDE,true,true,0,1,0,25,NOT_AVAILABLE: query×page dimension absent,PROPERTY_AGGREGATE_ONLY,7,2,NOT_AVAILABLE,SEO_EQUITY_REVIEW
https://echobuddha.com/meditation/breathing-meditation/,MEDITATION_GUIDE,true,true,0,3,0,6,NOT_AVAILABLE: query×page dimension absent,PROPERTY_AGGREGATE_ONLY,12,2,NOT_AVAILABLE,SEO_EQUITY_REVIEW
https://echobuddha.com/meditation/,MEDITATION_HUB,true,true,0,6,0,13,NOT_AVAILABLE: query×page dimension absent,PROPERTY_AGGREGATE_ONLY,707,1,NOT_AVAILABLE,SEO_EQUITY_REVIEW
https://echobuddha.com/meditation/loving-kindness-meditation/,MEDITATION_GUIDE,true,true,0,0,,,NOT_AVAILABLE: query×page dimension absent,PROPERTY_AGGREGATE_ONLY,16,2,NOT_AVAILABLE,SEO_EQUITY_REVIEW
https://echobuddha.com/meditation/meditation-for-beginners/,MEDITATION_GUIDE,true,true,0,2,0,3,NOT_AVAILABLE: query×page dimension absent,PROPERTY_AGGREGATE_ONLY,45,1,NOT_AVAILABLE,SEO_EQUITY_REVIEW
https://echobuddha.com/meditation/meditation-posture-for-beginners/,MEDITATION_GUIDE,true,true,0,1,0,46,NOT_AVAILABLE: query×page dimension absent,PROPERTY_AGGREGATE_ONLY,3,2,NOT_AVAILABLE,SEO_EQUITY_REVIEW
https://echobuddha.com/meditation/mindfulness-in-daily-life/,MEDITATION_GUIDE,true,true,0,1,0,4,NOT_AVAILABLE: query×page dimension absent,PROPERTY_AGGREGATE_ONLY,6,2,NOT_AVAILABLE,SEO_EQUITY_REVIEW
https://echobuddha.com/meditation/walking-meditation/,MEDITATION_GUIDE,true,true,0,0,,,NOT_AVAILABLE: query×page dimension absent,PROPERTY_AGGREGATE_ONLY,5,2,NOT_AVAILABLE,SEO_EQUITY_REVIEW
https://echobuddha.com/meditation/when-meditation-feels-hard/,MEDITATION_GUIDE,true,true,0,1,0,45,NOT_AVAILABLE: query×page dimension absent,PROPERTY_AGGREGATE_ONLY,3,2,NOT_AVAILABLE,SEO_EQUITY_REVIEW
https://echobuddha.com/meditation-guide/,MEDITATION_GUIDE,true,true,0,21,0,18.86,NOT_AVAILABLE: query×page dimension absent,PROPERTY_AGGREGATE_ONLY,15,2,NOT_AVAILABLE,SEO_EQUITY_REVIEW
https://echobuddha.com/meditation-safety/,EDITORIAL_POLICY,true,true,0,1,0,23,NOT_AVAILABLE: query×page dimension absent,PROPERTY_AGGREGATE_ONLY,38,2,NOT_AVAILABLE,SEO_EQUITY_REVIEW
https://echobuddha.com/mindful-living/,TOPIC_HUB,true,true,0,11,0,13.09,NOT_AVAILABLE: query×page dimension absent,PROPERTY_AGGREGATE_ONLY,4,2,NOT_AVAILABLE,SEO_EQUITY_REVIEW
https://echobuddha.com/privacy-policy/,PRIVACY,true,true,0,4,0,9.5,NOT_AVAILABLE: query×page dimension absent,PROPERTY_AGGREGATE_ONLY,675,1,NOT_AVAILABLE,SEO_EQUITY_REVIEW
https://echobuddha.com/quote-attribution-policy/,SOURCE_POLICY,true,true,0,1,0,27,NOT_AVAILABLE: query×page dimension absent,PROPERTY_AGGREGATE_ONLY,172,2,NOT_AVAILABLE,SEO_EQUITY_REVIEW
https://echobuddha.com/quotes/awareness/acceptance-before-next-step/,QUOTE_STORY,true,true,0,0,,,NOT_AVAILABLE: query×page dimension absent,PROPERTY_AGGREGATE_ONLY,4,2,NOT_AVAILABLE,SEO_EQUITY_REVIEW
https://echobuddha.com/quotes/awareness/feelings-without-the-wheel/,QUOTE_STORY,true,true,0,1,0,6,NOT_AVAILABLE: query×page dimension absent,PROPERTY_AGGREGATE_ONLY,4,2,NOT_AVAILABLE,SEO_EQUITY_REVIEW
https://echobuddha.com/quotes/awareness/,QUOTE_CATEGORY,true,true,0,20,0,29.3,NOT_AVAILABLE: query×page dimension absent,PROPERTY_AGGREGATE_ONLY,150,2,NOT_AVAILABLE,SEO_EQUITY_REVIEW
https://echobuddha.com/quotes/awareness/look-beneath-the-reaction-and-you-may-find-a/,QUOTE_STORY,false,false,0,4,0,3.75,NOT_AVAILABLE: query×page dimension absent,PROPERTY_AGGREGATE_ONLY,4,2,NOT_AVAILABLE,SEO_EQUITY_REVIEW
https://echobuddha.com/quotes/awareness/one-breath-before-anger-replies/,QUOTE_STORY,true,true,0,0,,,NOT_AVAILABLE: query×page dimension absent,PROPERTY_AGGREGATE_ONLY,4,2,NOT_AVAILABLE,SEO_EQUITY_REVIEW
https://echobuddha.com/quotes/awareness/small-acts-of-attention-can-turn-an-ordinary-day/,QUOTE_STORY,false,false,0,9,0,20.11,NOT_AVAILABLE: query×page dimension absent,PROPERTY_AGGREGATE_ONLY,34,2,NOT_AVAILABLE,SEO_EQUITY_REVIEW
https://echobuddha.com/quotes/awareness/thoughts-are-visitors/,QUOTE_STORY,true,true,0,1,0,6,NOT_AVAILABLE: query×page dimension absent,PROPERTY_AGGREGATE_ONLY,4,2,NOT_AVAILABLE,SEO_EQUITY_REVIEW
https://echobuddha.com/quotes/awareness/thoughts-pass-without-commanding-you/,QUOTE_STORY,true,true,0,0,,,NOT_AVAILABLE: query×page dimension absent,PROPERTY_AGGREGATE_ONLY,4,2,NOT_AVAILABLE,SEO_EQUITY_REVIEW
https://echobuddha.com/quotes/compassion/compassion-sees-pain-clearly/,QUOTE_STORY,true,true,0,0,,,NOT_AVAILABLE: query×page dimension absent,PROPERTY_AGGREGATE_ONLY,4,2,NOT_AVAILABLE,SEO_EQUITY_REVIEW
https://echobuddha.com/quotes/compassion/gentle-self-compassion/,QUOTE_STORY,true,true,0,0,,,NOT_AVAILABLE: query×page dimension absent,PROPERTY_AGGREGATE_ONLY,4,2,NOT_AVAILABLE,SEO_EQUITY_REVIEW
https://echobuddha.com/quotes/compassion/,QUOTE_CATEGORY,true,true,0,50,0,46.22,NOT_AVAILABLE: query×page dimension absent,PROPERTY_AGGREGATE_ONLY,148,2,NOT_AVAILABLE,SEO_EQUITY_REVIEW
https://echobuddha.com/quotes/compassion/kindness-as-quiet-practice/,QUOTE_STORY,true,true,0,1,0,8,NOT_AVAILABLE: query×page dimension absent,PROPERTY_AGGREGATE_ONLY,4,2,NOT_AVAILABLE,SEO_EQUITY_REVIEW
https://echobuddha.com/quotes/compassion/let-kindness-be-the-echo-you-leave-in-every/,QUOTE_STORY,false,false,0,8,0,23.75,NOT_AVAILABLE: query×page dimension absent,PROPERTY_AGGREGATE_ONLY,34,2,NOT_AVAILABLE,SEO_EQUITY_REVIEW
https://echobuddha.com/quotes/compassion/loving-kindness-without-harm/,QUOTE_STORY,true,true,0,3,0,9,NOT_AVAILABLE: query×page dimension absent,PROPERTY_AGGREGATE_ONLY,4,2,NOT_AVAILABLE,SEO_EQUITY_REVIEW
https://echobuddha.com/quotes/impermanence/change-is-how-life-continues/,QUOTE_STORY,true,true,0,7,0,17.14,NOT_AVAILABLE: query×page dimension absent,PROPERTY_AGGREGATE_ONLY,4,2,NOT_AVAILABLE,SEO_EQUITY_REVIEW
https://echobuddha.com/quotes/impermanence/everything-changes-including-the-part-of-you-that-fears/,QUOTE_STORY,false,false,0,1,0,48,NOT_AVAILABLE: query×page dimension absent,PROPERTY_AGGREGATE_ONLY,26,2,NOT_AVAILABLE,SEO_EQUITY_REVIEW
https://echobuddha.com/quotes/impermanence/,QUOTE_CATEGORY,true,true,0,4,0,9,NOT_AVAILABLE: query×page dimension absent,PROPERTY_AGGREGATE_ONLY,116,2,NOT_AVAILABLE,SEO_EQUITY_REVIEW
https://echobuddha.com/quotes/impermanence/meet-change-softly/,QUOTE_STORY,true,true,0,0,,,NOT_AVAILABLE: query×page dimension absent,PROPERTY_AGGREGATE_ONLY,4,2,NOT_AVAILABLE,SEO_EQUITY_REVIEW
https://echobuddha.com/quotes/impermanence/the-fading-flower-does-not-make-its-blooming-less/,QUOTE_STORY,false,false,0,1,0,6,NOT_AVAILABLE: query×page dimension absent,PROPERTY_AGGREGATE_ONLY,26,2,NOT_AVAILABLE,SEO_EQUITY_REVIEW
https://echobuddha.com/quotes/impermanence/the-passing-of-joy-teaches-gratitude-the-passing-of/,QUOTE_STORY,false,false,0,1,0,7,NOT_AVAILABLE: query×page dimension absent,PROPERTY_AGGREGATE_ONLY,4,2,NOT_AVAILABLE,SEO_EQUITY_REVIEW
https://echobuddha.com/quotes/,QUOTE_HUB,true,true,0,23,0,5.52,NOT_AVAILABLE: query×page dimension absent,PROPERTY_AGGREGATE_ONLY,508,1,NOT_AVAILABLE,SEO_EQUITY_REVIEW
https://echobuddha.com/quotes/letting-go/caring-without-clinging/,QUOTE_STORY,true,true,0,1,0,11,NOT_AVAILABLE: query×page dimension absent,PROPERTY_AGGREGATE_ONLY,4,2,NOT_AVAILABLE,SEO_EQUITY_REVIEW
https://echobuddha.com/quotes/letting-go/forgiveness-without-approving-harm/,QUOTE_STORY,true,true,0,0,,,NOT_AVAILABLE: query×page dimension absent,PROPERTY_AGGREGATE_ONLY,4,2,NOT_AVAILABLE,SEO_EQUITY_REVIEW
https://echobuddha.com/quotes/letting-go/,QUOTE_CATEGORY,true,true,3,158,0.019,20.37,NOT_AVAILABLE: query×page dimension absent,PROPERTY_AGGREGATE_ONLY,185,2,NOT_AVAILABLE,SEO_EQUITY_REVIEW
https://echobuddha.com/quotes/letting-go/open-hands-non-attachment/,QUOTE_STORY,true,true,0,0,,,NOT_AVAILABLE: query×page dimension absent,PROPERTY_AGGREGATE_ONLY,4,2,NOT_AVAILABLE,SEO_EQUITY_REVIEW
https://echobuddha.com/quotes/letting-go/soften-around-stress/,QUOTE_STORY,true,true,0,1,0,11,NOT_AVAILABLE: query×page dimension absent,PROPERTY_AGGREGATE_ONLY,4,2,NOT_AVAILABLE,SEO_EQUITY_REVIEW
https://echobuddha.com/quotes/letting-go/what-leaves-your-life-may-still-leave-wisdom-behind/,QUOTE_STORY,false,false,0,3,0,5,NOT_AVAILABLE: query×page dimension absent,PROPERTY_AGGREGATE_ONLY,4,2,NOT_AVAILABLE,SEO_EQUITY_REVIEW
https://echobuddha.com/quotes/letting-go/where-attachment-begins/,QUOTE_STORY,true,true,0,0,,,NOT_AVAILABLE: query×page dimension absent,PROPERTY_AGGREGATE_ONLY,4,2,NOT_AVAILABLE,SEO_EQUITY_REVIEW
https://echobuddha.com/quotes/letting-go/you-do-not-need-to-carry-every-thought-that/,QUOTE_STORY,false,false,0,7,0,21.71,NOT_AVAILABLE: query×page dimension absent,PROPERTY_AGGREGATE_ONLY,52,2,NOT_AVAILABLE,SEO_EQUITY_REVIEW
https://echobuddha.com/quotes/meditation/a-short-sincere-practice-can-steady-a-long-and/,QUOTE_STORY,false,false,0,1,0,2,NOT_AVAILABLE: query×page dimension absent,PROPERTY_AGGREGATE_ONLY,4,2,NOT_AVAILABLE,SEO_EQUITY_REVIEW
https://echobuddha.com/quotes/meditation/few-quiet-minutes/,QUOTE_STORY,true,true,0,0,,,NOT_AVAILABLE: query×page dimension absent,PROPERTY_AGGREGATE_ONLY,4,2,NOT_AVAILABLE,SEO_EQUITY_REVIEW
https://echobuddha.com/quotes/meditation/,QUOTE_CATEGORY,true,true,0,14,0,20.14,NOT_AVAILABLE: query×page dimension absent,PROPERTY_AGGREGATE_ONLY,162,2,NOT_AVAILABLE,SEO_EQUITY_REVIEW
https://echobuddha.com/quotes/meditation/meditation-is-not-leaving-life-it-is-learning-how/,QUOTE_STORY,false,false,0,1,0,2,NOT_AVAILABLE: query×page dimension absent,PROPERTY_AGGREGATE_ONLY,48,2,NOT_AVAILABLE,SEO_EQUITY_REVIEW
https://echobuddha.com/quotes/meditation/meditation-is-returning/,QUOTE_STORY,true,true,0,0,,,NOT_AVAILABLE: query×page dimension absent,PROPERTY_AGGREGATE_ONLY,4,2,NOT_AVAILABLE,SEO_EQUITY_REVIEW
https://echobuddha.com/quotes/meditation/one-honest-breath/,QUOTE_STORY,true,true,0,0,,,NOT_AVAILABLE: query×page dimension absent,PROPERTY_AGGREGATE_ONLY,5,2,NOT_AVAILABLE,SEO_EQUITY_REVIEW
https://echobuddha.com/quotes/meditation/silence-is-not-empty-when-the-heart-is-listening/,QUOTE_STORY,false,false,0,4,0,26,NOT_AVAILABLE: query×page dimension absent,PROPERTY_AGGREGATE_ONLY,48,2,NOT_AVAILABLE,SEO_EQUITY_REVIEW
https://echobuddha.com/quotes/meditation/sit-with-the-day-as-it-is-before-asking/,QUOTE_STORY,false,false,0,2,0,3.5,NOT_AVAILABLE: query×page dimension absent,PROPERTY_AGGREGATE_ONLY,4,2,NOT_AVAILABLE,SEO_EQUITY_REVIEW
https://echobuddha.com/quotes/meditation/when-stillness-feels-impossible-begin-by-noticing-the-restlessness/,QUOTE_STORY,false,false,0,2,0,2,NOT_AVAILABLE: query×page dimension absent,PROPERTY_AGGREGATE_ONLY,4,2,NOT_AVAILABLE,SEO_EQUITY_REVIEW
https://echobuddha.com/quotes/mindfulness/a-peaceful-mind-begins-with-one-honest-breath/,QUOTE_STORY,false,false,0,5,0,24.4,NOT_AVAILABLE: query×page dimension absent,PROPERTY_AGGREGATE_ONLY,46,2,NOT_AVAILABLE,SEO_EQUITY_REVIEW
https://echobuddha.com/quotes/mindfulness/begin-the-day-with-awareness/,QUOTE_STORY,true,true,0,1,0,4,NOT_AVAILABLE: query×page dimension absent,PROPERTY_AGGREGATE_ONLY,5,2,NOT_AVAILABLE,SEO_EQUITY_REVIEW
https://echobuddha.com/quotes/mindfulness/gratitude-notices-enough/,QUOTE_STORY,true,true,0,0,,,NOT_AVAILABLE: query×page dimension absent,PROPERTY_AGGREGATE_ONLY,4,2,NOT_AVAILABLE,SEO_EQUITY_REVIEW
https://echobuddha.com/quotes/mindfulness/ground-yourself-gently/,QUOTE_STORY,true,true,0,1,0,60,NOT_AVAILABLE: query×page dimension absent,PROPERTY_AGGREGATE_ONLY,4,2,NOT_AVAILABLE,SEO_EQUITY_REVIEW
https://echobuddha.com/quotes/mindfulness/,QUOTE_CATEGORY,true,true,1,20,0.05,25.05,NOT_AVAILABLE: query×page dimension absent,PROPERTY_AGGREGATE_ONLY,180,2,NOT_AVAILABLE,SEO_EQUITY_REVIEW
https://echobuddha.com/quotes/mindfulness/listen-before-answering/,QUOTE_STORY,true,true,0,2,0,20.5,NOT_AVAILABLE: query×page dimension absent,PROPERTY_AGGREGATE_ONLY,4,2,NOT_AVAILABLE,SEO_EQUITY_REVIEW
https://echobuddha.com/quotes/mindfulness/listen-to-the-moment-before-filling-it-with-your/,QUOTE_STORY,false,false,0,1,0,64,NOT_AVAILABLE: query×page dimension absent,PROPERTY_AGGREGATE_ONLY,4,2,NOT_AVAILABLE,SEO_EQUITY_REVIEW
https://echobuddha.com/quotes/mindfulness/one-mindful-pause-can-change-the-direction-of-an/,QUOTE_STORY,false,false,0,1,0,3,NOT_AVAILABLE: query×page dimension absent,PROPERTY_AGGREGATE_ONLY,4,2,NOT_AVAILABLE,SEO_EQUITY_REVIEW
https://echobuddha.com/quotes/mindfulness/peace-begins-with-attention/,QUOTE_STORY,true,true,0,0,,,NOT_AVAILABLE: query×page dimension absent,PROPERTY_AGGREGATE_ONLY,4,2,NOT_AVAILABLE,SEO_EQUITY_REVIEW
https://echobuddha.com/quotes/mindfulness/present-moment-one-step/,QUOTE_STORY,true,true,0,0,,,NOT_AVAILABLE: query×page dimension absent,PROPERTY_AGGREGATE_ONLY,5,2,NOT_AVAILABLE,SEO_EQUITY_REVIEW
https://echobuddha.com/quotes/patience/family-kindness-and-patience/,QUOTE_STORY,true,true,0,0,,,NOT_AVAILABLE: query×page dimension absent,PROPERTY_AGGREGATE_ONLY,5,2,NOT_AVAILABLE,SEO_EQUITY_REVIEW
https://echobuddha.com/quotes/patience/,QUOTE_CATEGORY,true,true,1,179,0.005600000000000001,24.34,NOT_AVAILABLE: query×page dimension absent,PROPERTY_AGGREGATE_ONLY,122,2,NOT_AVAILABLE,SEO_EQUITY_REVIEW
https://echobuddha.com/quotes/patience/patience-softens-the-wait/,QUOTE_STORY,true,true,0,0,,,NOT_AVAILABLE: query×page dimension absent,PROPERTY_AGGREGATE_ONLY,4,2,NOT_AVAILABLE,SEO_EQUITY_REVIEW
https://echobuddha.com/quotes/patience/when-anger-rises-pause-long-enough-to-see-the/,QUOTE_STORY,false,false,0,8,0,28.5,NOT_AVAILABLE: query×page dimension absent,PROPERTY_AGGREGATE_ONLY,28,2,NOT_AVAILABLE,SEO_EQUITY_REVIEW
https://echobuddha.com/quotes/practice/eightfold-path-daily-choices/,QUOTE_STORY,true,true,0,2,0,4.5,NOT_AVAILABLE: query×page dimension absent,PROPERTY_AGGREGATE_ONLY,5,2,NOT_AVAILABLE,SEO_EQUITY_REVIEW
https://echobuddha.com/quotes/practice/,QUOTE_CATEGORY,true,true,0,11,0,8.64,NOT_AVAILABLE: query×page dimension absent,PROPERTY_AGGREGATE_ONLY,175,2,NOT_AVAILABLE,SEO_EQUITY_REVIEW
https://echobuddha.com/quotes/practice/mindfulness-at-work-breath/,QUOTE_STORY,true,true,0,0,,,NOT_AVAILABLE: query×page dimension absent,PROPERTY_AGGREGATE_ONLY,5,2,NOT_AVAILABLE,SEO_EQUITY_REVIEW
https://echobuddha.com/quotes/practice/right-intention-turns-the-heart/,QUOTE_STORY,true,true,0,0,,,NOT_AVAILABLE: query×page dimension absent,PROPERTY_AGGREGATE_ONLY,7,2,NOT_AVAILABLE,SEO_EQUITY_REVIEW
https://echobuddha.com/quotes/practice/small-actions-shape-the-mind/,QUOTE_STORY,true,true,0,1,0,10,NOT_AVAILABLE: query×page dimension absent,PROPERTY_AGGREGATE_ONLY,7,2,NOT_AVAILABLE,SEO_EQUITY_REVIEW
https://echobuddha.com/quotes/practice/the-path-is-not-far-away-it-is-the/,QUOTE_STORY,false,false,0,7,0,24.57,NOT_AVAILABLE: query×page dimension absent,PROPERTY_AGGREGATE_ONLY,46,2,NOT_AVAILABLE,SEO_EQUITY_REVIEW
https://echobuddha.com/quotes/practice/your-next-response-is-always-part-of-the-path/,QUOTE_STORY,false,false,0,1,0,5,NOT_AVAILABLE: query×page dimension absent,PROPERTY_AGGREGATE_ONLY,4,2,NOT_AVAILABLE,SEO_EQUITY_REVIEW
https://echobuddha.com/quotes/renewal/begin-again-gently-the-breath-is-always-willing/,QUOTE_STORY,false,false,0,1,0,9,NOT_AVAILABLE: query×page dimension absent,PROPERTY_AGGREGATE_ONLY,32,2,NOT_AVAILABLE,SEO_EQUITY_REVIEW
https://echobuddha.com/quotes/renewal/begin-again-without-shame/,QUOTE_STORY,true,true,0,0,,,NOT_AVAILABLE: query×page dimension absent,PROPERTY_AGGREGATE_ONLY,4,2,NOT_AVAILABLE,SEO_EQUITY_REVIEW
https://echobuddha.com/quotes/renewal/evening-release-reflection/,QUOTE_STORY,true,true,0,0,,,NOT_AVAILABLE: query×page dimension absent,PROPERTY_AGGREGATE_ONLY,4,2,NOT_AVAILABLE,SEO_EQUITY_REVIEW
https://echobuddha.com/quotes/renewal/gentle-hope-keeps-walking/,QUOTE_STORY,true,true,0,0,,,NOT_AVAILABLE: query×page dimension absent,PROPERTY_AGGREGATE_ONLY,4,2,NOT_AVAILABLE,SEO_EQUITY_REVIEW
https://echobuddha.com/quotes/renewal/,QUOTE_CATEGORY,true,true,0,3,0,7.67,NOT_AVAILABLE: query×page dimension absent,PROPERTY_AGGREGATE_ONLY,136,2,NOT_AVAILABLE,SEO_EQUITY_REVIEW
https://echobuddha.com/quotes/renewal/one-calm-morning-intention/,QUOTE_STORY,true,true,0,0,,,NOT_AVAILABLE: query×page dimension absent,PROPERTY_AGGREGATE_ONLY,4,2,NOT_AVAILABLE,SEO_EQUITY_REVIEW
https://echobuddha.com/quotes/wisdom/contentment-with-what-is-here/,QUOTE_STORY,true,true,0,0,,,NOT_AVAILABLE: query×page dimension absent,PROPERTY_AGGREGATE_ONLY,4,2,NOT_AVAILABLE,SEO_EQUITY_REVIEW
https://echobuddha.com/quotes/wisdom/difficult-people-and-boundaries/,QUOTE_STORY,true,true,0,0,,,NOT_AVAILABLE: query×page dimension absent,PROPERTY_AGGREGATE_ONLY,4,2,NOT_AVAILABLE,SEO_EQUITY_REVIEW
https://echobuddha.com/quotes/wisdom/,QUOTE_CATEGORY,true,true,0,9,0,20.11,NOT_AVAILABLE: query×page dimension absent,PROPERTY_AGGREGATE_ONLY,260,2,NOT_AVAILABLE,SEO_EQUITY_REVIEW
https://echobuddha.com/quotes/wisdom/karma-begins-in-intention/,QUOTE_STORY,true,true,0,7,0,8,NOT_AVAILABLE: query×page dimension absent,PROPERTY_AGGREGATE_ONLY,5,2,NOT_AVAILABLE,SEO_EQUITY_REVIEW
https://echobuddha.com/quotes/wisdom/knowing-when-not-to-speak-is-also-a-form/,QUOTE_STORY,false,false,0,1,0,5,NOT_AVAILABLE: query×page dimension absent,PROPERTY_AGGREGATE_ONLY,10,2,NOT_AVAILABLE,SEO_EQUITY_REVIEW
https://echobuddha.com/quotes/wisdom/learn-from-discomfort-without-turning-suffering-into-an-identity/,QUOTE_STORY,false,false,0,1,0,9,NOT_AVAILABLE: query×page dimension absent,PROPERTY_AGGREGATE_ONLY,4,2,NOT_AVAILABLE,SEO_EQUITY_REVIEW
https://echobuddha.com/quotes/wisdom/right-speech-with-kindness/,QUOTE_STORY,true,true,0,0,,,NOT_AVAILABLE: query×page dimension absent,PROPERTY_AGGREGATE_ONLY,5,2,NOT_AVAILABLE,SEO_EQUITY_REVIEW
https://echobuddha.com/quotes/wisdom/simplicity-clears-the-room/,QUOTE_STORY,true,true,0,0,,,NOT_AVAILABLE: query×page dimension absent,PROPERTY_AGGREGATE_ONLY,4,2,NOT_AVAILABLE,SEO_EQUITY_REVIEW
https://echobuddha.com/quotes/wisdom/the-lesson-repeats-until-attention-replaces-habit/,QUOTE_STORY,false,false,0,4,0,7,NOT_AVAILABLE: query×page dimension absent,PROPERTY_AGGREGATE_ONLY,4,2,NOT_AVAILABLE,SEO_EQUITY_REVIEW
https://echobuddha.com/quotes/wisdom/understanding-suffering-honestly/,QUOTE_STORY,true,true,0,0,,,NOT_AVAILABLE: query×page dimension absent,PROPERTY_AGGREGATE_ONLY,4,2,NOT_AVAILABLE,SEO_EQUITY_REVIEW
https://echobuddha.com/quotes/wisdom/wisdom-is-the-art-of-meeting-life-without-adding/,QUOTE_STORY,false,false,0,8,0,33,NOT_AVAILABLE: query×page dimension absent,PROPERTY_AGGREGATE_ONLY,80,2,NOT_AVAILABLE,SEO_EQUITY_REVIEW
https://echobuddha.com/quotes/wisdom/wisdom-sees-clearly/,QUOTE_STORY,true,true,0,3,0,5.67,NOT_AVAILABLE: query×page dimension absent,PROPERTY_AGGREGATE_ONLY,4,2,NOT_AVAILABLE,SEO_EQUITY_REVIEW
https://echobuddha.com/quotes/wisdom/wise-silence/,QUOTE_STORY,true,true,0,2,0,24,NOT_AVAILABLE: query×page dimension absent,PROPERTY_AGGREGATE_ONLY,5,2,NOT_AVAILABLE,SEO_EQUITY_REVIEW
https://echobuddha.com/start-here/,LEARN_GUIDE,true,true,0,0,,,NOT_AVAILABLE: query×page dimension absent,PROPERTY_AGGREGATE_ONLY,682,1,NOT_AVAILABLE,SEO_EQUITY_REVIEW
https://echobuddha.com/terms-of-use/,TERMS,true,true,0,3,0,22.33,NOT_AVAILABLE: query×page dimension absent,PROPERTY_AGGREGATE_ONLY,337,1,NOT_AVAILABLE,SEO_EQUITY_REVIEW
https://echobuddha.com/tools/,TOOL,true,true,0,6,0,10.67,NOT_AVAILABLE: query×page dimension absent,PROPERTY_AGGREGATE_ONLY,375,1,NOT_AVAILABLE,SEO_EQUITY_REVIEW
