filename,sha256,content_sha256,report_type,filters,start_date,end_date,sheet_names,sheet_data_rows,primary_data_rows,duplicate_or_scope_relation,phase_3_use,limitations
echobuddha.com-Performance-on-Search-2026-08-24.xlsx,0b3e8d9c55f9b7e1afa165be2f0959011f7f39898114e86e53094c75af0fcd2c,ef5052a0a3ee9e26f012311e64c4dd1600454a43043bde4a218e17762efc85ae,STANDARD_WEB_PERFORMANCE,"{""Search type"":""Web"",""Date"":""Last 3 months""}",2026-06-23,2026-08-21,Chart | Queries | Pages | Countries | Devices | Search appearance | Filters,Chart:60 | Queries:341 | Pages:183 | Countries:96 | Devices:3 | Search appearance:0 | Filters:2,341,UNIQUE_OR_SCOPED_EXPORT,Refresh 3-month Web performance and property-level final 28-day trend,Separate query/page tables; no query×page join or page-level 28-day comparison
echobuddha.com-Performance-on-Search-Generative-AI-Features-2026-08-24.xlsx,9569b77c8e022c5d9d899e04f000c1e40c2a93eac65ffecf64994d67975d0f9c,ce3380be7111a157e8f8ca06c1514f315b29dd0f4ceb2c79bcdf3399ecaf989a,GENERATIVE_AI_SEARCH_APPEARANCE,"{""Search type"":""Web"",""Date"":""Last 3 months""}",2026-06-23,2026-08-21,Chart | Pages | Countries | Devices | Filters,Chart:60 | Pages:34 | Countries:34 | Devices:3 | Filters:2,34,UNIQUE_OR_SCOPED_EXPORT,Supplemental Generative AI Search appearance protection,Kept separate from standard Web totals; page sums may differ from chart aggregation
echobuddha.com-Coverage-Drilldown-2026-08-24.xlsx,dbdf714382d6137339d5898b73fa40a4328b561700ffe3a862de944157435ffd,e96404aadca8fafd37f4e7d7270c5c1c5d912cba6f9f445d49f0ab611b3f17e7,PAGE_INDEXING_EXCEPTION: Excluded by ‘noindex’ tag,"{""Sitemap"":""All known pages"",""Issue"":""Excluded by ‘noindex’ tag""}",2026-06-30,2026-08-21,Chart | Table | Metadata,Chart:53 | Table:46 | Metadata:2,46,UNIQUE_OR_SCOPED_EXPORT,Join current Page Indexing exception examples to inventory,Example/report state can lag current live production; Last crawled 25569 is unreliable
echobuddha.com-Coverage-Drilldown-2026-08-24 (1).xlsx,e3f7f8cc29f33f83fe9d651efce87f5e5a054fa725d458e3251d931bb6d767c9,2dd89803669debfc95e907b866592b7bef918ae56048942a71d69c84ae3d26ee,PAGE_INDEXING_EXCEPTION: Not found (404),"{""Sitemap"":""All known pages"",""Issue"":""Not found (404)""}",2026-06-30,2026-08-21,Chart | Table | Metadata,Chart:53 | Table:1 | Metadata:2,1,UNIQUE_OR_SCOPED_EXPORT,Join current Page Indexing exception examples to inventory,Example/report state can lag current live production; Last crawled 25569 is unreliable
echobuddha.com-Coverage-Drilldown-2026-08-24 (2).xlsx,f3bc52ae17786d503eef5acce01afe23af5b99ffe0e7d83b5395c9579866e0b9,77dfeaa78295a6f7dadf3acc7477ba485632dee0946ea6f300a4036b021bb4b9,PAGE_INDEXING_EXCEPTION: Alternate page with proper canonical tag,"{""Sitemap"":""All known pages"",""Issue"":""Alternate page with proper canonical tag""}",2026-06-30,2026-08-21,Chart | Table | Metadata,Chart:53 | Table:1 | Metadata:2,1,UNIQUE_OR_SCOPED_EXPORT,Join current Page Indexing exception examples to inventory,Example/report state can lag current live production; Last crawled 25569 is unreliable
echobuddha.com-Coverage-Drilldown-2026-08-24 (3).xlsx,4748bc8195eff8139fbff68b86040df4ea2c22649c6238965c2b7e769a90250f,b3a42b63381fdfeaae7af5fbf29f3ffa654d93bbb41015a40b63a3289210b086,PAGE_INDEXING_EXCEPTION: Crawled - currently not indexed,"{""Sitemap"":""All known pages"",""Issue"":""Crawled - currently not indexed""}",2026-06-30,2026-08-21,Chart | Table | Metadata,Chart:53 | Table:3 | Metadata:2,3,UNIQUE_OR_SCOPED_EXPORT,Join current Page Indexing exception examples to inventory,Example/report state can lag current live production; Last crawled 25569 is unreliable
echobuddha.com-Coverage-Drilldown-2026-08-24 (4).xlsx,fa4021d83d22ce78622e746899ad585337b0d6a2160a7b9a627c8e9452917bbc,5eed77fbf066b7619bb44cadaa397bc80a0823e51a6228670611c1ec94d278e7,PAGE_INDEXING_EXCEPTION: Page with redirect,"{""Sitemap"":""All known pages"",""Issue"":""Page with redirect""}",2026-06-30,2026-08-21,Chart | Table | Metadata,Chart:53 | Table:9 | Metadata:2,9,UNIQUE_OR_SCOPED_EXPORT,Join current Page Indexing exception examples to inventory,Example/report state can lag current live production; Last crawled 25569 is unreliable
echobuddha.com-Coverage-Drilldown-2026-08-24 (5).xlsx,c36f863fb87b5da1afa93026f895dfb8ea4b7895bc98a46212f7bad661477172,58ffceb3253be3f7bd5e1225a814cccb9ebc42c5637e1c09f9dce4d43a4f2f39,PAGE_INDEXING_EXCEPTION: Discovered - currently not indexed,"{""Sitemap"":""All known pages"",""Issue"":""Discovered - currently not indexed""}",2026-06-30,2026-08-21,Chart | Table | Metadata,Chart:53 | Table:5 | Metadata:2,5,UNIQUE_OR_SCOPED_EXPORT,Join current Page Indexing exception examples to inventory,Example/report state can lag current live production; Last crawled 25569 is unreliable
echobuddha.com-Coverage-Drilldown-2026-08-24 (6).xlsx,a5dac0022afe83853d95d197bde8cd4ece6e855f1ebe7590a397ed959eba1953,58ffceb3253be3f7bd5e1225a814cccb9ebc42c5637e1c09f9dce4d43a4f2f39,PAGE_INDEXING_EXCEPTION: Discovered - currently not indexed,"{""Sitemap"":""All known pages"",""Issue"":""Discovered - currently not indexed""}",2026-06-30,2026-08-21,Chart | Table | Metadata,Chart:53 | Table:5 | Metadata:2,5,CONTENT_DUPLICATE_OF:echobuddha.com-Coverage-Drilldown-2026-08-24 (5).xlsx,Join current Page Indexing exception examples to inventory,Example/report state can lag current live production; Last crawled 25569 is unreliable
echobuddha.com-Coverage-Drilldown-2026-08-24 (7).xlsx,21a8c88308a0cab903f2cb22d87b24956111cf43be7fbd6b929302b9e0f95fe3,94ec1d1c9d390532f8c0c6968d5785af927dbdd61eec175ccf6a3422dfa6d011,PAGE_INDEXING_EXCEPTION: Crawled - currently not indexed,"{""Sitemap"":""All known pages"",""Issue"":""Crawled - currently not indexed""}",2026-06-30,2026-08-21,Chart | Table | Metadata,Chart:53 | Table:1 | Metadata:2,1,NARROWER_OVERLAP_OF:echobuddha.com-Coverage-Drilldown-2026-08-24 (3).xlsx,Join current Page Indexing exception examples to inventory,Example/report state can lag current live production; Last crawled 25569 is unreliable
echobuddha.com-Coverage-Valid-2026-08-24.xlsx,115efe635cc3fe644e9ebe380ea7603e5c5bf7e44f682a47776facbe04272510,dd5b1e94c49cbcddb7b16098dc2c2c2ee4fab8a7aeea041d29b69566ff7361bd,PAGE_INDEXING_VALID: All known pages,"{""Sitemap"":""All known pages""}",2026-06-30,2026-08-21,Chart | Table | Metadata,Chart:53 | Table:287 | Metadata:1,287,UNIQUE_OR_SCOPED_EXPORT,Reconcile indexed totals and scoped example tables,Scope-specific export; example count is not generalized beyond reported scope
echobuddha.com-Coverage-Valid-2026-08-24 (1).xlsx,e9adf8a89a7298db926a400c632979caa08c9aa798cf311c1e1fcdde994f470f,907e9a15b4cd1f2bfbcdee2499479da3ada4019c64ee3f5ae3fa036b994f9a5f,PAGE_INDEXING_VALID: All submitted pages,"{""Sitemap"":""All submitted pages""}",2026-06-30,2026-08-21,Chart | Table | Metadata,Chart:53 | Table:187 | Metadata:1,187,UNIQUE_OR_SCOPED_EXPORT,Reconcile indexed totals and scoped example tables,Scope-specific export; example count is not generalized beyond reported scope
echobuddha.com-Coverage-Valid-2026-08-24 (2).xlsx,bb2960b3a72e64264e6679263eb19fee8c0a9e8c15212d4922ec5d4eb1bb236c,15c1755e906c5dbd175f6508c2b47c146397b487cc9a9221fbb87d2c178b3bc4,PAGE_INDEXING_VALID: 160,"{""Sitemap"":""160""}",2026-06-30,2026-08-21,Chart | Table | Metadata,Chart:53 | Table:100 | Metadata:1,100,UNIQUE_OR_SCOPED_EXPORT,Reconcile indexed totals and scoped example tables,Scope-specific export; example count is not generalized beyond reported scope
echobuddha.com-Top target pages-2026-08-24.xlsx,84b4b7868d55363b386eb643e53cd005be9ae9e2eb828fdb0cf6600124443ca3,44deff5e19e797ae55df59e8cc489d2a72230edc7ec0b612ec11899704976dc2,GSC_INTERNAL_LINKS,{},,,Table,Table:37,37,UNIQUE_OR_SCOPED_EXPORT,Supporting first-party Search Console evidence,UI export; exact report-specific limits apply
echobuddha.com-Breadcrumbs-2026-08-24.xlsx,6747a10aac2bd85acecbf87519cc0da747ba1a0e1c2b287359e682bd4a24b158,823f52064e7c4726628c4dc762a05423cac6529e9c60598d6541e7835507cde5,BREADCRUMB_ENHANCEMENT,{},2026-06-24,2026-08-22,Chart | Critical issues | Non-critical issues,Chart:60 | Critical issues:0 | Non-critical issues:0,0,UNIQUE_OR_SCOPED_EXPORT,Supporting first-party Search Console evidence,UI export; exact report-specific limits apply
echobuddha.com-Https-2026-08-24.xlsx,95db0bb36a60af59e37b7463e65e24285bcdacc0071080fd93a067c958f651d1,753ada06c54308cb0ced77857644a1813e67ac72947a2f1dd28be218e34817f0,HTTPS_REPORT,{},2026-06-27,2026-08-23,Chart | Table,Chart:58 | Table:0,0,UNIQUE_OR_SCOPED_EXPORT,Supporting first-party Search Console evidence,UI export; exact report-specific limits apply
echobuddha.com-Latest links-2026-08-24.xlsx,674eb7282ee5b4ee6c4ce65937b75d8c4cd92e71f161e487a8f9a5fdafbe2aac,4f582a726959a8ebafb44fadf0234c456368fb287ae5461dd36ae7c50c3fd57d,GSC_EXTERNAL_LINKS_LATEST,{},,,Table,Table:0,0,UNIQUE_OR_SCOPED_EXPORT,Verify current GSC Links report returned no usable external rows,Sampled Google report; no rows is not proof of zero backlinks
echobuddha.com-More sample links-2026-08-24.xlsx,483e8f18b6ef835b252d3dabba416a71ae9a8f37e1d137e39b0313a6a93bb8b4,e52409470541be0fb2e91c99163aa4b549adf2999ba20c16bd128bbd0271e007,GSC_EXTERNAL_LINKS_SAMPLE,{},,,Table,Table:0,0,UNIQUE_OR_SCOPED_EXPORT,Verify current GSC Links report returned no usable external rows,Sampled Google report; no rows is not proof of zero backlinks
