URL,family,Search protection,shortest path from homepage,shortest path from relevant hub,internal inlinks,orphan?,UX assessment,remediation
https://echobuddha.com/about/,TRUST,SEO_P1_HIGH,1,1,335,NO,REASONABLE_DISCOVERABILITY,NONE
https://echobuddha.com/articles/beginning-a-daily-mindfulness-practice/,ARTICLE,SEO_P3_LIMITED,2,1,24,NO,REASONABLE_DISCOVERABILITY,NONE
https://echobuddha.com/articles/buddhism-for-beginners-simple-guide/,ARTICLE,SEO_P3_LIMITED,2,1,11,NO,REASONABLE_DISCOVERABILITY,NONE
https://echobuddha.com/articles/buddhist-approach-to-anger/,ARTICLE,SEO_P2_EMERGING,2,1,19,NO,REASONABLE_DISCOVERABILITY,NONE
https://echobuddha.com/articles/buddhist-gratitude-practice/,ARTICLE,SEO_P3_LIMITED,2,1,4,NO,REASONABLE_DISCOVERABILITY,NONE
https://echobuddha.com/articles/buddhist-teachings-on-forgiveness/,ARTICLE,SEO_P3_LIMITED,2,1,11,NO,REASONABLE_DISCOVERABILITY,NONE
https://echobuddha.com/articles/buddhist-teachings-on-impermanence/,ARTICLE,SEO_P3_LIMITED,2,1,8,NO,REASONABLE_DISCOVERABILITY,NONE
https://echobuddha.com/articles/buddhist-wisdom-for-overthinking/,ARTICLE,SEO_P1_HIGH,2,1,45,NO,REASONABLE_DISCOVERABILITY,NONE
https://echobuddha.com/articles/category/buddhist-wisdom/,ARTICLE_HUB,SEO_P2_EMERGING,1,1,94,NO,REASONABLE_DISCOVERABILITY,NONE
https://echobuddha.com/articles/category/meditation/,ARTICLE_HUB,SEO_P2_EMERGING,2,1,35,NO,REASONABLE_DISCOVERABILITY,NONE
https://echobuddha.com/articles/category/mindfulness/,ARTICLE_HUB,SEO_P2_EMERGING,2,1,54,NO,REASONABLE_DISCOVERABILITY,NONE
https://echobuddha.com/articles/category/practice/,ARTICLE_HUB,SEO_P2_EMERGING,1,1,52,NO,REASONABLE_DISCOVERABILITY,NONE
https://echobuddha.com/articles/category/reflection/,ARTICLE_HUB,SEO_P2_EMERGING,2,1,55,NO,REASONABLE_DISCOVERABILITY,NONE
https://echobuddha.com/articles/compassion-as-a-daily-discipline/,ARTICLE,SEO_P3_LIMITED,2,1,19,NO,REASONABLE_DISCOVERABILITY,NONE
https://echobuddha.com/articles/compassion-in-buddhism-beginner-guide/,ARTICLE,SEO_P1_HIGH,2,1,7,NO,REASONABLE_DISCOVERABILITY,NONE
https://echobuddha.com/articles/compassion-with-boundaries/,ARTICLE,SEO_P1_HIGH,1,1,57,NO,REASONABLE_DISCOVERABILITY,NONE
https://echobuddha.com/articles/creating-a-peaceful-corner-at-home/,ARTICLE,SEO_P2_EMERGING,2,1,2,NO,REASONABLE_DISCOVERABILITY,NONE
https://echobuddha.com/articles/dhamma-vs-dharma/,ARTICLE,SEO_P1_HIGH,1,1,55,NO,REASONABLE_DISCOVERABILITY,NONE
https://echobuddha.com/articles/dhammapada-reflection-trained-mind/,ARTICLE,SEO_P3_LIMITED,2,1,4,NO,REASONABLE_DISCOVERABILITY,NONE
https://echobuddha.com/articles/dhammapada-reflection-what-we-think/,ARTICLE,SEO_P1_HIGH,2,1,5,NO,REASONABLE_DISCOVERABILITY,NONE
https://echobuddha.com/articles/dhammapada-verse-1-meaning/,ARTICLE,SEO_P1_HIGH,2,1,36,NO,REASONABLE_DISCOVERABILITY,NONE
https://echobuddha.com/articles/eightfold-path-explained-daily-life/,ARTICLE,SEO_P2_EMERGING,2,1,8,NO,REASONABLE_DISCOVERABILITY,NONE
https://echobuddha.com/articles/eightfold-path-explained/,ARTICLE,SEO_P2_EMERGING,2,1,11,NO,REASONABLE_DISCOVERABILITY,NONE
https://echobuddha.com/articles/equanimity-in-buddhism/,ARTICLE,SEO_P2_EMERGING,2,1,2,NO,REASONABLE_DISCOVERABILITY,NONE
https://echobuddha.com/articles/first-week-buddhist-practice/,ARTICLE,SEO_P2_EMERGING,2,1,33,NO,REASONABLE_DISCOVERABILITY,NONE
https://echobuddha.com/articles/five-precepts-in-daily-life/,ARTICLE,SEO_P1_HIGH,2,1,4,NO,REASONABLE_DISCOVERABILITY,NONE
https://echobuddha.com/articles/four-noble-truths-explained-simply/,ARTICLE,SEO_P2_EMERGING,2,1,6,NO,REASONABLE_DISCOVERABILITY,NONE
https://echobuddha.com/articles/four-noble-truths-explained/,ARTICLE,SEO_P3_LIMITED,2,1,9,NO,REASONABLE_DISCOVERABILITY,NONE
https://echobuddha.com/articles/how-to-let-go-of-attachment-in-buddhism/,ARTICLE,SEO_P1_HIGH,2,1,40,NO,REASONABLE_DISCOVERABILITY,NONE
https://echobuddha.com/articles/how-to-meditate-for-anxiety/,ARTICLE,SEO_P2_EMERGING,2,1,9,NO,REASONABLE_DISCOVERABILITY,NONE
https://echobuddha.com/articles/how-to-meditate-for-beginners/,ARTICLE,SEO_P3_LIMITED,2,1,21,NO,REASONABLE_DISCOVERABILITY,NONE
https://echobuddha.com/articles/impermanence-in-buddhism-letting-go/,ARTICLE,SEO_P2_EMERGING,2,1,5,NO,REASONABLE_DISCOVERABILITY,NONE
https://echobuddha.com/articles/impermanence-in-buddhism/,ARTICLE,SEO_P2_EMERGING,2,1,11,NO,REASONABLE_DISCOVERABILITY,NONE
https://echobuddha.com/articles/,ARTICLE,SEO_P1_HIGH,1,0,335,NO,REASONABLE_DISCOVERABILITY,NONE
https://echobuddha.com/articles/loving-kindness-meditation-beginners/,ARTICLE,SEO_P3_LIMITED,2,1,9,NO,REASONABLE_DISCOVERABILITY,NONE
https://echobuddha.com/articles/loving-kindness-meditation-guide/,ARTICLE,SEO_P3_LIMITED,2,1,6,NO,REASONABLE_DISCOVERABILITY,NONE
https://echobuddha.com/articles/metta-meditation-script/,ARTICLE,SEO_P2_EMERGING,2,1,8,NO,REASONABLE_DISCOVERABILITY,NONE
https://echobuddha.com/articles/mindful-email-and-texting/,ARTICLE,SEO_P2_EMERGING,1,1,35,NO,REASONABLE_DISCOVERABILITY,NONE
https://echobuddha.com/articles/mindful-listening-in-everyday-life/,ARTICLE,SEO_P3_LIMITED,2,1,11,NO,REASONABLE_DISCOVERABILITY,NONE
https://echobuddha.com/articles/mindfulness-for-better-sleep/,ARTICLE,SEO_P2_EMERGING,2,1,8,NO,REASONABLE_DISCOVERABILITY,NONE
https://echobuddha.com/articles/mindfulness-morning-routine/,ARTICLE,SEO_P3_LIMITED,2,1,14,NO,REASONABLE_DISCOVERABILITY,NONE
https://echobuddha.com/articles/mindfulness-of-breathing-guide/,ARTICLE,SEO_P2_EMERGING,2,1,21,NO,REASONABLE_DISCOVERABILITY,NONE
https://echobuddha.com/articles/mindfulness-vs-meditation/,ARTICLE,SEO_P3_LIMITED,2,1,43,NO,REASONABLE_DISCOVERABILITY,NONE
https://echobuddha.com/articles/noble-eightfold-path-practical-guide/,ARTICLE,SEO_P1_HIGH,2,1,9,NO,REASONABLE_DISCOVERABILITY,NONE
https://echobuddha.com/articles/non-attachment-in-relationships/,ARTICLE,SEO_P3_LIMITED,2,1,41,NO,REASONABLE_DISCOVERABILITY,NONE
https://echobuddha.com/articles/right-livelihood-modern-life/,ARTICLE,SEO_P3_LIMITED,2,1,2,NO,REASONABLE_DISCOVERABILITY,NONE
https://echobuddha.com/articles/right-speech-buddhism/,ARTICLE,SEO_P0_CRITICAL,1,1,50,NO,REASONABLE_DISCOVERABILITY,NONE
https://echobuddha.com/articles/right-speech-examples/,ARTICLE,SEO_P3_LIMITED,2,1,7,NO,REASONABLE_DISCOVERABILITY,NONE
https://echobuddha.com/articles/three-poisons-buddhism-explained/,ARTICLE,SEO_P1_HIGH,2,1,3,NO,REASONABLE_DISCOVERABILITY,NONE
https://echobuddha.com/articles/three-ways-to-practice-patience/,ARTICLE,SEO_P2_EMERGING,2,1,13,NO,REASONABLE_DISCOVERABILITY,NONE
https://echobuddha.com/articles/visiting-a-buddhist-temple-respectfully/,ARTICLE,SEO_P1_HIGH,2,1,8,NO,REASONABLE_DISCOVERABILITY,NONE
https://echobuddha.com/articles/walking-meditation-step-by-step/,ARTICLE,SEO_P3_LIMITED,2,1,8,NO,REASONABLE_DISCOVERABILITY,NONE
https://echobuddha.com/articles/what-is-buddhism-beginner-guide/,ARTICLE,SEO_P2_EMERGING,2,1,10,NO,REASONABLE_DISCOVERABILITY,NONE
https://echobuddha.com/articles/what-is-karma-in-buddhism/,ARTICLE,SEO_P2_EMERGING,2,1,12,NO,REASONABLE_DISCOVERABILITY,NONE
https://echobuddha.com/articles/what-is-sangha-buddhist-community/,ARTICLE,SEO_P1_HIGH,2,1,6,NO,REASONABLE_DISCOVERABILITY,NONE
https://echobuddha.com/authors/echo-buddha-editorial/,TRUST,SEO_P2_EMERGING,1,1,335,NO,REASONABLE_DISCOVERABILITY,NONE
https://echobuddha.com/buddhist-sources-and-citations/,TRUST,SEO_P2_EMERGING,1,1,335,NO,REASONABLE_DISCOVERABILITY,NONE
https://echobuddha.com/contact/,TRUST,SEO_P2_EMERGING,1,1,335,NO,REASONABLE_DISCOVERABILITY,NONE
https://echobuddha.com/corrections/,TRUST,SEO_P2_EMERGING,1,1,335,NO,REASONABLE_DISCOVERABILITY,NONE
https://echobuddha.com/daily-reflections/anger-as-a-signal/,REFLECTION_DETAIL,SEO_UNKNOWN_OR_USER_ONLY,2,1,2,NO,REASONABLE_DISCOVERABILITY,NONE
https://echobuddha.com/daily-reflections/begin-again-without-shame/,REFLECTION_DETAIL,SEO_UNKNOWN_OR_USER_ONLY,2,1,2,NO,REASONABLE_DISCOVERABILITY,NONE
https://echobuddha.com/daily-reflections/compassion-begins-nearby/,REFLECTION_DETAIL,SEO_UNKNOWN_OR_USER_ONLY,2,1,2,NO,REASONABLE_DISCOVERABILITY,NONE
https://echobuddha.com/daily-reflections/enough-for-this-moment/,REFLECTION_DETAIL,SEO_UNKNOWN_OR_USER_ONLY,2,1,2,NO,REASONABLE_DISCOVERABILITY,NONE
https://echobuddha.com/daily-reflections/evening-release/,REFLECTION_DETAIL,SEO_UNKNOWN_OR_USER_ONLY,2,1,2,NO,REASONABLE_DISCOVERABILITY,NONE
https://echobuddha.com/daily-reflections/family-patience/,REFLECTION_DETAIL,SEO_UNKNOWN_OR_USER_ONLY,2,1,2,NO,REASONABLE_DISCOVERABILITY,NONE
https://echobuddha.com/daily-reflections/forgiveness-without-approval/,REFLECTION_DETAIL,SEO_UNKNOWN_OR_USER_ONLY,2,1,2,NO,REASONABLE_DISCOVERABILITY,NONE
https://echobuddha.com/daily-reflections/gratitude-for-change/,REFLECTION_DETAIL,SEO_UNKNOWN_OR_USER_ONLY,2,1,2,NO,REASONABLE_DISCOVERABILITY,NONE
https://echobuddha.com/daily-reflections/gratitude-notices-enough/,REFLECTION_DETAIL,SEO_UNKNOWN_OR_USER_ONLY,2,1,2,NO,REASONABLE_DISCOVERABILITY,NONE
https://echobuddha.com/daily-reflections/impermanence-softens-clinging/,REFLECTION_DETAIL,SEO_UNKNOWN_OR_USER_ONLY,2,1,2,NO,REASONABLE_DISCOVERABILITY,NONE
https://echobuddha.com/daily-reflections/,REFLECTION_HUB,SEO_P1_HIGH,1,0,335,NO,REASONABLE_DISCOVERABILITY,NONE
https://echobuddha.com/daily-reflections/kindness-with-boundaries/,REFLECTION_DETAIL,SEO_UNKNOWN_OR_USER_ONLY,2,1,2,NO,REASONABLE_DISCOVERABILITY,NONE
https://echobuddha.com/daily-reflections/let-the-feeling-pass/,REFLECTION_DETAIL,SEO_UNKNOWN_OR_USER_ONLY,2,1,2,NO,REASONABLE_DISCOVERABILITY,NONE
https://echobuddha.com/daily-reflections/letting-go-keeps-care/,REFLECTION_DETAIL,SEO_UNKNOWN_OR_USER_ONLY,2,1,2,NO,REASONABLE_DISCOVERABILITY,NONE
https://echobuddha.com/daily-reflections/listen-before-answering/,REFLECTION_DETAIL,SEO_UNKNOWN_OR_USER_ONLY,2,1,3,NO,REASONABLE_DISCOVERABILITY,NONE
https://echobuddha.com/daily-reflections/metta-for-a-difficult-person/,REFLECTION_DETAIL,SEO_UNKNOWN_OR_USER_ONLY,2,1,2,NO,REASONABLE_DISCOVERABILITY,NONE
https://echobuddha.com/daily-reflections/mindful-work/,REFLECTION_DETAIL,SEO_UNKNOWN_OR_USER_ONLY,2,1,2,NO,REASONABLE_DISCOVERABILITY,NONE
https://echobuddha.com/daily-reflections/morning-intention/,REFLECTION_DETAIL,SEO_UNKNOWN_OR_USER_ONLY,2,1,2,NO,REASONABLE_DISCOVERABILITY,NONE
https://echobuddha.com/daily-reflections/notice-before-fixing/,REFLECTION_DETAIL,SEO_UNKNOWN_OR_USER_ONLY,2,1,2,NO,REASONABLE_DISCOVERABILITY,NONE
https://echobuddha.com/daily-reflections/one-honest-breath/,REFLECTION_DETAIL,SEO_UNKNOWN_OR_USER_ONLY,2,1,2,NO,REASONABLE_DISCOVERABILITY,NONE
https://echobuddha.com/daily-reflections/one-step-on-the-path/,REFLECTION_DETAIL,SEO_UNKNOWN_OR_USER_ONLY,2,1,2,NO,REASONABLE_DISCOVERABILITY,NONE
https://echobuddha.com/daily-reflections/patience-before-anger-speaks/,REFLECTION_DETAIL,SEO_UNKNOWN_OR_USER_ONLY,1,1,4,NO,REASONABLE_DISCOVERABILITY,NONE
https://echobuddha.com/daily-reflections/rest-without-escape/,REFLECTION_DETAIL,SEO_UNKNOWN_OR_USER_ONLY,2,1,2,NO,REASONABLE_DISCOVERABILITY,NONE
https://echobuddha.com/daily-reflections/see-the-conditions/,REFLECTION_DETAIL,SEO_UNKNOWN_OR_USER_ONLY,2,1,2,NO,REASONABLE_DISCOVERABILITY,NONE
https://echobuddha.com/daily-reflections/simple-goodwill/,REFLECTION_DETAIL,SEO_UNKNOWN_OR_USER_ONLY,2,1,2,NO,REASONABLE_DISCOVERABILITY,NONE
https://echobuddha.com/daily-reflections/small-actions-shape-the-mind/,REFLECTION_DETAIL,SEO_UNKNOWN_OR_USER_ONLY,2,1,2,NO,REASONABLE_DISCOVERABILITY,NONE
https://echobuddha.com/daily-reflections/soften-the-inner-argument/,REFLECTION_DETAIL,SEO_UNKNOWN_OR_USER_ONLY,2,1,2,NO,REASONABLE_DISCOVERABILITY,NONE
https://echobuddha.com/daily-reflections/speech-can-reduce-suffering/,REFLECTION_DETAIL,SEO_UNKNOWN_OR_USER_ONLY,2,1,2,NO,REASONABLE_DISCOVERABILITY,NONE
https://echobuddha.com/daily-reflections/the-first-truth-is-kind/,REFLECTION_DETAIL,SEO_UNKNOWN_OR_USER_ONLY,2,1,2,NO,REASONABLE_DISCOVERABILITY,NONE
https://echobuddha.com/daily-reflections/thoughts-are-visitors/,REFLECTION_DETAIL,SEO_UNKNOWN_OR_USER_ONLY,2,1,2,NO,REASONABLE_DISCOVERABILITY,NONE
https://echobuddha.com/daily-reflections/today/,REFLECTION_DETAIL,SEO_UNKNOWN_OR_USER_ONLY,1,1,38,NO,REASONABLE_DISCOVERABILITY,NONE
https://echobuddha.com/daily-reflections/walking-as-practice/,REFLECTION_DETAIL,SEO_UNKNOWN_OR_USER_ONLY,2,1,2,NO,REASONABLE_DISCOVERABILITY,NONE
https://echobuddha.com/disclaimer/,UTILITY_OR_LEGAL,SEO_P2_EMERGING,1,1,335,NO,REASONABLE_DISCOVERABILITY,NONE
https://echobuddha.com/editorial-policy/,TRUST,SEO_P2_EMERGING,1,1,335,NO,REASONABLE_DISCOVERABILITY,NONE
https://echobuddha.com/how-echo-buddha-creates-content/,TRUST,SEO_P2_EMERGING,1,1,335,NO,REASONABLE_DISCOVERABILITY,NONE
https://echobuddha.com/,HOME,SEO_P0_CRITICAL,0,0,335,NO,REASONABLE_DISCOVERABILITY,NONE
https://echobuddha.com/learn/buddhism-101/a-simple-daily-buddhist-practice/,LEARN_DETAIL,SEO_P2_EMERGING,2,2,31,NO,REASONABLE_DISCOVERABILITY,NONE
https://echobuddha.com/learn/buddhism-101/dependent-origination-explained/,LEARN_DETAIL,SEO_P2_EMERGING,2,2,10,NO,REASONABLE_DISCOVERABILITY,NONE
https://echobuddha.com/learn/buddhism-101/five-aggregates-buddhism/,LEARN_DETAIL,SEO_P2_EMERGING,3,2,3,NO,REASONABLE_DISCOVERABILITY,NONE
https://echobuddha.com/learn/buddhism-101/five-hindrances-in-buddhism/,LEARN_DETAIL,SEO_P2_EMERGING,2,2,3,NO,REASONABLE_DISCOVERABILITY,NONE
https://echobuddha.com/learn/buddhism-101/five-precepts-buddhism/,LEARN_DETAIL,SEO_P2_EMERGING,2,1,10,NO,REASONABLE_DISCOVERABILITY,NONE
https://echobuddha.com/learn/buddhism-101/four-brahmaviharas/,LEARN_DETAIL,SEO_P2_EMERGING,2,1,3,NO,REASONABLE_DISCOVERABILITY,NONE
https://echobuddha.com/learn/buddhism-101/how-to-practice-buddhism-at-home/,LEARN_DETAIL,SEO_P2_EMERGING,2,2,8,NO,REASONABLE_DISCOVERABILITY,NONE
https://echobuddha.com/learn/buddhism-101/,LEARN_SUBHUB,SEO_P2_EMERGING,2,1,25,NO,REASONABLE_DISCOVERABILITY,NONE
https://echobuddha.com/learn/buddhism-101/middle-way-explained-for-beginners/,LEARN_DETAIL,SEO_P2_EMERGING,2,1,3,NO,REASONABLE_DISCOVERABILITY,NONE
https://echobuddha.com/learn/buddhism-101/right-livelihood-buddhism/,LEARN_DETAIL,SEO_P2_EMERGING,2,2,7,NO,REASONABLE_DISCOVERABILITY,NONE
https://echobuddha.com/learn/buddhism-101/the-four-noble-truths-explained/,LEARN_DETAIL,SEO_P2_EMERGING,2,2,9,NO,REASONABLE_DISCOVERABILITY,NONE
https://echobuddha.com/learn/buddhism-101/the-noble-eightfold-path-explained/,LEARN_DETAIL,SEO_P2_EMERGING,2,2,8,NO,REASONABLE_DISCOVERABILITY,NONE
https://echobuddha.com/learn/buddhism-101/the-three-jewels-explained/,LEARN_DETAIL,SEO_P2_EMERGING,2,1,10,NO,REASONABLE_DISCOVERABILITY,NONE
https://echobuddha.com/learn/buddhism-101/three-marks-of-existence/,LEARN_DETAIL,SEO_P2_EMERGING,3,2,6,NO,REASONABLE_DISCOVERABILITY,NONE
https://echobuddha.com/learn/buddhism-101/threefold-training-sila-samadhi-panna/,LEARN_DETAIL,SEO_P1_HIGH,2,1,3,NO,REASONABLE_DISCOVERABILITY,NONE
https://echobuddha.com/learn/buddhism-101/what-is-buddhism/,LEARN_DETAIL,SEO_P2_EMERGING,1,1,8,NO,REASONABLE_DISCOVERABILITY,NONE
https://echobuddha.com/learn/buddhism-101/what-is-impermanence/,LEARN_DETAIL,SEO_P2_EMERGING,2,2,28,NO,REASONABLE_DISCOVERABILITY,NONE
https://echobuddha.com/learn/buddhism-101/what-is-karma-in-buddhism/,LEARN_DETAIL,SEO_P2_EMERGING,3,2,8,NO,REASONABLE_DISCOVERABILITY,NONE
https://echobuddha.com/learn/buddhism-101/what-is-mindfulness/,LEARN_DETAIL,SEO_P1_HIGH,1,2,41,NO,REASONABLE_DISCOVERABILITY,NONE
https://echobuddha.com/learn/buddhism-101/who-was-the-buddha/,LEARN_DETAIL,SEO_P2_EMERGING,3,2,3,NO,REASONABLE_DISCOVERABILITY,NONE
https://echobuddha.com/learn/buddhism-for-beginners/,LEARN_SUBHUB,SEO_P1_HIGH,2,1,10,NO,REASONABLE_DISCOVERABILITY,NONE
https://echobuddha.com/learn/buddhist-dictionary/anatta/,LEARN_DETAIL,SEO_P2_EMERGING,3,2,12,NO,REASONABLE_DISCOVERABILITY,NONE
https://echobuddha.com/learn/buddhist-dictionary/anicca/,LEARN_DETAIL,SEO_P2_EMERGING,2,2,26,NO,REASONABLE_DISCOVERABILITY,NONE
https://echobuddha.com/learn/buddhist-dictionary/compassion/,LEARN_DETAIL,SEO_P2_EMERGING,2,2,45,NO,REASONABLE_DISCOVERABILITY,NONE
https://echobuddha.com/learn/buddhist-dictionary/dhamma/,LEARN_DETAIL,SEO_P1_HIGH,2,1,73,NO,REASONABLE_DISCOVERABILITY,NONE
https://echobuddha.com/learn/buddhist-dictionary/dukkha/,LEARN_DETAIL,SEO_P2_EMERGING,2,2,43,NO,REASONABLE_DISCOVERABILITY,NONE
https://echobuddha.com/learn/buddhist-dictionary/,LEARN_SUBHUB,SEO_P2_EMERGING,2,1,22,NO,REASONABLE_DISCOVERABILITY,NONE
https://echobuddha.com/learn/buddhist-dictionary/karma/,LEARN_DETAIL,SEO_P2_EMERGING,2,1,35,NO,REASONABLE_DISCOVERABILITY,NONE
https://echobuddha.com/learn/buddhist-dictionary/karuna/,LEARN_DETAIL,SEO_P2_EMERGING,2,2,11,NO,REASONABLE_DISCOVERABILITY,NONE
https://echobuddha.com/learn/buddhist-dictionary/metta/,LEARN_DETAIL,SEO_P1_HIGH,2,1,22,NO,REASONABLE_DISCOVERABILITY,NONE
https://echobuddha.com/learn/buddhist-dictionary/mindfulness/,LEARN_DETAIL,SEO_P2_EMERGING,2,2,34,NO,REASONABLE_DISCOVERABILITY,NONE
https://echobuddha.com/learn/buddhist-dictionary/nirvana/,LEARN_DETAIL,SEO_P2_EMERGING,2,2,4,NO,REASONABLE_DISCOVERABILITY,NONE
https://echobuddha.com/learn/buddhist-dictionary/pali-canon/,LEARN_DETAIL,SEO_P2_EMERGING,3,2,6,NO,REASONABLE_DISCOVERABILITY,NONE
https://echobuddha.com/learn/buddhist-dictionary/sangha/,LEARN_DETAIL,SEO_P2_EMERGING,3,2,7,NO,REASONABLE_DISCOVERABILITY,NONE
https://echobuddha.com/learn/buddhist-dictionary/sati/,LEARN_DETAIL,SEO_P1_HIGH,2,2,60,NO,REASONABLE_DISCOVERABILITY,NONE
https://echobuddha.com/learn/buddhist-dictionary/sutta/,LEARN_DETAIL,SEO_P2_EMERGING,3,2,8,NO,REASONABLE_DISCOVERABILITY,NONE
https://echobuddha.com/learn/buddhist-resources/,LEARN_SUBHUB,SEO_P2_EMERGING,2,1,7,NO,REASONABLE_DISCOVERABILITY,NONE
https://echobuddha.com/learn/dhammapada-reflections/avoid-evil-do-good-purify-the-mind/,LEARN_DETAIL,SEO_P2_EMERGING,2,1,3,NO,REASONABLE_DISCOVERABILITY,NONE
https://echobuddha.com/learn/dhammapada-reflections/better-than-a-thousand-empty-words/,LEARN_DETAIL,SEO_P2_EMERGING,2,1,3,NO,REASONABLE_DISCOVERABILITY,NONE
https://echobuddha.com/learn/dhammapada-reflections/hatred-is-not-ended-by-hatred/,LEARN_DETAIL,SEO_P2_EMERGING,2,1,3,NO,REASONABLE_DISCOVERABILITY,NONE
https://echobuddha.com/learn/dhammapada-reflections/,LEARN_SUBHUB,SEO_P2_EMERGING,2,1,13,NO,REASONABLE_DISCOVERABILITY,NONE
https://echobuddha.com/learn/dhammapada-reflections/peace-comes-from-a-trained-mind/,LEARN_DETAIL,SEO_P2_EMERGING,3,2,4,NO,REASONABLE_DISCOVERABILITY,NONE
https://echobuddha.com/learn/dhammapada-reflections/the-mind-leads-all-things/,LEARN_DETAIL,SEO_P2_EMERGING,3,2,5,NO,REASONABLE_DISCOVERABILITY,NONE
https://echobuddha.com/learn/eightfold-path/,LEARN_SUBHUB,SEO_P1_HIGH,1,1,42,NO,REASONABLE_DISCOVERABILITY,NONE
https://echobuddha.com/learn/four-noble-truths/,LEARN_SUBHUB,SEO_P2_EMERGING,1,1,17,NO,REASONABLE_DISCOVERABILITY,NONE
https://echobuddha.com/learn/,LEARN_HUB,SEO_P2_EMERGING,1,0,335,NO,REASONABLE_DISCOVERABILITY,NONE
https://echobuddha.com/learn/questions-about-buddhism/,LEARN_SUBHUB,SEO_P2_EMERGING,2,1,5,NO,REASONABLE_DISCOVERABILITY,NONE
https://echobuddha.com/learn/sutta-for-daily-life/buddhas-teaching-on-patience/,LEARN_DETAIL,SEO_P2_EMERGING,3,2,4,NO,REASONABLE_DISCOVERABILITY,NONE
https://echobuddha.com/learn/sutta-for-daily-life/dhammacakkappavattana-sutta-four-noble-truths/,LEARN_DETAIL,SEO_P2_EMERGING,2,1,4,NO,REASONABLE_DISCOVERABILITY,NONE
https://echobuddha.com/learn/sutta-for-daily-life/how-to-read-a-buddhist-sutta/,LEARN_DETAIL,SEO_P2_EMERGING,3,2,2,NO,REASONABLE_DISCOVERABILITY,NONE
https://echobuddha.com/learn/sutta-for-daily-life/,LEARN_SUBHUB,SEO_P2_EMERGING,2,1,12,NO,REASONABLE_DISCOVERABILITY,NONE
https://echobuddha.com/learn/sutta-for-daily-life/kalama-sutta-and-wise-thinking/,LEARN_DETAIL,SEO_P2_EMERGING,2,1,3,NO,REASONABLE_DISCOVERABILITY,NONE
https://echobuddha.com/learn/sutta-for-daily-life/magga-vibhanga-sutta-eightfold-path/,LEARN_DETAIL,SEO_P2_EMERGING,2,1,4,NO,REASONABLE_DISCOVERABILITY,NONE
https://echobuddha.com/learn/sutta-for-daily-life/metta-sutta-explained-for-daily-life/,LEARN_DETAIL,SEO_P1_HIGH,3,2,4,NO,REASONABLE_DISCOVERABILITY,NONE
https://echobuddha.com/learn/sutta-for-daily-life/mindfulness-of-breathing-explained-simply/,LEARN_DETAIL,SEO_P2_EMERGING,3,2,3,NO,REASONABLE_DISCOVERABILITY,NONE
https://echobuddha.com/learn/sutta-for-daily-life/right-speech-in-daily-life/,LEARN_DETAIL,SEO_P2_EMERGING,2,2,11,NO,REASONABLE_DISCOVERABILITY,NONE
https://echobuddha.com/meditation-guide/,UTILITY_OR_LEGAL,SEO_P2_EMERGING,2,2,14,NO,REASONABLE_DISCOVERABILITY,NONE
https://echobuddha.com/meditation-safety/,TRUST,SEO_P3_LIMITED,2,2,55,NO,REASONABLE_DISCOVERABILITY,NONE
https://echobuddha.com/meditation/10-minute-meditation-practice/,MEDITATION_DETAIL,SEO_P2_EMERGING,2,1,3,NO,REASONABLE_DISCOVERABILITY,NONE
https://echobuddha.com/meditation/5-minute-meditation-practice/,MEDITATION_DETAIL,SEO_P2_EMERGING,2,1,5,NO,REASONABLE_DISCOVERABILITY,NONE
https://echobuddha.com/meditation/breathing-meditation/,MEDITATION_DETAIL,SEO_P2_EMERGING,2,1,10,NO,REASONABLE_DISCOVERABILITY,NONE
https://echobuddha.com/meditation/,MEDITATION_HUB,SEO_P2_EMERGING,1,0,335,NO,REASONABLE_DISCOVERABILITY,NONE
https://echobuddha.com/meditation/loving-kindness-meditation/,MEDITATION_DETAIL,SEO_P2_EMERGING,2,1,11,NO,REASONABLE_DISCOVERABILITY,NONE
https://echobuddha.com/meditation/meditation-for-beginners/,MEDITATION_DETAIL,SEO_P3_LIMITED,1,1,37,NO,REASONABLE_DISCOVERABILITY,NONE
https://echobuddha.com/meditation/meditation-posture-for-beginners/,MEDITATION_DETAIL,SEO_P2_EMERGING,2,1,3,NO,REASONABLE_DISCOVERABILITY,NONE
https://echobuddha.com/meditation/mindfulness-in-daily-life/,MEDITATION_DETAIL,SEO_P2_EMERGING,2,1,5,NO,REASONABLE_DISCOVERABILITY,NONE
https://echobuddha.com/meditation/walking-meditation/,MEDITATION_DETAIL,SEO_P2_EMERGING,2,1,5,NO,REASONABLE_DISCOVERABILITY,NONE
https://echobuddha.com/meditation/when-meditation-feels-hard/,MEDITATION_DETAIL,SEO_P2_EMERGING,2,1,2,NO,REASONABLE_DISCOVERABILITY,NONE
https://echobuddha.com/mindful-living/,UTILITY_OR_LEGAL,SEO_P1_HIGH,2,2,4,NO,REASONABLE_DISCOVERABILITY,NONE
https://echobuddha.com/privacy-policy/,UTILITY_OR_LEGAL,SEO_P2_EMERGING,1,1,335,NO,REASONABLE_DISCOVERABILITY,NONE
https://echobuddha.com/quote-attribution-policy/,TRUST,SEO_P2_EMERGING,2,2,170,NO,REASONABLE_DISCOVERABILITY,NONE
https://echobuddha.com/quotes/awareness/acceptance-before-next-step/,QUOTE_STORY_USER_ONLY,SEO_UNKNOWN_OR_USER_ONLY,2,1,2,NO,REASONABLE_DISCOVERABILITY,NONE
https://echobuddha.com/quotes/awareness/anger-asks-for-speed-awareness-asks-for-one-more/,QUOTE_STORY_USER_ONLY,SEO_UNKNOWN_OR_USER_ONLY,2,1,17,NO,REASONABLE_DISCOVERABILITY,NONE
https://echobuddha.com/quotes/awareness/awareness-does-not-remove-the-storm-it-keeps-you/,QUOTE_STORY_USER_ONLY,SEO_UNKNOWN_OR_USER_ONLY,2,1,2,NO,REASONABLE_DISCOVERABILITY,NONE
https://echobuddha.com/quotes/awareness/clear-seeing-begins-with-the-courage-to-stop-looking/,QUOTE_STORY_USER_ONLY,SEO_UNKNOWN_OR_USER_ONLY,2,1,2,NO,REASONABLE_DISCOVERABILITY,NONE
https://echobuddha.com/quotes/awareness/feelings-are-honest-about-their-presence-not-always-about/,QUOTE_STORY_USER_ONLY,SEO_UNKNOWN_OR_USER_ONLY,2,1,2,NO,REASONABLE_DISCOVERABILITY,NONE
https://echobuddha.com/quotes/awareness/feelings-without-the-wheel/,QUOTE_STORY_USER_ONLY,SEO_UNKNOWN_OR_USER_ONLY,2,1,2,NO,REASONABLE_DISCOVERABILITY,NONE
https://echobuddha.com/quotes/awareness/,QUOTE_TOPIC,SEO_P1_HIGH,2,1,37,NO,REASONABLE_DISCOVERABILITY,NONE
https://echobuddha.com/quotes/awareness/look-beneath-the-reaction-and-you-may-find-a/,QUOTE_STORY_USER_ONLY,SEO_UNKNOWN_OR_USER_ONLY,2,1,2,NO,REASONABLE_DISCOVERABILITY,NONE
https://echobuddha.com/quotes/awareness/name-the-feeling-gently-and-it-may-stop-speaking/,QUOTE_STORY_USER_ONLY,SEO_UNKNOWN_OR_USER_ONLY,2,1,17,NO,REASONABLE_DISCOVERABILITY,NONE
https://echobuddha.com/quotes/awareness/notice-the-habit-before-trying-to-become-someone-without/,QUOTE_STORY_USER_ONLY,SEO_UNKNOWN_OR_USER_ONLY,2,1,2,NO,REASONABLE_DISCOVERABILITY,NONE
https://echobuddha.com/quotes/awareness/one-breath-before-anger-replies/,QUOTE_STORY_USER_ONLY,SEO_UNKNOWN_OR_USER_ONLY,2,1,2,NO,REASONABLE_DISCOVERABILITY,NONE
https://echobuddha.com/quotes/awareness/small-acts-of-attention-can-turn-an-ordinary-day/,QUOTE_STORY_USER_ONLY,SEO_UNKNOWN_OR_USER_ONLY,2,1,17,NO,REASONABLE_DISCOVERABILITY,NONE
https://echobuddha.com/quotes/awareness/the-body-often-knows-you-are-overwhelmed-before-the/,QUOTE_STORY_USER_ONLY,SEO_UNKNOWN_OR_USER_ONLY,2,1,5,NO,REASONABLE_DISCOVERABILITY,NONE
https://echobuddha.com/quotes/awareness/thoughts-are-visitors/,QUOTE_STORY_USER_ONLY,SEO_UNKNOWN_OR_USER_ONLY,2,1,2,NO,REASONABLE_DISCOVERABILITY,NONE
https://echobuddha.com/quotes/awareness/thoughts-pass-without-commanding-you/,QUOTE_STORY_USER_ONLY,SEO_UNKNOWN_OR_USER_ONLY,2,1,2,NO,REASONABLE_DISCOVERABILITY,NONE
https://echobuddha.com/quotes/awareness/what-you-can-observe-clearly-no-longer-controls-you/,QUOTE_STORY_USER_ONLY,SEO_UNKNOWN_OR_USER_ONLY,2,1,2,NO,REASONABLE_DISCOVERABILITY,NONE
https://echobuddha.com/quotes/awareness/when-the-mind-tightens-let-the-body-be-your/,QUOTE_STORY_USER_ONLY,SEO_UNKNOWN_OR_USER_ONLY,2,1,2,NO,REASONABLE_DISCOVERABILITY,NONE
https://echobuddha.com/quotes/compassion/a-gentle-response-can-end-suffering-that-anger-would/,QUOTE_STORY_USER_ONLY,SEO_UNKNOWN_OR_USER_ONLY,2,1,2,NO,REASONABLE_DISCOVERABILITY,NONE
https://echobuddha.com/quotes/compassion/before-judging-another-life-remember-how-much-of-your/,QUOTE_STORY_USER_ONLY,SEO_UNKNOWN_OR_USER_ONLY,2,1,5,NO,REASONABLE_DISCOVERABILITY,NONE
https://echobuddha.com/quotes/compassion/compassion-asks-what-hurts-before-it-asks-who-is/,QUOTE_STORY_USER_ONLY,SEO_UNKNOWN_OR_USER_ONLY,2,1,2,NO,REASONABLE_DISCOVERABILITY,NONE
https://echobuddha.com/quotes/compassion/compassion-grows-where-judgment-loosens-its-grip/,QUOTE_STORY_USER_ONLY,SEO_UNKNOWN_OR_USER_ONLY,2,1,17,NO,REASONABLE_DISCOVERABILITY,NONE
https://echobuddha.com/quotes/compassion/compassion-sees-pain-clearly/,QUOTE_STORY_USER_ONLY,SEO_UNKNOWN_OR_USER_ONLY,2,1,2,NO,REASONABLE_DISCOVERABILITY,NONE
https://echobuddha.com/quotes/compassion/gentle-self-compassion/,QUOTE_STORY_USER_ONLY,SEO_UNKNOWN_OR_USER_ONLY,2,1,2,NO,REASONABLE_DISCOVERABILITY,NONE
https://echobuddha.com/quotes/compassion/,QUOTE_TOPIC,SEO_P1_HIGH,2,1,36,NO,REASONABLE_DISCOVERABILITY,NONE
https://echobuddha.com/quotes/compassion/kindness-as-quiet-practice/,QUOTE_STORY_USER_ONLY,SEO_UNKNOWN_OR_USER_ONLY,2,1,2,NO,REASONABLE_DISCOVERABILITY,NONE
https://echobuddha.com/quotes/compassion/kindness-does-not-need-an-audience-to-become-meaningful/,QUOTE_STORY_USER_ONLY,SEO_UNKNOWN_OR_USER_ONLY,2,1,17,NO,REASONABLE_DISCOVERABILITY,NONE
https://echobuddha.com/quotes/compassion/let-kindness-be-the-echo-you-leave-in-every/,QUOTE_STORY_USER_ONLY,SEO_UNKNOWN_OR_USER_ONLY,2,1,17,NO,REASONABLE_DISCOVERABILITY,NONE
https://echobuddha.com/quotes/compassion/let-your-boundaries-be-clear-and-your-heart-remain/,QUOTE_STORY_USER_ONLY,SEO_UNKNOWN_OR_USER_ONLY,2,1,2,NO,REASONABLE_DISCOVERABILITY,NONE
https://echobuddha.com/quotes/compassion/loving-kindness-without-harm/,QUOTE_STORY_USER_ONLY,SEO_UNKNOWN_OR_USER_ONLY,2,1,2,NO,REASONABLE_DISCOVERABILITY,NONE
https://echobuddha.com/quotes/compassion/offer-others-the-patience-you-hope-to-receive-on/,QUOTE_STORY_USER_ONLY,SEO_UNKNOWN_OR_USER_ONLY,2,1,2,NO,REASONABLE_DISCOVERABILITY,NONE
https://echobuddha.com/quotes/compassion/small-kindnesses-often-reach-places-that-advice-cannot/,QUOTE_STORY_USER_ONLY,SEO_UNKNOWN_OR_USER_ONLY,2,1,2,NO,REASONABLE_DISCOVERABILITY,NONE
https://echobuddha.com/quotes/compassion/the-heart-becomes-spacious-each-time-it-chooses-care/,QUOTE_STORY_USER_ONLY,SEO_UNKNOWN_OR_USER_ONLY,2,1,2,NO,REASONABLE_DISCOVERABILITY,NONE
https://echobuddha.com/quotes/compassion/to-understand-someone-is-not-to-excuse-harm-it/,QUOTE_STORY_USER_ONLY,SEO_UNKNOWN_OR_USER_ONLY,2,1,2,NO,REASONABLE_DISCOVERABILITY,NONE
https://echobuddha.com/quotes/compassion/when-you-cannot-remove-anothers-burden-do-not-add/,QUOTE_STORY_USER_ONLY,SEO_UNKNOWN_OR_USER_ONLY,2,1,2,NO,REASONABLE_DISCOVERABILITY,NONE
https://echobuddha.com/quotes/impermanence/acceptance-begins-where-the-argument-with-change-ends/,QUOTE_STORY_USER_ONLY,SEO_UNKNOWN_OR_USER_ONLY,2,1,2,NO,REASONABLE_DISCOVERABILITY,NONE
https://echobuddha.com/quotes/impermanence/because-this-moment-will-pass-meet-it-while-it/,QUOTE_STORY_USER_ONLY,SEO_UNKNOWN_OR_USER_ONLY,2,1,13,NO,REASONABLE_DISCOVERABILITY,NONE
https://echobuddha.com/quotes/impermanence/change-is-how-life-continues/,QUOTE_STORY_USER_ONLY,SEO_UNKNOWN_OR_USER_ONLY,2,1,2,NO,REASONABLE_DISCOVERABILITY,NONE
https://echobuddha.com/quotes/impermanence/change-takes-nothing-personally-it-simply-continues/,QUOTE_STORY_USER_ONLY,SEO_UNKNOWN_OR_USER_ONLY,2,1,5,NO,REASONABLE_DISCOVERABILITY,NONE
https://echobuddha.com/quotes/impermanence/everything-changes-including-the-part-of-you-that-fears/,QUOTE_STORY_USER_ONLY,SEO_UNKNOWN_OR_USER_ONLY,2,1,13,NO,REASONABLE_DISCOVERABILITY,NONE
https://echobuddha.com/quotes/impermanence/hold-each-day-carefully-knowing-it-cannot-be-held/,QUOTE_STORY_USER_ONLY,SEO_UNKNOWN_OR_USER_ONLY,2,1,2,NO,REASONABLE_DISCOVERABILITY,NONE
https://echobuddha.com/quotes/impermanence/,QUOTE_TOPIC,SEO_P2_EMERGING,2,1,32,NO,REASONABLE_DISCOVERABILITY,NONE
https://echobuddha.com/quotes/impermanence/meet-change-softly/,QUOTE_STORY_USER_ONLY,SEO_UNKNOWN_OR_USER_ONLY,2,1,2,NO,REASONABLE_DISCOVERABILITY,NONE
https://echobuddha.com/quotes/impermanence/no-season-is-asked-to-remain-in-order-to/,QUOTE_STORY_USER_ONLY,SEO_UNKNOWN_OR_USER_ONLY,2,1,2,NO,REASONABLE_DISCOVERABILITY,NONE
https://echobuddha.com/quotes/impermanence/the-fading-flower-does-not-make-its-blooming-less/,QUOTE_STORY_USER_ONLY,SEO_UNKNOWN_OR_USER_ONLY,2,1,13,NO,REASONABLE_DISCOVERABILITY,NONE
https://echobuddha.com/quotes/impermanence/the-passing-of-joy-teaches-gratitude-the-passing-of/,QUOTE_STORY_USER_ONLY,SEO_UNKNOWN_OR_USER_ONLY,2,1,2,NO,REASONABLE_DISCOVERABILITY,NONE
https://echobuddha.com/quotes/impermanence/todays-certainty-may-become-tomorrows-lesson-in-humility/,QUOTE_STORY_USER_ONLY,SEO_UNKNOWN_OR_USER_ONLY,2,1,2,NO,REASONABLE_DISCOVERABILITY,NONE
https://echobuddha.com/quotes/impermanence/what-changes-is-not-always-lost-sometimes-it-is/,QUOTE_STORY_USER_ONLY,SEO_UNKNOWN_OR_USER_ONLY,2,1,2,NO,REASONABLE_DISCOVERABILITY,NONE
https://echobuddha.com/quotes/,QUOTE_HUB,SEO_P1_HIGH,1,0,335,NO,REASONABLE_DISCOVERABILITY,NONE
https://echobuddha.com/quotes/letting-go/an-open-hand-can-care-for-what-a-clenched/,QUOTE_STORY_USER_ONLY,SEO_UNKNOWN_OR_USER_ONLY,2,1,2,NO,REASONABLE_DISCOVERABILITY,NONE
https://echobuddha.com/quotes/letting-go/caring-without-clinging/,QUOTE_STORY_USER_ONLY,SEO_UNKNOWN_OR_USER_ONLY,2,1,2,NO,REASONABLE_DISCOVERABILITY,NONE
https://echobuddha.com/quotes/letting-go/forgiveness-without-approving-harm/,QUOTE_STORY_USER_ONLY,SEO_UNKNOWN_OR_USER_ONLY,2,1,2,NO,REASONABLE_DISCOVERABILITY,NONE
https://echobuddha.com/quotes/letting-go/freedom-often-sounds-like-the-quiet-end-of-an/,QUOTE_STORY_USER_ONLY,SEO_UNKNOWN_OR_USER_ONLY,2,1,2,NO,REASONABLE_DISCOVERABILITY,NONE
https://echobuddha.com/quotes/letting-go/,QUOTE_TOPIC,SEO_P0_CRITICAL,2,1,38,NO,REASONABLE_DISCOVERABILITY,NONE
https://echobuddha.com/quotes/letting-go/let-the-feeling-pass-through-without-building-it-a/,QUOTE_STORY_USER_ONLY,SEO_UNKNOWN_OR_USER_ONLY,2,1,2,NO,REASONABLE_DISCOVERABILITY,NONE
https://echobuddha.com/quotes/letting-go/letting-go-begins-by-admitting-how-tightly-you-are/,QUOTE_STORY_USER_ONLY,SEO_UNKNOWN_OR_USER_ONLY,2,1,24,NO,REASONABLE_DISCOVERABILITY,NONE
https://echobuddha.com/quotes/letting-go/open-hands-non-attachment/,QUOTE_STORY_USER_ONLY,SEO_UNKNOWN_OR_USER_ONLY,2,1,2,NO,REASONABLE_DISCOVERABILITY,NONE
https://echobuddha.com/quotes/letting-go/peace-enters-when-control-is-no-longer-the-price/,QUOTE_STORY_USER_ONLY,SEO_UNKNOWN_OR_USER_ONLY,2,1,3,NO,REASONABLE_DISCOVERABILITY,NONE
https://echobuddha.com/quotes/letting-go/release-the-need-to-replay-what-can-no-longer/,QUOTE_STORY_USER_ONLY,SEO_UNKNOWN_OR_USER_ONLY,2,1,24,NO,REASONABLE_DISCOVERABILITY,NONE
https://echobuddha.com/quotes/letting-go/release-the-outcome-but-keep-the-care-you-bring/,QUOTE_STORY_USER_ONLY,SEO_UNKNOWN_OR_USER_ONLY,2,1,2,NO,REASONABLE_DISCOVERABILITY,NONE
https://echobuddha.com/quotes/letting-go/soften-around-stress/,QUOTE_STORY_USER_ONLY,SEO_UNKNOWN_OR_USER_ONLY,2,1,2,NO,REASONABLE_DISCOVERABILITY,NONE
https://echobuddha.com/quotes/letting-go/what-leaves-your-life-may-still-leave-wisdom-behind/,QUOTE_STORY_USER_ONLY,SEO_UNKNOWN_OR_USER_ONLY,2,1,2,NO,REASONABLE_DISCOVERABILITY,NONE
https://echobuddha.com/quotes/letting-go/where-attachment-begins/,QUOTE_STORY_USER_ONLY,SEO_UNKNOWN_OR_USER_ONLY,2,1,2,NO,REASONABLE_DISCOVERABILITY,NONE
https://echobuddha.com/quotes/letting-go/you-can-honor-the-past-without-asking-it-to/,QUOTE_STORY_USER_ONLY,SEO_UNKNOWN_OR_USER_ONLY,2,1,5,NO,REASONABLE_DISCOVERABILITY,NONE
https://echobuddha.com/quotes/letting-go/you-do-not-betray-a-memory-by-allowing-yourself/,QUOTE_STORY_USER_ONLY,SEO_UNKNOWN_OR_USER_ONLY,2,1,2,NO,REASONABLE_DISCOVERABILITY,NONE
https://echobuddha.com/quotes/letting-go/you-do-not-need-to-carry-every-thought-that/,QUOTE_STORY_USER_ONLY,SEO_UNKNOWN_OR_USER_ONLY,2,1,24,NO,REASONABLE_DISCOVERABILITY,NONE
https://echobuddha.com/quotes/meditation/a-short-sincere-practice-can-steady-a-long-and/,QUOTE_STORY_USER_ONLY,SEO_UNKNOWN_OR_USER_ONLY,2,1,2,NO,REASONABLE_DISCOVERABILITY,NONE
https://echobuddha.com/quotes/meditation/do-not-search-meditation-for-a-special-self-notice/,QUOTE_STORY_USER_ONLY,SEO_UNKNOWN_OR_USER_ONLY,2,1,2,NO,REASONABLE_DISCOVERABILITY,NONE
https://echobuddha.com/quotes/meditation/every-return-from-distraction-strengthens-the-path-home/,QUOTE_STORY_USER_ONLY,SEO_UNKNOWN_OR_USER_ONLY,2,1,2,NO,REASONABLE_DISCOVERABILITY,NONE
https://echobuddha.com/quotes/meditation/few-quiet-minutes/,QUOTE_STORY_USER_ONLY,SEO_UNKNOWN_OR_USER_ONLY,2,1,2,NO,REASONABLE_DISCOVERABILITY,NONE
https://echobuddha.com/quotes/meditation/follow-the-breath-lightly-as-you-would-listen-to/,QUOTE_STORY_USER_ONLY,SEO_UNKNOWN_OR_USER_ONLY,2,1,2,NO,REASONABLE_DISCOVERABILITY,NONE
https://echobuddha.com/quotes/meditation/,QUOTE_TOPIC,SEO_P1_HIGH,2,1,38,NO,REASONABLE_DISCOVERABILITY,NONE
https://echobuddha.com/quotes/meditation/meditation-is-not-leaving-life-it-is-learning-how/,QUOTE_STORY_USER_ONLY,SEO_UNKNOWN_OR_USER_ONLY,2,1,24,NO,REASONABLE_DISCOVERABILITY,NONE
https://echobuddha.com/quotes/meditation/meditation-is-returning/,QUOTE_STORY_USER_ONLY,SEO_UNKNOWN_OR_USER_ONLY,2,1,2,NO,REASONABLE_DISCOVERABILITY,NONE
https://echobuddha.com/quotes/meditation/one-honest-breath/,QUOTE_STORY_USER_ONLY,SEO_UNKNOWN_OR_USER_ONLY,2,1,3,NO,REASONABLE_DISCOVERABILITY,NONE
https://echobuddha.com/quotes/meditation/silence-is-not-empty-when-the-heart-is-listening/,QUOTE_STORY_USER_ONLY,SEO_UNKNOWN_OR_USER_ONLY,2,1,24,NO,REASONABLE_DISCOVERABILITY,NONE
https://echobuddha.com/quotes/meditation/sit-with-the-day-as-it-is-before-asking/,QUOTE_STORY_USER_ONLY,SEO_UNKNOWN_OR_USER_ONLY,2,1,2,NO,REASONABLE_DISCOVERABILITY,NONE
https://echobuddha.com/quotes/meditation/sit-without-demanding-silence-and-the-mind-will-teach/,QUOTE_STORY_USER_ONLY,SEO_UNKNOWN_OR_USER_ONLY,2,1,24,NO,REASONABLE_DISCOVERABILITY,NONE
https://echobuddha.com/quotes/meditation/the-bell-fades-but-careful-listening-can-continue/,QUOTE_STORY_USER_ONLY,SEO_UNKNOWN_OR_USER_ONLY,2,1,2,NO,REASONABLE_DISCOVERABILITY,NONE
https://echobuddha.com/quotes/meditation/the-cushion-is-a-place-to-practice-returning-not/,QUOTE_STORY_USER_ONLY,SEO_UNKNOWN_OR_USER_ONLY,2,1,5,NO,REASONABLE_DISCOVERABILITY,NONE
https://echobuddha.com/quotes/meditation/when-stillness-feels-impossible-begin-by-noticing-the-restlessness/,QUOTE_STORY_USER_ONLY,SEO_UNKNOWN_OR_USER_ONLY,2,1,2,NO,REASONABLE_DISCOVERABILITY,NONE
https://echobuddha.com/quotes/mindfulness/a-peaceful-mind-begins-with-one-honest-breath/,QUOTE_STORY_USER_ONLY,SEO_UNKNOWN_OR_USER_ONLY,2,1,23,NO,REASONABLE_DISCOVERABILITY,NONE
https://echobuddha.com/quotes/mindfulness/a-wandering-mind-is-not-a-failed-mind-it/,QUOTE_STORY_USER_ONLY,SEO_UNKNOWN_OR_USER_ONLY,2,1,2,NO,REASONABLE_DISCOVERABILITY,NONE
https://echobuddha.com/quotes/mindfulness/awareness-begins-when-hurry-loosens-its-hold/,QUOTE_STORY_USER_ONLY,SEO_UNKNOWN_OR_USER_ONLY,2,1,2,NO,REASONABLE_DISCOVERABILITY,NONE
https://echobuddha.com/quotes/mindfulness/begin-the-day-with-awareness/,QUOTE_STORY_USER_ONLY,SEO_UNKNOWN_OR_USER_ONLY,2,1,2,NO,REASONABLE_DISCOVERABILITY,NONE
https://echobuddha.com/quotes/mindfulness/give-one-ordinary-task-the-dignity-of-your-full/,QUOTE_STORY_USER_ONLY,SEO_UNKNOWN_OR_USER_ONLY,2,1,2,NO,REASONABLE_DISCOVERABILITY,NONE
https://echobuddha.com/quotes/mindfulness/gratitude-notices-enough/,QUOTE_STORY_USER_ONLY,SEO_UNKNOWN_OR_USER_ONLY,2,1,2,NO,REASONABLE_DISCOVERABILITY,NONE
https://echobuddha.com/quotes/mindfulness/ground-yourself-gently/,QUOTE_STORY_USER_ONLY,SEO_UNKNOWN_OR_USER_ONLY,2,1,2,NO,REASONABLE_DISCOVERABILITY,NONE
https://echobuddha.com/quotes/mindfulness/,QUOTE_TOPIC,SEO_P1_HIGH,2,1,42,NO,REASONABLE_DISCOVERABILITY,NONE
https://echobuddha.com/quotes/mindfulness/listen-before-answering/,QUOTE_STORY_USER_ONLY,SEO_UNKNOWN_OR_USER_ONLY,2,1,2,NO,REASONABLE_DISCOVERABILITY,NONE
https://echobuddha.com/quotes/mindfulness/listen-to-the-moment-before-filling-it-with-your/,QUOTE_STORY_USER_ONLY,SEO_UNKNOWN_OR_USER_ONLY,2,1,2,NO,REASONABLE_DISCOVERABILITY,NONE
https://echobuddha.com/quotes/mindfulness/notice-what-is-here-before-deciding-what-it-means/,QUOTE_STORY_USER_ONLY,SEO_UNKNOWN_OR_USER_ONLY,2,1,5,NO,REASONABLE_DISCOVERABILITY,NONE
https://echobuddha.com/quotes/mindfulness/one-mindful-pause-can-change-the-direction-of-an/,QUOTE_STORY_USER_ONLY,SEO_UNKNOWN_OR_USER_ONLY,2,1,2,NO,REASONABLE_DISCOVERABILITY,NONE
https://echobuddha.com/quotes/mindfulness/peace-begins-with-attention/,QUOTE_STORY_USER_ONLY,SEO_UNKNOWN_OR_USER_ONLY,2,1,2,NO,REASONABLE_DISCOVERABILITY,NONE
https://echobuddha.com/quotes/mindfulness/peace-grows-when-attention-stops-running-ahead-of-the/,QUOTE_STORY_USER_ONLY,SEO_UNKNOWN_OR_USER_ONLY,2,1,23,NO,REASONABLE_DISCOVERABILITY,NONE
https://echobuddha.com/quotes/mindfulness/present-moment-one-step/,QUOTE_STORY_USER_ONLY,SEO_UNKNOWN_OR_USER_ONLY,2,1,3,NO,REASONABLE_DISCOVERABILITY,NONE
https://echobuddha.com/quotes/mindfulness/return-to-the-breath-before-you-return-to-the/,QUOTE_STORY_USER_ONLY,SEO_UNKNOWN_OR_USER_ONLY,2,1,23,NO,REASONABLE_DISCOVERABILITY,NONE
https://echobuddha.com/quotes/mindfulness/the-more-clearly-you-notice-life-the-less-carelessly/,QUOTE_STORY_USER_ONLY,SEO_UNKNOWN_OR_USER_ONLY,2,1,2,NO,REASONABLE_DISCOVERABILITY,NONE
https://echobuddha.com/quotes/mindfulness/the-present-moment-asks-for-your-attention-not-your/,QUOTE_STORY_USER_ONLY,SEO_UNKNOWN_OR_USER_ONLY,2,1,2,NO,REASONABLE_DISCOVERABILITY,NONE
https://echobuddha.com/quotes/patience/a-difficult-moment-becomes-heavier-when-we-demand-that/,QUOTE_STORY_USER_ONLY,SEO_UNKNOWN_OR_USER_ONLY,2,1,2,NO,REASONABLE_DISCOVERABILITY,NONE
https://echobuddha.com/quotes/patience/be-patient-with-the-part-of-you-that-is/,QUOTE_STORY_USER_ONLY,SEO_UNKNOWN_OR_USER_ONLY,2,1,2,NO,REASONABLE_DISCOVERABILITY,NONE
https://echobuddha.com/quotes/patience/family-kindness-and-patience/,QUOTE_STORY_USER_ONLY,SEO_UNKNOWN_OR_USER_ONLY,2,1,3,NO,REASONABLE_DISCOVERABILITY,NONE
https://echobuddha.com/quotes/patience/growth-is-quiet-work-often-invisible-until-the-season/,QUOTE_STORY_USER_ONLY,SEO_UNKNOWN_OR_USER_ONLY,2,1,2,NO,REASONABLE_DISCOVERABILITY,NONE
https://echobuddha.com/quotes/patience/,QUOTE_TOPIC,SEO_P1_HIGH,2,1,31,NO,REASONABLE_DISCOVERABILITY,NONE
https://echobuddha.com/quotes/patience/not-every-delay-is-an-obstacle-some-are-invitations/,QUOTE_STORY_USER_ONLY,SEO_UNKNOWN_OR_USER_ONLY,2,1,14,NO,REASONABLE_DISCOVERABILITY,NONE
https://echobuddha.com/quotes/patience/patience-is-the-strength-to-remain-present-while-life/,QUOTE_STORY_USER_ONLY,SEO_UNKNOWN_OR_USER_ONLY,2,1,14,NO,REASONABLE_DISCOVERABILITY,NONE
https://echobuddha.com/quotes/patience/patience-makes-room-for-truth-to-arrive-without-force/,QUOTE_STORY_USER_ONLY,SEO_UNKNOWN_OR_USER_ONLY,2,1,2,NO,REASONABLE_DISCOVERABILITY,NONE
https://echobuddha.com/quotes/patience/patience-softens-the-wait/,QUOTE_STORY_USER_ONLY,SEO_UNKNOWN_OR_USER_ONLY,2,1,2,NO,REASONABLE_DISCOVERABILITY,NONE
https://echobuddha.com/quotes/patience/some-answers-become-clear-only-after-the-mind-stops/,QUOTE_STORY_USER_ONLY,SEO_UNKNOWN_OR_USER_ONLY,2,1,2,NO,REASONABLE_DISCOVERABILITY,NONE
https://echobuddha.com/quotes/patience/stay-gentle-with-beginnings-they-are-carrying-more-than/,QUOTE_STORY_USER_ONLY,SEO_UNKNOWN_OR_USER_ONLY,2,1,2,NO,REASONABLE_DISCOVERABILITY,NONE
https://echobuddha.com/quotes/patience/the-path-unfolds-at-the-pace-of-sincere-practice/,QUOTE_STORY_USER_ONLY,SEO_UNKNOWN_OR_USER_ONLY,2,1,2,NO,REASONABLE_DISCOVERABILITY,NONE
https://echobuddha.com/quotes/patience/wait-long-enough-for-the-first-reaction-to-become/,QUOTE_STORY_USER_ONLY,SEO_UNKNOWN_OR_USER_ONLY,2,1,5,NO,REASONABLE_DISCOVERABILITY,NONE
https://echobuddha.com/quotes/patience/when-anger-rises-pause-long-enough-to-see-the/,QUOTE_STORY_USER_ONLY,SEO_UNKNOWN_OR_USER_ONLY,2,1,14,NO,REASONABLE_DISCOVERABILITY,NONE
https://echobuddha.com/quotes/practice/a-peaceful-life-is-built-from-peaceful-moments-practiced/,QUOTE_STORY_USER_ONLY,SEO_UNKNOWN_OR_USER_ONLY,2,1,2,NO,REASONABLE_DISCOVERABILITY,NONE
https://echobuddha.com/quotes/practice/begin-with-what-is-possible-then-return-tomorrow/,QUOTE_STORY_USER_ONLY,SEO_UNKNOWN_OR_USER_ONLY,2,1,2,NO,REASONABLE_DISCOVERABILITY,NONE
https://echobuddha.com/quotes/practice/bring-the-teaching-into-the-place-where-you-are/,QUOTE_STORY_USER_ONLY,SEO_UNKNOWN_OR_USER_ONLY,2,1,2,NO,REASONABLE_DISCOVERABILITY,NONE
https://echobuddha.com/quotes/practice/daily-practice-turns-understanding-from-an-idea-into-a/,QUOTE_STORY_USER_ONLY,SEO_UNKNOWN_OR_USER_ONLY,2,1,2,NO,REASONABLE_DISCOVERABILITY,NONE
https://echobuddha.com/quotes/practice/do-not-wait-to-feel-ready-before-choosing-what/,QUOTE_STORY_USER_ONLY,SEO_UNKNOWN_OR_USER_ONLY,2,1,2,NO,REASONABLE_DISCOVERABILITY,NONE
https://echobuddha.com/quotes/practice/eightfold-path-daily-choices/,QUOTE_STORY_USER_ONLY,SEO_UNKNOWN_OR_USER_ONLY,2,1,3,NO,REASONABLE_DISCOVERABILITY,NONE
https://echobuddha.com/quotes/practice/,QUOTE_TOPIC,SEO_P1_HIGH,2,1,50,NO,REASONABLE_DISCOVERABILITY,NONE
https://echobuddha.com/quotes/practice/mindfulness-at-work-breath/,QUOTE_STORY_USER_ONLY,SEO_UNKNOWN_OR_USER_ONLY,2,1,3,NO,REASONABLE_DISCOVERABILITY,NONE
https://echobuddha.com/quotes/practice/practice-becomes-real-when-it-enters-your-speech-and/,QUOTE_STORY_USER_ONLY,SEO_UNKNOWN_OR_USER_ONLY,2,1,23,NO,REASONABLE_DISCOVERABILITY,NONE
https://echobuddha.com/quotes/practice/right-intention-turns-the-heart/,QUOTE_STORY_USER_ONLY,SEO_UNKNOWN_OR_USER_ONLY,2,1,5,NO,REASONABLE_DISCOVERABILITY,NONE
https://echobuddha.com/quotes/practice/small-actions-shape-the-mind/,QUOTE_STORY_USER_ONLY,SEO_UNKNOWN_OR_USER_ONLY,2,1,5,NO,REASONABLE_DISCOVERABILITY,NONE
https://echobuddha.com/quotes/practice/the-path-is-not-far-away-it-is-the/,QUOTE_STORY_USER_ONLY,SEO_UNKNOWN_OR_USER_ONLY,2,1,23,NO,REASONABLE_DISCOVERABILITY,NONE
https://echobuddha.com/quotes/practice/the-path-is-shaped-by-what-you-repeat-when/,QUOTE_STORY_USER_ONLY,SEO_UNKNOWN_OR_USER_ONLY,2,1,2,NO,REASONABLE_DISCOVERABILITY,NONE
https://echobuddha.com/quotes/practice/the-smallest-wholesome-action-is-larger-than-the-finest/,QUOTE_STORY_USER_ONLY,SEO_UNKNOWN_OR_USER_ONLY,2,1,5,NO,REASONABLE_DISCOVERABILITY,NONE
https://echobuddha.com/quotes/practice/walk-slowly-enough-to-notice-where-your-life-is/,QUOTE_STORY_USER_ONLY,SEO_UNKNOWN_OR_USER_ONLY,2,1,23,NO,REASONABLE_DISCOVERABILITY,NONE
https://echobuddha.com/quotes/practice/your-next-response-is-always-part-of-the-path/,QUOTE_STORY_USER_ONLY,SEO_UNKNOWN_OR_USER_ONLY,2,1,2,NO,REASONABLE_DISCOVERABILITY,NONE
https://echobuddha.com/quotes/renewal/a-mistake-becomes-a-teacher-when-honesty-enters-the/,QUOTE_STORY_USER_ONLY,SEO_UNKNOWN_OR_USER_ONLY,2,1,2,NO,REASONABLE_DISCOVERABILITY,NONE
https://echobuddha.com/quotes/renewal/a-new-direction-can-start-with-one-different-choice/,QUOTE_STORY_USER_ONLY,SEO_UNKNOWN_OR_USER_ONLY,2,1,16,NO,REASONABLE_DISCOVERABILITY,NONE
https://echobuddha.com/quotes/renewal/begin-again-gently-the-breath-is-always-willing/,QUOTE_STORY_USER_ONLY,SEO_UNKNOWN_OR_USER_ONLY,2,1,16,NO,REASONABLE_DISCOVERABILITY,NONE
https://echobuddha.com/quotes/renewal/begin-again-without-shame/,QUOTE_STORY_USER_ONLY,SEO_UNKNOWN_OR_USER_ONLY,2,1,2,NO,REASONABLE_DISCOVERABILITY,NONE
https://echobuddha.com/quotes/renewal/begin-again-without-turning-yesterday-into-a-sentence/,QUOTE_STORY_USER_ONLY,SEO_UNKNOWN_OR_USER_ONLY,2,1,16,NO,REASONABLE_DISCOVERABILITY,NONE
https://echobuddha.com/quotes/renewal/do-not-confuse-an-old-pattern-with-an-unchangeable/,QUOTE_STORY_USER_ONLY,SEO_UNKNOWN_OR_USER_ONLY,2,1,2,NO,REASONABLE_DISCOVERABILITY,NONE
https://echobuddha.com/quotes/renewal/each-conscious-breath-is-a-small-vote-for-beginning/,QUOTE_STORY_USER_ONLY,SEO_UNKNOWN_OR_USER_ONLY,2,1,2,NO,REASONABLE_DISCOVERABILITY,NONE
https://echobuddha.com/quotes/renewal/evening-release-reflection/,QUOTE_STORY_USER_ONLY,SEO_UNKNOWN_OR_USER_ONLY,2,1,2,NO,REASONABLE_DISCOVERABILITY,NONE
https://echobuddha.com/quotes/renewal/gentle-hope-keeps-walking/,QUOTE_STORY_USER_ONLY,SEO_UNKNOWN_OR_USER_ONLY,2,1,2,NO,REASONABLE_DISCOVERABILITY,NONE
https://echobuddha.com/quotes/renewal/hope-can-be-quiet-and-still-keep-walking/,QUOTE_STORY_USER_ONLY,SEO_UNKNOWN_OR_USER_ONLY,2,1,3,NO,REASONABLE_DISCOVERABILITY,NONE
https://echobuddha.com/quotes/renewal/,QUOTE_TOPIC,SEO_P2_EMERGING,2,1,29,NO,REASONABLE_DISCOVERABILITY,NONE
https://echobuddha.com/quotes/renewal/morning-is-not-the-only-time-a-life-can/,QUOTE_STORY_USER_ONLY,SEO_UNKNOWN_OR_USER_ONLY,2,1,2,NO,REASONABLE_DISCOVERABILITY,NONE
https://echobuddha.com/quotes/renewal/one-calm-morning-intention/,QUOTE_STORY_USER_ONLY,SEO_UNKNOWN_OR_USER_ONLY,2,1,2,NO,REASONABLE_DISCOVERABILITY,NONE
https://echobuddha.com/quotes/renewal/repair-what-you-can-forgive-what-you-cannot-redo/,QUOTE_STORY_USER_ONLY,SEO_UNKNOWN_OR_USER_ONLY,2,1,3,NO,REASONABLE_DISCOVERABILITY,NONE
https://echobuddha.com/quotes/renewal/the-path-welcomes-your-return-more-often-than-pride/,QUOTE_STORY_USER_ONLY,SEO_UNKNOWN_OR_USER_ONLY,2,1,5,NO,REASONABLE_DISCOVERABILITY,NONE
https://echobuddha.com/quotes/renewal/you-are-allowed-to-learn-slowly-and-still-be/,QUOTE_STORY_USER_ONLY,SEO_UNKNOWN_OR_USER_ONLY,2,1,2,NO,REASONABLE_DISCOVERABILITY,NONE
https://echobuddha.com/quotes/wisdom/a-clear-mind-can-hold-two-truths-without-rushing/,QUOTE_STORY_USER_ONLY,SEO_UNKNOWN_OR_USER_ONLY,2,1,40,NO,REASONABLE_DISCOVERABILITY,NONE
https://echobuddha.com/quotes/wisdom/a-useful-truth-is-carried-with-humility-not-used/,QUOTE_STORY_USER_ONLY,SEO_UNKNOWN_OR_USER_ONLY,2,1,2,NO,REASONABLE_DISCOVERABILITY,NONE
https://echobuddha.com/quotes/wisdom/contentment-with-what-is-here/,QUOTE_STORY_USER_ONLY,SEO_UNKNOWN_OR_USER_ONLY,2,1,2,NO,REASONABLE_DISCOVERABILITY,NONE
https://echobuddha.com/quotes/wisdom/difficult-people-and-boundaries/,QUOTE_STORY_USER_ONLY,SEO_UNKNOWN_OR_USER_ONLY,2,1,2,NO,REASONABLE_DISCOVERABILITY,NONE
https://echobuddha.com/quotes/wisdom/,QUOTE_TOPIC,SEO_P2_EMERGING,2,1,66,NO,REASONABLE_DISCOVERABILITY,NONE
https://echobuddha.com/quotes/wisdom/karma-begins-in-intention/,QUOTE_STORY_USER_ONLY,SEO_UNKNOWN_OR_USER_ONLY,2,1,3,NO,REASONABLE_DISCOVERABILITY,NONE
https://echobuddha.com/quotes/wisdom/knowing-when-not-to-speak-is-also-a-form/,QUOTE_STORY_USER_ONLY,SEO_UNKNOWN_OR_USER_ONLY,2,1,5,NO,REASONABLE_DISCOVERABILITY,NONE
https://echobuddha.com/quotes/wisdom/learn-from-discomfort-without-turning-suffering-into-an-identity/,QUOTE_STORY_USER_ONLY,SEO_UNKNOWN_OR_USER_ONLY,2,1,2,NO,REASONABLE_DISCOVERABILITY,NONE
https://echobuddha.com/quotes/wisdom/right-speech-with-kindness/,QUOTE_STORY_USER_ONLY,SEO_UNKNOWN_OR_USER_ONLY,2,1,3,NO,REASONABLE_DISCOVERABILITY,NONE
https://echobuddha.com/quotes/wisdom/see-the-conditions-behind-an-action-and-blame-may/,QUOTE_STORY_USER_ONLY,SEO_UNKNOWN_OR_USER_ONLY,2,1,2,NO,REASONABLE_DISCOVERABILITY,NONE
https://echobuddha.com/quotes/wisdom/simplicity-clears-the-room/,QUOTE_STORY_USER_ONLY,SEO_UNKNOWN_OR_USER_ONLY,2,1,2,NO,REASONABLE_DISCOVERABILITY,NONE
https://echobuddha.com/quotes/wisdom/the-lesson-repeats-until-attention-replaces-habit/,QUOTE_STORY_USER_ONLY,SEO_UNKNOWN_OR_USER_ONLY,2,1,2,NO,REASONABLE_DISCOVERABILITY,NONE
https://echobuddha.com/quotes/wisdom/the-wise-heart-changes-course-when-clearer-seeing-arrives/,QUOTE_STORY_USER_ONLY,SEO_UNKNOWN_OR_USER_ONLY,2,1,2,NO,REASONABLE_DISCOVERABILITY,NONE
https://echobuddha.com/quotes/wisdom/understanding-suffering-honestly/,QUOTE_STORY_USER_ONLY,SEO_UNKNOWN_OR_USER_ONLY,2,1,2,NO,REASONABLE_DISCOVERABILITY,NONE
https://echobuddha.com/quotes/wisdom/what-feels-urgent-is-not-always-what-matters-most/,QUOTE_STORY_USER_ONLY,SEO_UNKNOWN_OR_USER_ONLY,2,1,3,NO,REASONABLE_DISCOVERABILITY,NONE
https://echobuddha.com/quotes/wisdom/wisdom-is-less-interested-in-winning-than-in-ending/,QUOTE_STORY_USER_ONLY,SEO_UNKNOWN_OR_USER_ONLY,2,1,2,NO,REASONABLE_DISCOVERABILITY,NONE
https://echobuddha.com/quotes/wisdom/wisdom-is-the-art-of-meeting-life-without-adding/,QUOTE_STORY_USER_ONLY,SEO_UNKNOWN_OR_USER_ONLY,2,1,40,NO,REASONABLE_DISCOVERABILITY,NONE
https://echobuddha.com/quotes/wisdom/wisdom-sees-clearly/,QUOTE_STORY_USER_ONLY,SEO_UNKNOWN_OR_USER_ONLY,2,1,2,NO,REASONABLE_DISCOVERABILITY,NONE
https://echobuddha.com/quotes/wisdom/wisdom-sees-the-whole-fire-not-only-the-spark/,QUOTE_STORY_USER_ONLY,SEO_UNKNOWN_OR_USER_ONLY,2,1,40,NO,REASONABLE_DISCOVERABILITY,NONE
https://echobuddha.com/quotes/wisdom/wise-silence/,QUOTE_STORY_USER_ONLY,SEO_UNKNOWN_OR_USER_ONLY,2,1,3,NO,REASONABLE_DISCOVERABILITY,NONE
https://echobuddha.com/search/,UTILITY_OR_LEGAL,SEO_UNKNOWN_OR_USER_ONLY,1,1,335,NO,REASONABLE_DISCOVERABILITY,NONE
https://echobuddha.com/start-here/,UTILITY_OR_LEGAL,SEO_P2_EMERGING,1,1,335,NO,REASONABLE_DISCOVERABILITY,NONE
https://echobuddha.com/terms-of-use/,UTILITY_OR_LEGAL,SEO_P2_EMERGING,1,1,335,NO,REASONABLE_DISCOVERABILITY,NONE
https://echobuddha.com/tools/,UTILITY_OR_LEGAL,SEO_P1_HIGH,1,1,335,NO,REASONABLE_DISCOVERABILITY,NONE
