URL,Topic cluster,Audience stage,User need,Journey level,Primary owner,Evidence
https://echobuddha.com/about/,Trust / Policy,GENERAL_READER,trust,LEVEL 1,https://echobuddha.com/about/,Publisher transparency or user-protection information specific to “About Echo Buddha”.
https://echobuddha.com/articles/beginning-a-daily-mindfulness-practice/,Mindfulness,PRACTITIONER,practical how to,SUPPORT,https://echobuddha.com/learn/buddhism-101/what-is-mindfulness/,Daily-life examples or a repeatable application tied specifically to “Daily Mindfulness Practice for Beginners”.
https://echobuddha.com/articles/buddhism-for-beginners-simple-guide/,Beginner Buddhism,BEGINNER,beginner informational,SUPPORT,https://echobuddha.com/learn/buddhism-for-beginners/,"A narrower explanation, misconception, or example set specific to “Buddhism for Beginners: A Simple Guide”."
https://echobuddha.com/articles/buddhist-approach-to-anger/,Anger,SITUATION_SPECIFIC,scenario application,LEVEL 1,https://echobuddha.com/articles/buddhist-approach-to-anger/,"A narrower explanation, misconception, or example set specific to “A Buddhist Approach to Anger”."
https://echobuddha.com/articles/buddhist-gratitude-practice/,Gratitude,PRACTITIONER,practical how to,LEVEL 1,https://echobuddha.com/articles/buddhist-gratitude-practice/,Daily-life examples or a repeatable application tied specifically to “Buddhist Gratitude Practice Without Forced Positivity”.
https://echobuddha.com/articles/buddhist-teachings-on-forgiveness/,Forgiveness,SITUATION_SPECIFIC,scenario application,LEVEL 1,https://echobuddha.com/articles/buddhist-teachings-on-forgiveness/,"A narrower explanation, misconception, or example set specific to “Buddhist Teachings on Forgiveness and Letting Go”."
https://echobuddha.com/articles/buddhist-teachings-on-impermanence/,Impermanence,BEGINNER,foundational informational,SUPPORT,https://echobuddha.com/learn/buddhism-101/what-is-impermanence/,"A narrower explanation, misconception, or example set specific to “Buddhist Teachings on Impermanence”."
https://echobuddha.com/articles/buddhist-wisdom-for-overthinking/,Anxiety / Overthinking,SITUATION_SPECIFIC,scenario application,SUPPORT,https://echobuddha.com/articles/how-to-meditate-for-anxiety/,Worked guidance for the specific situation named by “Buddhist Wisdom for Overthinking and a Busy Mind”.
https://echobuddha.com/articles/category/buddhist-wisdom/,Article Discovery,GENERAL_READER,navigational,SUPPORT,https://echobuddha.com/articles/,"Orientation, selection, and meaningful navigation across the Article Discovery cluster."
https://echobuddha.com/articles/category/meditation/,Article Discovery,GENERAL_READER,navigational,SUPPORT,https://echobuddha.com/articles/,"Orientation, selection, and meaningful navigation across the Article Discovery cluster."
https://echobuddha.com/articles/category/mindfulness/,Article Discovery,GENERAL_READER,navigational,SUPPORT,https://echobuddha.com/articles/,"Orientation, selection, and meaningful navigation across the Article Discovery cluster."
https://echobuddha.com/articles/category/practice/,Buddhist Practice,PRACTITIONER,navigational,LEVEL 1,https://echobuddha.com/articles/category/practice/,"Orientation, selection, and meaningful navigation across the Buddhist Practice cluster."
https://echobuddha.com/articles/category/reflection/,Article Discovery,GENERAL_READER,navigational,SUPPORT,https://echobuddha.com/articles/,"Orientation, selection, and meaningful navigation across the Article Discovery cluster."
https://echobuddha.com/articles/compassion-as-a-daily-discipline/,Compassion,PRACTITIONER,practical how to,SUPPORT,https://echobuddha.com/articles/compassion-in-buddhism-beginner-guide/,Daily-life examples or a repeatable application tied specifically to “Compassion as a Daily Buddhist Practice”.
https://echobuddha.com/articles/compassion-in-buddhism-beginner-guide/,Compassion,BEGINNER,foundational informational,LEVEL 1,https://echobuddha.com/articles/compassion-in-buddhism-beginner-guide/,"A narrower explanation, misconception, or example set specific to “Compassion in Buddhism: Beginner Guide and Daily Practice”."
https://echobuddha.com/articles/compassion-with-boundaries/,Compassion,SITUATION_SPECIFIC,scenario application,SUPPORT,https://echobuddha.com/articles/compassion-in-buddhism-beginner-guide/,Worked guidance for the specific situation named by “Compassion With Boundaries in Buddhist Practice”.
https://echobuddha.com/articles/creating-a-peaceful-corner-at-home/,Meditation,SITUATION_SPECIFIC,scenario application,SUPPORT,https://echobuddha.com/meditation/,Worked guidance for the specific situation named by “Create a Peaceful Meditation Corner”.
https://echobuddha.com/articles/dhamma-vs-dharma/,Dhamma / Dharma,BEGINNER,comparative,SUPPORT,https://echobuddha.com/learn/buddhist-dictionary/dhamma/,Direct distinction between concepts that readers commonly confuse in “Dhamma vs Dharma: Buddhist Meaning and Spelling”.
https://echobuddha.com/articles/dhammapada-reflection-trained-mind/,Dhammapada,SOURCE_CURIOUS,source study,SUPPORT,https://echobuddha.com/learn/dhammapada-reflections/,"Source-specific study, attribution, translation context, or textual interpretation for “Dhammapada Reflection on a Trained Mind and Peace”."
https://echobuddha.com/articles/dhammapada-reflection-what-we-think/,Dhammapada,SOURCE_CURIOUS,source study,SUPPORT,https://echobuddha.com/learn/dhammapada-reflections/,"Source-specific study, attribution, translation context, or textual interpretation for “Dhammapada What We Think: Translation, Paraphrase, Reflection”."
https://echobuddha.com/articles/dhammapada-verse-1-meaning/,Dhammapada,SOURCE_CURIOUS,source study,SUPPORT,https://echobuddha.com/learn/dhammapada-reflections/,"Source-specific study, attribution, translation context, or textual interpretation for “Dhammapada Verse 1 Meaning and Translation Caution”."
https://echobuddha.com/articles/eightfold-path-explained-daily-life/,Noble Eightfold Path,PRACTITIONER,practical how to,SUPPORT,https://echobuddha.com/learn/eightfold-path/,Daily-life examples or a repeatable application tied specifically to “Eightfold Path in Daily Life”.
https://echobuddha.com/articles/eightfold-path-explained/,Noble Eightfold Path,BEGINNER,beginner informational,SUPPORT,https://echobuddha.com/learn/eightfold-path/,"A narrower explanation, misconception, or example set specific to “The Noble Eightfold Path Explained for Beginners”."
https://echobuddha.com/articles/equanimity-in-buddhism/,Equanimity,BEGINNER,foundational informational,LEVEL 1,https://echobuddha.com/articles/equanimity-in-buddhism/,"A narrower explanation, misconception, or example set specific to “Equanimity in Buddhism: Balanced Care Without Numbness”."
https://echobuddha.com/articles/first-week-buddhist-practice/,Beginner Buddhism,PRACTITIONER,practical how to,SUPPORT,https://echobuddha.com/learn/buddhism-for-beginners/,Daily-life examples or a repeatable application tied specifically to “First Week Buddhist Practice for Beginners”.
https://echobuddha.com/articles/five-precepts-in-daily-life/,Five Precepts,PRACTITIONER,practical how to,SUPPORT,https://echobuddha.com/learn/buddhism-101/five-precepts-buddhism/,Daily-life examples or a repeatable application tied specifically to “Five Precepts in Daily Life: Buddhist Ethics for Beginners”.
https://echobuddha.com/articles/four-noble-truths-explained-simply/,Four Noble Truths,BEGINNER,beginner informational,SUPPORT,https://echobuddha.com/learn/four-noble-truths/,"A narrower explanation, misconception, or example set specific to “Four Noble Truths Explained Simply for Beginners”."
https://echobuddha.com/articles/four-noble-truths-explained/,Four Noble Truths,BEGINNER,foundational informational,SUPPORT,https://echobuddha.com/learn/four-noble-truths/,"A narrower explanation, misconception, or example set specific to “The Four Noble Truths Explained Simply”."
https://echobuddha.com/articles/how-to-let-go-of-attachment-in-buddhism/,Attachment / Non-Attachment / Letting Go,GENERAL_READER,practical how to,LEVEL 1,https://echobuddha.com/articles/how-to-let-go-of-attachment-in-buddhism/,"A narrower explanation, misconception, or example set specific to “How to Let Go of Attachment in Buddhism”."
https://echobuddha.com/articles/how-to-meditate-for-anxiety/,Anxiety / Overthinking,SITUATION_SPECIFIC,scenario application,LEVEL 1,https://echobuddha.com/articles/how-to-meditate-for-anxiety/,Worked guidance for the specific situation named by “How to Meditate for Anxiety Gently”.
https://echobuddha.com/articles/how-to-meditate-for-beginners/,Meditation,PRACTITIONER,meditation practice,SUPPORT,https://echobuddha.com/meditation/,"Concrete method, pacing, posture, duration, or troubleshooting specific to “How to Meditate for Beginners: Simple Buddhist Guide”."
https://echobuddha.com/articles/how-to-practice-non-attachment/,Attachment / Non-Attachment / Letting Go,PRACTITIONER,practical how to,SUPPORT,https://echobuddha.com/articles/how-to-let-go-of-attachment-in-buddhism/,Daily-life examples or a repeatable application tied specifically to “How to Practice Non-Attachment”.
https://echobuddha.com/articles/impermanence-in-buddhism-letting-go/,Impermanence,PRACTITIONER,practical how to,SUPPORT,https://echobuddha.com/learn/buddhism-101/what-is-impermanence/,Daily-life examples or a repeatable application tied specifically to “Impermanence in Buddhism and How to Let Go Gently”.
https://echobuddha.com/articles/impermanence-in-buddhism/,Impermanence,BEGINNER,foundational informational,SUPPORT,https://echobuddha.com/learn/buddhism-101/what-is-impermanence/,"A narrower explanation, misconception, or example set specific to “Impermanence in Buddhism: Accepting Change Peacefully”."
https://echobuddha.com/articles/,Article Discovery,GENERAL_READER,navigational,LEVEL 1,https://echobuddha.com/articles/,"Orientation, selection, and meaningful navigation across the Article Discovery cluster."
https://echobuddha.com/articles/letting-go-without-giving-up/,Attachment / Non-Attachment / Letting Go,PRACTITIONER,practical how to,SUPPORT,https://echobuddha.com/articles/how-to-let-go-of-attachment-in-buddhism/,Daily-life examples or a repeatable application tied specifically to “Letting Go Without Giving Up”.
https://echobuddha.com/articles/loving-kindness-meditation-beginners/,Loving-Kindness / Metta,BEGINNER,beginner informational,SUPPORT,https://echobuddha.com/learn/buddhist-dictionary/metta/,"A narrower explanation, misconception, or example set specific to “Loving-Kindness Meditation for Beginners”."
https://echobuddha.com/articles/loving-kindness-meditation-guide/,Loving-Kindness / Metta,BEGINNER,beginner informational,SUPPORT,https://echobuddha.com/learn/buddhist-dictionary/metta/,"A narrower explanation, misconception, or example set specific to “Loving-Kindness Meditation Guide for Beginners”."
https://echobuddha.com/articles/metta-meditation-script/,Loving-Kindness / Metta,PRACTITIONER,meditation practice,SUPPORT,https://echobuddha.com/learn/buddhist-dictionary/metta/,"Concrete method, pacing, posture, duration, or troubleshooting specific to “Metta Meditation Script for Loving-Kindness Practice”."
https://echobuddha.com/articles/mindful-email-and-texting/,Right Speech,SITUATION_SPECIFIC,scenario application,SUPPORT,https://echobuddha.com/articles/right-speech-buddhism/,Worked guidance for the specific situation named by “Mindful Email and Texting with Buddhist Right Speech”.
https://echobuddha.com/articles/mindful-listening-in-everyday-life/,Right Speech,SITUATION_SPECIFIC,scenario application,SUPPORT,https://echobuddha.com/articles/right-speech-buddhism/,Worked guidance for the specific situation named by “Mindful Listening in Everyday Life”.
https://echobuddha.com/articles/mindfulness-for-better-sleep/,Sleep,SITUATION_SPECIFIC,scenario application,LEVEL 1,https://echobuddha.com/articles/mindfulness-for-better-sleep/,Worked guidance for the specific situation named by “Mindfulness for Better Sleep”.
https://echobuddha.com/articles/mindfulness-morning-routine/,Mindfulness,PRACTITIONER,practical how to,SUPPORT,https://echobuddha.com/learn/buddhism-101/what-is-mindfulness/,Daily-life examples or a repeatable application tied specifically to “Mindful Morning Routine for Beginners”.
https://echobuddha.com/articles/mindfulness-of-breathing-guide/,Breath / Mindfulness of Breathing,PRACTITIONER,practical how to,LEVEL 1,https://echobuddha.com/articles/mindfulness-of-breathing-guide/,"A narrower explanation, misconception, or example set specific to “Mindfulness of Breathing Guide for Calm and Clarity”."
https://echobuddha.com/articles/mindfulness-vs-meditation/,Mindfulness,BEGINNER,comparative,SUPPORT,https://echobuddha.com/learn/buddhism-101/what-is-mindfulness/,Direct distinction between concepts that readers commonly confuse in “Mindfulness vs Meditation: Simple Beginner Guide”.
https://echobuddha.com/articles/noble-eightfold-path-practical-guide/,Noble Eightfold Path,PRACTITIONER,practical how to,SUPPORT,https://echobuddha.com/learn/eightfold-path/,Daily-life examples or a repeatable application tied specifically to “Noble Eightfold Path Practical Guide for Daily Life”.
https://echobuddha.com/articles/non-attachment-in-relationships/,Attachment / Non-Attachment / Letting Go,SITUATION_SPECIFIC,scenario application,SUPPORT,https://echobuddha.com/articles/how-to-let-go-of-attachment-in-buddhism/,Worked guidance for the specific situation named by “Non-Attachment in Relationships Without Becoming Cold”.
https://echobuddha.com/articles/right-livelihood-modern-life/,Right Livelihood,PRACTITIONER,practical how to,SUPPORT,https://echobuddha.com/learn/buddhism-101/right-livelihood-buddhism/,Daily-life examples or a repeatable application tied specifically to “Right Livelihood in Modern Life: Buddhist Work Ethics”.
https://echobuddha.com/articles/right-speech-buddhism/,Right Speech,GENERAL_READER,practical how to,LEVEL 1,https://echobuddha.com/articles/right-speech-buddhism/,"A narrower explanation, misconception, or example set specific to “Right Speech in Buddhism: Meaning, Examples, and Practice”."
https://echobuddha.com/articles/right-speech-examples/,Right Speech,GENERAL_READER,foundational informational,SUPPORT,https://echobuddha.com/articles/right-speech-buddhism/,"A narrower explanation, misconception, or example set specific to “Right Speech Examples for Everyday Life”."
https://echobuddha.com/articles/three-poisons-buddhism-explained/,Three Poisons,BEGINNER,foundational informational,LEVEL 1,https://echobuddha.com/articles/three-poisons-buddhism-explained/,"A narrower explanation, misconception, or example set specific to “Three Poisons in Buddhism: Greed, Aversion, and Delusion”."
https://echobuddha.com/articles/three-ways-to-practice-patience/,Patience,GENERAL_READER,practical how to,LEVEL 1,https://echobuddha.com/articles/three-ways-to-practice-patience/,"A narrower explanation, misconception, or example set specific to “Three Ways to Practice Patience”."
https://echobuddha.com/articles/visiting-a-buddhist-temple-respectfully/,Sangha,SITUATION_SPECIFIC,scenario application,SUPPORT,https://echobuddha.com/articles/what-is-sangha-buddhist-community/,Worked guidance for the specific situation named by “Visiting a Buddhist Temple Respectfully: Beginner Guide”.
https://echobuddha.com/articles/walking-meditation-step-by-step/,Walking Meditation,PRACTITIONER,meditation practice,SUPPORT,https://echobuddha.com/meditation/walking-meditation/,"Concrete method, pacing, posture, duration, or troubleshooting specific to “Walking Meditation: Step-by-Step Guide”."
https://echobuddha.com/articles/what-is-buddhism-beginner-guide/,Beginner Buddhism,BEGINNER,beginner informational,SUPPORT,https://echobuddha.com/learn/buddhism-for-beginners/,"A narrower explanation, misconception, or example set specific to “What Is Buddhism? Beginner Guide to Buddhist Wisdom”."
https://echobuddha.com/articles/what-is-karma-in-buddhism/,Karma,PRACTITIONER,practical how to,SUPPORT,https://echobuddha.com/learn/buddhism-101/what-is-karma-in-buddhism/,Daily-life examples or a repeatable application tied specifically to “How Karma Shapes Daily Choices in Buddhist Practice”.
https://echobuddha.com/articles/what-is-sangha-buddhist-community/,Sangha,BEGINNER,foundational informational,LEVEL 1,https://echobuddha.com/articles/what-is-sangha-buddhist-community/,"A narrower explanation, misconception, or example set specific to “What Is Sangha? Buddhist Community for Beginners”."
https://echobuddha.com/authors/echo-buddha-editorial/,Trust / Policy,GENERAL_READER,trust,SUPPORT,https://echobuddha.com/about/,Publisher transparency or user-protection information specific to “Echo Buddha Editorial”.
https://echobuddha.com/buddhist-sources-and-citations/,Trust / Policy,GENERAL_READER,trust,SUPPORT,https://echobuddha.com/about/,Publisher transparency or user-protection information specific to “Buddhist Sources and Citations”.
https://echobuddha.com/contact/,Trust / Policy,GENERAL_READER,trust,SUPPORT,https://echobuddha.com/about/,Publisher transparency or user-protection information specific to “Contact”.
https://echobuddha.com/corrections/,Trust / Policy,GENERAL_READER,trust,SUPPORT,https://echobuddha.com/about/,Publisher transparency or user-protection information specific to “Corrections and Editorial Updates”.
https://echobuddha.com/daily-reflections/anger-as-a-signal/,Daily Reflections,RETURNING_READER,recurring user,LEVEL 4,https://echobuddha.com/daily-reflections/,"Returning-reader cadence, a short reflection prompt, and a bounded daily practice."
https://echobuddha.com/daily-reflections/begin-again-without-shame/,Daily Reflections,RETURNING_READER,recurring user,LEVEL 4,https://echobuddha.com/daily-reflections/,"Returning-reader cadence, a short reflection prompt, and a bounded daily practice."
https://echobuddha.com/daily-reflections/compassion-begins-nearby/,Daily Reflections,RETURNING_READER,recurring user,LEVEL 4,https://echobuddha.com/daily-reflections/,"Returning-reader cadence, a short reflection prompt, and a bounded daily practice."
https://echobuddha.com/daily-reflections/enough-for-this-moment/,Daily Reflections,RETURNING_READER,recurring user,LEVEL 4,https://echobuddha.com/daily-reflections/,"Returning-reader cadence, a short reflection prompt, and a bounded daily practice."
https://echobuddha.com/daily-reflections/evening-release/,Daily Reflections,RETURNING_READER,recurring user,LEVEL 4,https://echobuddha.com/daily-reflections/,"Returning-reader cadence, a short reflection prompt, and a bounded daily practice."
https://echobuddha.com/daily-reflections/family-patience/,Daily Reflections,RETURNING_READER,recurring user,LEVEL 4,https://echobuddha.com/daily-reflections/,"Returning-reader cadence, a short reflection prompt, and a bounded daily practice."
https://echobuddha.com/daily-reflections/forgiveness-without-approval/,Daily Reflections,RETURNING_READER,recurring user,LEVEL 4,https://echobuddha.com/daily-reflections/,"Returning-reader cadence, a short reflection prompt, and a bounded daily practice."
https://echobuddha.com/daily-reflections/gratitude-for-change/,Daily Reflections,RETURNING_READER,recurring user,LEVEL 4,https://echobuddha.com/daily-reflections/,"Returning-reader cadence, a short reflection prompt, and a bounded daily practice."
https://echobuddha.com/daily-reflections/gratitude-notices-enough/,Daily Reflections,RETURNING_READER,recurring user,LEVEL 4,https://echobuddha.com/daily-reflections/,"Returning-reader cadence, a short reflection prompt, and a bounded daily practice."
https://echobuddha.com/daily-reflections/impermanence-softens-clinging/,Daily Reflections,RETURNING_READER,recurring user,LEVEL 4,https://echobuddha.com/daily-reflections/,"Returning-reader cadence, a short reflection prompt, and a bounded daily practice."
https://echobuddha.com/daily-reflections/,Daily Reflections,RETURNING_READER,recurring user,LEVEL 1,https://echobuddha.com/daily-reflections/,"Orientation, selection, and meaningful navigation across the Daily Reflections cluster."
https://echobuddha.com/daily-reflections/kindness-with-boundaries/,Daily Reflections,RETURNING_READER,recurring user,LEVEL 4,https://echobuddha.com/daily-reflections/,"Returning-reader cadence, a short reflection prompt, and a bounded daily practice."
https://echobuddha.com/daily-reflections/let-the-feeling-pass/,Daily Reflections,RETURNING_READER,recurring user,LEVEL 4,https://echobuddha.com/daily-reflections/,"Returning-reader cadence, a short reflection prompt, and a bounded daily practice."
https://echobuddha.com/daily-reflections/letting-go-keeps-care/,Daily Reflections,RETURNING_READER,recurring user,LEVEL 4,https://echobuddha.com/daily-reflections/,"Returning-reader cadence, a short reflection prompt, and a bounded daily practice."
https://echobuddha.com/daily-reflections/listen-before-answering/,Daily Reflections,RETURNING_READER,recurring user,LEVEL 4,https://echobuddha.com/daily-reflections/,"Returning-reader cadence, a short reflection prompt, and a bounded daily practice."
https://echobuddha.com/daily-reflections/metta-for-a-difficult-person/,Daily Reflections,RETURNING_READER,recurring user,LEVEL 4,https://echobuddha.com/daily-reflections/,"Returning-reader cadence, a short reflection prompt, and a bounded daily practice."
https://echobuddha.com/daily-reflections/mindful-work/,Daily Reflections,RETURNING_READER,recurring user,LEVEL 4,https://echobuddha.com/daily-reflections/,"Returning-reader cadence, a short reflection prompt, and a bounded daily practice."
https://echobuddha.com/daily-reflections/morning-intention/,Daily Reflections,RETURNING_READER,recurring user,LEVEL 4,https://echobuddha.com/daily-reflections/,"Returning-reader cadence, a short reflection prompt, and a bounded daily practice."
https://echobuddha.com/daily-reflections/notice-before-fixing/,Daily Reflections,RETURNING_READER,recurring user,LEVEL 4,https://echobuddha.com/daily-reflections/,"Returning-reader cadence, a short reflection prompt, and a bounded daily practice."
https://echobuddha.com/daily-reflections/one-honest-breath/,Daily Reflections,RETURNING_READER,recurring user,LEVEL 4,https://echobuddha.com/daily-reflections/,"Returning-reader cadence, a short reflection prompt, and a bounded daily practice."
https://echobuddha.com/daily-reflections/one-step-on-the-path/,Daily Reflections,RETURNING_READER,recurring user,LEVEL 4,https://echobuddha.com/daily-reflections/,"Returning-reader cadence, a short reflection prompt, and a bounded daily practice."
https://echobuddha.com/daily-reflections/patience-before-anger-speaks/,Daily Reflections,RETURNING_READER,recurring user,LEVEL 4,https://echobuddha.com/daily-reflections/,"Returning-reader cadence, a short reflection prompt, and a bounded daily practice."
https://echobuddha.com/daily-reflections/rest-without-escape/,Daily Reflections,RETURNING_READER,recurring user,LEVEL 4,https://echobuddha.com/daily-reflections/,"Returning-reader cadence, a short reflection prompt, and a bounded daily practice."
https://echobuddha.com/daily-reflections/see-the-conditions/,Daily Reflections,RETURNING_READER,recurring user,LEVEL 4,https://echobuddha.com/daily-reflections/,"Returning-reader cadence, a short reflection prompt, and a bounded daily practice."
https://echobuddha.com/daily-reflections/simple-goodwill/,Daily Reflections,RETURNING_READER,recurring user,LEVEL 4,https://echobuddha.com/daily-reflections/,"Returning-reader cadence, a short reflection prompt, and a bounded daily practice."
https://echobuddha.com/daily-reflections/small-actions-shape-the-mind/,Daily Reflections,RETURNING_READER,recurring user,LEVEL 4,https://echobuddha.com/daily-reflections/,"Returning-reader cadence, a short reflection prompt, and a bounded daily practice."
https://echobuddha.com/daily-reflections/soften-the-inner-argument/,Daily Reflections,RETURNING_READER,recurring user,LEVEL 4,https://echobuddha.com/daily-reflections/,"Returning-reader cadence, a short reflection prompt, and a bounded daily practice."
https://echobuddha.com/daily-reflections/speech-can-reduce-suffering/,Daily Reflections,RETURNING_READER,recurring user,LEVEL 4,https://echobuddha.com/daily-reflections/,"Returning-reader cadence, a short reflection prompt, and a bounded daily practice."
https://echobuddha.com/daily-reflections/the-first-truth-is-kind/,Daily Reflections,RETURNING_READER,recurring user,LEVEL 4,https://echobuddha.com/daily-reflections/,"Returning-reader cadence, a short reflection prompt, and a bounded daily practice."
https://echobuddha.com/daily-reflections/thoughts-are-visitors/,Daily Reflections,RETURNING_READER,recurring user,LEVEL 4,https://echobuddha.com/daily-reflections/,"Returning-reader cadence, a short reflection prompt, and a bounded daily practice."
https://echobuddha.com/daily-reflections/walking-as-practice/,Daily Reflections,RETURNING_READER,recurring user,LEVEL 4,https://echobuddha.com/daily-reflections/,"Returning-reader cadence, a short reflection prompt, and a bounded daily practice."
https://echobuddha.com/disclaimer/,Trust / Policy,GENERAL_READER,trust,SUPPORT,https://echobuddha.com/about/,Publisher transparency or user-protection information specific to “Disclaimer”.
https://echobuddha.com/editorial-policy/,Trust / Policy,GENERAL_READER,trust,SUPPORT,https://echobuddha.com/about/,Publisher transparency or user-protection information specific to “Editorial Policy”.
https://echobuddha.com/how-echo-buddha-creates-content/,Trust / Policy,GENERAL_READER,trust,SUPPORT,https://echobuddha.com/about/,Publisher transparency or user-protection information specific to “How Echo Buddha Creates Content”.
https://echobuddha.com/,Site Discovery,NEWCOMER,navigational,LEVEL 1,https://echobuddha.com/,"Orientation, selection, and meaningful navigation across the Site Discovery cluster."
https://echobuddha.com/learn/buddhism-101/a-simple-daily-buddhist-practice/,Beginner Buddhism,PRACTITIONER,practical how to,SUPPORT,https://echobuddha.com/learn/buddhism-for-beginners/,Daily-life examples or a repeatable application tied specifically to “A Simple Daily Buddhist Practice”.
https://echobuddha.com/learn/buddhism-101/dependent-origination-explained/,Buddhist Foundations,BEGINNER,beginner informational,SUPPORT,https://echobuddha.com/learn/buddhism-101/,"A narrower explanation, misconception, or example set specific to “Dependent Origination in Buddhism Explained for Beginners”."
https://echobuddha.com/learn/buddhism-101/five-aggregates-buddhism/,Buddhist Foundations,BEGINNER,foundational informational,SUPPORT,https://echobuddha.com/learn/buddhism-101/,"A narrower explanation, misconception, or example set specific to “The Five Aggregates in Buddhism Explained Simply”."
https://echobuddha.com/learn/buddhism-101/five-hindrances-in-buddhism/,Buddhist Foundations,BEGINNER,beginner informational,SUPPORT,https://echobuddha.com/learn/buddhism-101/,"A narrower explanation, misconception, or example set specific to “Five Hindrances in Buddhism Explained for Beginners”."
https://echobuddha.com/learn/buddhism-101/five-precepts-buddhism/,Five Precepts,BEGINNER,foundational informational,LEVEL 1,https://echobuddha.com/learn/buddhism-101/five-precepts-buddhism/,"A narrower explanation, misconception, or example set specific to “The Five Precepts in Buddhism: A Beginner's Guide to Ethical Living”."
https://echobuddha.com/learn/buddhism-101/four-brahmaviharas/,Brahmaviharas,BEGINNER,foundational informational,LEVEL 1,https://echobuddha.com/learn/buddhism-101/four-brahmaviharas/,"A narrower explanation, misconception, or example set specific to “The Four Brahmaviharas: Loving-Kindness, Compassion, Joy, and Equanimity”."
https://echobuddha.com/learn/buddhism-101/how-to-practice-buddhism-at-home/,Beginner Buddhism,PRACTITIONER,practical how to,SUPPORT,https://echobuddha.com/learn/buddhism-for-beginners/,Daily-life examples or a repeatable application tied specifically to “How to Practice Buddhism at Home”.
https://echobuddha.com/learn/buddhism-101/,Buddhist Foundations,BEGINNER,navigational,LEVEL 1,https://echobuddha.com/learn/buddhism-101/,"Orientation, selection, and meaningful navigation across the Buddhist Foundations cluster."
https://echobuddha.com/learn/buddhism-101/middle-way-explained-for-beginners/,Buddhist Foundations,BEGINNER,beginner informational,SUPPORT,https://echobuddha.com/learn/buddhism-101/,"A narrower explanation, misconception, or example set specific to “The Middle Way in Buddhism Explained for Beginners”."
https://echobuddha.com/learn/buddhism-101/right-livelihood-buddhism/,Right Livelihood,BEGINNER,foundational informational,LEVEL 1,https://echobuddha.com/learn/buddhism-101/right-livelihood-buddhism/,"A narrower explanation, misconception, or example set specific to “Right Livelihood in Buddhism: A Beginner's Guide to Ethical Work”."
https://echobuddha.com/learn/buddhism-101/the-four-noble-truths-explained/,Four Noble Truths,BEGINNER,foundational informational,SUPPORT,https://echobuddha.com/learn/four-noble-truths/,"A narrower explanation, misconception, or example set specific to “The Four Noble Truths Explained”."
https://echobuddha.com/learn/buddhism-101/the-noble-eightfold-path-explained/,Noble Eightfold Path,BEGINNER,foundational informational,SUPPORT,https://echobuddha.com/learn/eightfold-path/,"A narrower explanation, misconception, or example set specific to “The Noble Eightfold Path Explained”."
https://echobuddha.com/learn/buddhism-101/the-three-jewels-explained/,Sangha,BEGINNER,foundational informational,SUPPORT,https://echobuddha.com/articles/what-is-sangha-buddhist-community/,"A narrower explanation, misconception, or example set specific to “The Three Jewels Explained”."
https://echobuddha.com/learn/buddhism-101/three-marks-of-existence/,Buddhist Foundations,BEGINNER,foundational informational,SUPPORT,https://echobuddha.com/learn/buddhism-101/,"A narrower explanation, misconception, or example set specific to “The Three Marks of Existence in Buddhism Explained Simply”."
https://echobuddha.com/learn/buddhism-101/threefold-training-sila-samadhi-panna/,Noble Eightfold Path,BEGINNER,foundational informational,SUPPORT,https://echobuddha.com/learn/eightfold-path/,"A narrower explanation, misconception, or example set specific to “Threefold Training in Buddhism: Sila, Samadhi, and Panna”."
https://echobuddha.com/learn/buddhism-101/what-is-buddhism/,Beginner Buddhism,BEGINNER,beginner informational,SUPPORT,https://echobuddha.com/learn/buddhism-for-beginners/,"A narrower explanation, misconception, or example set specific to “What Is Buddhism? A Clear Beginner's Guide”."
https://echobuddha.com/learn/buddhism-101/what-is-impermanence/,Impermanence,BEGINNER,foundational informational,LEVEL 1,https://echobuddha.com/learn/buddhism-101/what-is-impermanence/,"A narrower explanation, misconception, or example set specific to “What Is Impermanence?”."
https://echobuddha.com/learn/buddhism-101/what-is-karma-in-buddhism/,Karma,BEGINNER,foundational informational,LEVEL 1,https://echobuddha.com/learn/buddhism-101/what-is-karma-in-buddhism/,"A narrower explanation, misconception, or example set specific to “What Is Karma in Buddhism? A Beginner's Guide”."
https://echobuddha.com/learn/buddhism-101/what-is-mindfulness/,Mindfulness,BEGINNER,foundational informational,LEVEL 1,https://echobuddha.com/learn/buddhism-101/what-is-mindfulness/,"A narrower explanation, misconception, or example set specific to “What Is Mindfulness?”."
https://echobuddha.com/learn/buddhism-101/who-was-the-buddha/,Buddhist Foundations,BEGINNER,beginner informational,SUPPORT,https://echobuddha.com/learn/buddhism-101/,"A narrower explanation, misconception, or example set specific to “Who Was the Buddha? A Simple Beginner-Friendly Explanation”."
https://echobuddha.com/learn/buddhism-for-beginners/,Beginner Buddhism,BEGINNER,beginner informational,LEVEL 1,https://echobuddha.com/learn/buddhism-for-beginners/,"A narrower explanation, misconception, or example set specific to “Buddhism for Beginners - Simple Buddhist Teachings”."
https://echobuddha.com/learn/buddhist-dictionary/anatta/,Buddhist Dictionary,SOURCE_CURIOUS,definitional,SUPPORT,https://echobuddha.com/learn/buddhist-dictionary/,Concise linguistic and doctrinal definition of the term in “Anatta Meaning: Non-Self in Buddhism Explained for Beginners”.
https://echobuddha.com/learn/buddhist-dictionary/anicca/,Impermanence,SOURCE_CURIOUS,definitional,SUPPORT,https://echobuddha.com/learn/buddhism-101/what-is-impermanence/,Concise linguistic and doctrinal definition of the term in “Anicca Meaning: Impermanence in Buddhism Explained Simply”.
https://echobuddha.com/learn/buddhist-dictionary/compassion/,Compassion,SOURCE_CURIOUS,definitional,SUPPORT,https://echobuddha.com/articles/compassion-in-buddhism-beginner-guide/,Concise linguistic and doctrinal definition of the term in “Compassion Meaning in Buddhist Wisdom”.
https://echobuddha.com/learn/buddhist-dictionary/dhamma/,Dhamma / Dharma,BEGINNER,definitional,LEVEL 1,https://echobuddha.com/learn/buddhist-dictionary/dhamma/,"A narrower explanation, misconception, or example set specific to “Dhamma Meaning: Buddhist Teaching and Truth”."
https://echobuddha.com/learn/buddhist-dictionary/dukkha/,Four Noble Truths,SOURCE_CURIOUS,definitional,SUPPORT,https://echobuddha.com/learn/four-noble-truths/,Concise linguistic and doctrinal definition of the term in “Dukkha Meaning: Suffering and Unsatisfactoriness in Buddhism”.
https://echobuddha.com/learn/buddhist-dictionary/,Buddhist Dictionary,SOURCE_CURIOUS,navigational,LEVEL 1,https://echobuddha.com/learn/buddhist-dictionary/,"Orientation, selection, and meaningful navigation across the Buddhist Dictionary cluster."
https://echobuddha.com/learn/buddhist-dictionary/karma/,Karma,SOURCE_CURIOUS,definitional,SUPPORT,https://echobuddha.com/learn/buddhism-101/what-is-karma-in-buddhism/,"Concise linguistic and doctrinal definition of the term in “Karma Meaning in Buddhism: Intention, Action, and Consequences”."
https://echobuddha.com/learn/buddhist-dictionary/karuna/,Compassion,SOURCE_CURIOUS,definitional,SUPPORT,https://echobuddha.com/articles/compassion-in-buddhism-beginner-guide/,Concise linguistic and doctrinal definition of the term in “Karuna Meaning: Compassion in Buddhism”.
https://echobuddha.com/learn/buddhist-dictionary/metta/,Loving-Kindness / Metta,BEGINNER,definitional,LEVEL 1,https://echobuddha.com/learn/buddhist-dictionary/metta/,"A narrower explanation, misconception, or example set specific to “Metta Meaning: Loving-Kindness in Buddhism”."
https://echobuddha.com/learn/buddhist-dictionary/mindfulness/,Mindfulness,SOURCE_CURIOUS,definitional,SUPPORT,https://echobuddha.com/learn/buddhism-101/what-is-mindfulness/,Concise linguistic and doctrinal definition of the term in “Mindfulness Meaning in Buddhist Practice”.
https://echobuddha.com/learn/buddhist-dictionary/nirvana/,Buddhist Dictionary,SOURCE_CURIOUS,definitional,SUPPORT,https://echobuddha.com/learn/buddhist-dictionary/,Concise linguistic and doctrinal definition of the term in “Nirvana Meaning in Buddhism Explained Simply”.
https://echobuddha.com/learn/buddhist-dictionary/pali-canon/,Sutta Study,SOURCE_CURIOUS,definitional,SUPPORT,https://echobuddha.com/learn/sutta-for-daily-life/,Concise linguistic and doctrinal definition of the term in “Pali Canon Meaning for Beginners”.
https://echobuddha.com/learn/buddhist-dictionary/sangha/,Sangha,SOURCE_CURIOUS,definitional,SUPPORT,https://echobuddha.com/articles/what-is-sangha-buddhist-community/,Concise linguistic and doctrinal definition of the term in “Sangha Meaning: Buddhist Community Explained Simply”.
https://echobuddha.com/learn/buddhist-dictionary/sati/,Mindfulness,SOURCE_CURIOUS,definitional,SUPPORT,https://echobuddha.com/learn/buddhism-101/what-is-mindfulness/,Concise linguistic and doctrinal definition of the term in “Sati Meaning: Mindfulness in Buddhist Practice”.
https://echobuddha.com/learn/buddhist-dictionary/sutta/,Sutta Study,SOURCE_CURIOUS,definitional,SUPPORT,https://echobuddha.com/learn/sutta-for-daily-life/,Concise linguistic and doctrinal definition of the term in “Sutta Meaning in Buddhism”.
https://echobuddha.com/learn/buddhist-resources/,Learn Navigation,NEWCOMER,navigational,SUPPORT,https://echobuddha.com/learn/,"Orientation, selection, and meaningful navigation across the Learn Navigation cluster."
https://echobuddha.com/learn/dhammapada-reflections/avoid-evil-do-good-purify-the-mind/,Dhammapada,SOURCE_CURIOUS,source study,SUPPORT,https://echobuddha.com/learn/dhammapada-reflections/,"Source-specific study, attribution, translation context, or textual interpretation for “Avoid Evil, Do Good, Purify the Mind”."
https://echobuddha.com/learn/dhammapada-reflections/better-than-a-thousand-empty-words/,Dhammapada,SOURCE_CURIOUS,source study,SUPPORT,https://echobuddha.com/learn/dhammapada-reflections/,"Source-specific study, attribution, translation context, or textual interpretation for “Better Than a Thousand Empty Words”."
https://echobuddha.com/learn/dhammapada-reflections/hatred-is-not-ended-by-hatred/,Dhammapada,SOURCE_CURIOUS,source study,SUPPORT,https://echobuddha.com/learn/dhammapada-reflections/,"Source-specific study, attribution, translation context, or textual interpretation for “Hatred Is Not Ended by Hatred”."
https://echobuddha.com/learn/dhammapada-reflections/,Dhammapada,SOURCE_CURIOUS,source study,LEVEL 1,https://echobuddha.com/learn/dhammapada-reflections/,"Orientation, selection, and meaningful navigation across the Dhammapada cluster."
https://echobuddha.com/learn/dhammapada-reflections/peace-comes-from-a-trained-mind/,Dhammapada,SOURCE_CURIOUS,source study,SUPPORT,https://echobuddha.com/learn/dhammapada-reflections/,"Source-specific study, attribution, translation context, or textual interpretation for “Peace Comes from a Trained Mind”."
https://echobuddha.com/learn/dhammapada-reflections/the-mind-leads-all-things/,Dhammapada,SOURCE_CURIOUS,source study,SUPPORT,https://echobuddha.com/learn/dhammapada-reflections/,"Source-specific study, attribution, translation context, or textual interpretation for “The Mind Leads All Things”."
https://echobuddha.com/learn/eightfold-path/,Noble Eightfold Path,BEGINNER,foundational informational,LEVEL 1,https://echobuddha.com/learn/eightfold-path/,"A narrower explanation, misconception, or example set specific to “Noble Eightfold Path for Daily Life”."
https://echobuddha.com/learn/four-noble-truths/,Four Noble Truths,BEGINNER,foundational informational,LEVEL 1,https://echobuddha.com/learn/four-noble-truths/,"A narrower explanation, misconception, or example set specific to “Four Noble Truths Explained for Beginners”."
https://echobuddha.com/learn/,Learn Navigation,NEWCOMER,navigational,LEVEL 1,https://echobuddha.com/learn/,"Orientation, selection, and meaningful navigation across the Learn Navigation cluster."
https://echobuddha.com/learn/questions-about-buddhism/,Learn Navigation,NEWCOMER,navigational,SUPPORT,https://echobuddha.com/learn/,"Orientation, selection, and meaningful navigation across the Learn Navigation cluster."
https://echobuddha.com/learn/sutta-for-daily-life/buddhas-teaching-on-patience/,Patience,SOURCE_CURIOUS,source study,SUPPORT,https://echobuddha.com/articles/three-ways-to-practice-patience/,"Source-specific study, attribution, translation context, or textual interpretation for “The Buddha's Teaching on Patience”."
https://echobuddha.com/learn/sutta-for-daily-life/dhammacakkappavattana-sutta-four-noble-truths/,Four Noble Truths,SOURCE_CURIOUS,source study,SUPPORT,https://echobuddha.com/learn/four-noble-truths/,"Source-specific study, attribution, translation context, or textual interpretation for “Dhammacakkappavattana Sutta and the Four Noble Truths”."
https://echobuddha.com/learn/sutta-for-daily-life/,Sutta Study,SOURCE_CURIOUS,source study,LEVEL 1,https://echobuddha.com/learn/sutta-for-daily-life/,"Orientation, selection, and meaningful navigation across the Sutta Study cluster."
https://echobuddha.com/learn/sutta-for-daily-life/kalama-sutta-and-wise-thinking/,Sutta Study,SOURCE_CURIOUS,source study,SUPPORT,https://echobuddha.com/learn/sutta-for-daily-life/,"Source-specific study, attribution, translation context, or textual interpretation for “The Kalama Sutta and Wise Thinking”."
https://echobuddha.com/learn/sutta-for-daily-life/magga-vibhanga-sutta-eightfold-path/,Noble Eightfold Path,SOURCE_CURIOUS,source study,SUPPORT,https://echobuddha.com/learn/eightfold-path/,"Source-specific study, attribution, translation context, or textual interpretation for “Magga-vibhanga Sutta and the Noble Eightfold Path”."
https://echobuddha.com/learn/sutta-for-daily-life/metta-sutta-explained-for-daily-life/,Loving-Kindness / Metta,SOURCE_CURIOUS,source study,SUPPORT,https://echobuddha.com/learn/buddhist-dictionary/metta/,"Source-specific study, attribution, translation context, or textual interpretation for “The Metta Sutta Explained for Daily Life”."
https://echobuddha.com/learn/sutta-for-daily-life/mindfulness-of-breathing-explained-simply/,Breath / Mindfulness of Breathing,SOURCE_CURIOUS,source study,SUPPORT,https://echobuddha.com/articles/mindfulness-of-breathing-guide/,"Source-specific study, attribution, translation context, or textual interpretation for “Mindfulness of Breathing Explained Simply”."
https://echobuddha.com/learn/sutta-for-daily-life/right-speech-in-daily-life/,Right Speech,SOURCE_CURIOUS,source study,SUPPORT,https://echobuddha.com/articles/right-speech-buddhism/,"Source-specific study, attribution, translation context, or textual interpretation for “Right Speech in Daily Life”."
https://echobuddha.com/meditation-guide/,Meditation,PRACTITIONER,meditation practice,SUPPORT,https://echobuddha.com/meditation/,"Concrete method, pacing, posture, duration, or troubleshooting specific to “Meditation Guide for Beginners”."
https://echobuddha.com/meditation-safety/,Trust / Policy,GENERAL_READER,trust,SUPPORT,https://echobuddha.com/about/,Publisher transparency or user-protection information specific to “Meditation Safety and Gentle Practice”.
https://echobuddha.com/meditation/10-minute-meditation-practice/,Meditation,PRACTITIONER,meditation practice,SUPPORT,https://echobuddha.com/meditation/,"Concrete method, pacing, posture, duration, or troubleshooting specific to “10-Minute Meditation Practice”."
https://echobuddha.com/meditation/5-minute-meditation-practice/,Meditation,PRACTITIONER,meditation practice,SUPPORT,https://echobuddha.com/meditation/,"Concrete method, pacing, posture, duration, or troubleshooting specific to “5-Minute Meditation Practice”."
https://echobuddha.com/meditation/breathing-meditation/,Breath / Mindfulness of Breathing,PRACTITIONER,meditation practice,SUPPORT,https://echobuddha.com/articles/mindfulness-of-breathing-guide/,"Concrete method, pacing, posture, duration, or troubleshooting specific to “Breathing Meditation”."
https://echobuddha.com/meditation/,Meditation,BEGINNER,navigational,LEVEL 1,https://echobuddha.com/meditation/,"Orientation, selection, and meaningful navigation across the Meditation cluster."
https://echobuddha.com/meditation/loving-kindness-meditation/,Loving-Kindness / Metta,PRACTITIONER,meditation practice,SUPPORT,https://echobuddha.com/learn/buddhist-dictionary/metta/,"Concrete method, pacing, posture, duration, or troubleshooting specific to “Loving-Kindness Meditation”."
https://echobuddha.com/meditation/meditation-for-beginners/,Meditation,PRACTITIONER,meditation practice,SUPPORT,https://echobuddha.com/meditation/,"Concrete method, pacing, posture, duration, or troubleshooting specific to “Meditation for Beginners”."
https://echobuddha.com/meditation/meditation-posture-for-beginners/,Meditation,PRACTITIONER,meditation practice,SUPPORT,https://echobuddha.com/meditation/,"Concrete method, pacing, posture, duration, or troubleshooting specific to “Meditation Posture for Beginners”."
https://echobuddha.com/meditation/mindfulness-in-daily-life/,Mindfulness,PRACTITIONER,meditation practice,SUPPORT,https://echobuddha.com/learn/buddhism-101/what-is-mindfulness/,"Concrete method, pacing, posture, duration, or troubleshooting specific to “Mindfulness in Daily Life”."
https://echobuddha.com/meditation/walking-meditation/,Walking Meditation,PRACTITIONER,meditation practice,LEVEL 1,https://echobuddha.com/meditation/walking-meditation/,"Concrete method, pacing, posture, duration, or troubleshooting specific to “Walking Meditation”."
https://echobuddha.com/meditation/when-meditation-feels-hard/,Meditation,PRACTITIONER,meditation practice,SUPPORT,https://echobuddha.com/meditation/,"Concrete method, pacing, posture, duration, or troubleshooting specific to “What to Do When Meditation Feels Hard”."
https://echobuddha.com/mindful-living/,Mindful Living,GENERAL_READER,navigational,LEVEL 1,https://echobuddha.com/mindful-living/,"Orientation, selection, and meaningful navigation across the Mindful Living cluster."
https://echobuddha.com/privacy-policy/,Trust / Policy,GENERAL_READER,trust,SUPPORT,https://echobuddha.com/about/,Publisher transparency or user-protection information specific to “Privacy Policy”.
https://echobuddha.com/quote-attribution-policy/,Trust / Policy,GENERAL_READER,trust,SUPPORT,https://echobuddha.com/about/,Publisher transparency or user-protection information specific to “Quote Attribution Policy”.
https://echobuddha.com/quotes/awareness/acceptance-before-next-step/,Quotes,RETURNING_READER,reflective,SUPPORT,https://echobuddha.com/quotes/,Original quote/reflection format and page-specific narrative; generated stories require Phase 3 index review.
https://echobuddha.com/quotes/awareness/anger-asks-for-speed-awareness-asks-for-one-more/,Quotes,RETURNING_READER,reflective,SUPPORT,https://echobuddha.com/quotes/,Original quote/reflection format and page-specific narrative; generated stories require Phase 3 index review.
https://echobuddha.com/quotes/awareness/awareness-does-not-remove-the-storm-it-keeps-you/,Quotes,RETURNING_READER,reflective,SUPPORT,https://echobuddha.com/quotes/,Original quote/reflection format and page-specific narrative; generated stories require Phase 3 index review.
https://echobuddha.com/quotes/awareness/feelings-without-the-wheel/,Quotes,RETURNING_READER,reflective,SUPPORT,https://echobuddha.com/quotes/,Original quote/reflection format and page-specific narrative; generated stories require Phase 3 index review.
https://echobuddha.com/quotes/awareness/,Quotes,RETURNING_READER,navigational,SUPPORT,https://echobuddha.com/quotes/,"Orientation, selection, and meaningful navigation across the Quotes cluster."
https://echobuddha.com/quotes/awareness/look-beneath-the-reaction-and-you-may-find-a/,Quotes,RETURNING_READER,reflective,SUPPORT,https://echobuddha.com/quotes/,Original quote/reflection format and page-specific narrative; generated stories require Phase 3 index review.
https://echobuddha.com/quotes/awareness/name-the-feeling-gently-and-it-may-stop-speaking/,Quotes,RETURNING_READER,reflective,SUPPORT,https://echobuddha.com/quotes/,Original quote/reflection format and page-specific narrative; generated stories require Phase 3 index review.
https://echobuddha.com/quotes/awareness/one-breath-before-anger-replies/,Quotes,RETURNING_READER,reflective,SUPPORT,https://echobuddha.com/quotes/,Original quote/reflection format and page-specific narrative; generated stories require Phase 3 index review.
https://echobuddha.com/quotes/awareness/small-acts-of-attention-can-turn-an-ordinary-day/,Quotes,RETURNING_READER,reflective,SUPPORT,https://echobuddha.com/quotes/,Original quote/reflection format and page-specific narrative; generated stories require Phase 3 index review.
https://echobuddha.com/quotes/awareness/the-body-often-knows-you-are-overwhelmed-before-the/,Quotes,RETURNING_READER,reflective,SUPPORT,https://echobuddha.com/quotes/,Original quote/reflection format and page-specific narrative; generated stories require Phase 3 index review.
https://echobuddha.com/quotes/awareness/thoughts-are-visitors/,Quotes,RETURNING_READER,reflective,SUPPORT,https://echobuddha.com/quotes/,Original quote/reflection format and page-specific narrative; generated stories require Phase 3 index review.
https://echobuddha.com/quotes/awareness/thoughts-pass-without-commanding-you/,Quotes,RETURNING_READER,reflective,SUPPORT,https://echobuddha.com/quotes/,Original quote/reflection format and page-specific narrative; generated stories require Phase 3 index review.
https://echobuddha.com/quotes/compassion/a-gentle-response-can-end-suffering-that-anger-would/,Quotes,RETURNING_READER,reflective,SUPPORT,https://echobuddha.com/quotes/,Original quote/reflection format and page-specific narrative; generated stories require Phase 3 index review.
https://echobuddha.com/quotes/compassion/before-judging-another-life-remember-how-much-of-your/,Quotes,RETURNING_READER,reflective,SUPPORT,https://echobuddha.com/quotes/,Original quote/reflection format and page-specific narrative; generated stories require Phase 3 index review.
https://echobuddha.com/quotes/compassion/compassion-asks-what-hurts-before-it-asks-who-is/,Quotes,RETURNING_READER,reflective,SUPPORT,https://echobuddha.com/quotes/,Original quote/reflection format and page-specific narrative; generated stories require Phase 3 index review.
https://echobuddha.com/quotes/compassion/compassion-grows-where-judgment-loosens-its-grip/,Quotes,RETURNING_READER,reflective,SUPPORT,https://echobuddha.com/quotes/,Original quote/reflection format and page-specific narrative; generated stories require Phase 3 index review.
https://echobuddha.com/quotes/compassion/compassion-sees-pain-clearly/,Quotes,RETURNING_READER,reflective,SUPPORT,https://echobuddha.com/quotes/,Original quote/reflection format and page-specific narrative; generated stories require Phase 3 index review.
https://echobuddha.com/quotes/compassion/gentle-self-compassion/,Quotes,RETURNING_READER,reflective,SUPPORT,https://echobuddha.com/quotes/,Original quote/reflection format and page-specific narrative; generated stories require Phase 3 index review.
https://echobuddha.com/quotes/compassion/,Quotes,RETURNING_READER,navigational,SUPPORT,https://echobuddha.com/quotes/,"Orientation, selection, and meaningful navigation across the Quotes cluster."
https://echobuddha.com/quotes/compassion/kindness-as-quiet-practice/,Quotes,RETURNING_READER,reflective,SUPPORT,https://echobuddha.com/quotes/,Original quote/reflection format and page-specific narrative; generated stories require Phase 3 index review.
https://echobuddha.com/quotes/compassion/kindness-does-not-need-an-audience-to-become-meaningful/,Quotes,RETURNING_READER,reflective,SUPPORT,https://echobuddha.com/quotes/,Original quote/reflection format and page-specific narrative; generated stories require Phase 3 index review.
https://echobuddha.com/quotes/compassion/let-kindness-be-the-echo-you-leave-in-every/,Quotes,RETURNING_READER,reflective,SUPPORT,https://echobuddha.com/quotes/,Original quote/reflection format and page-specific narrative; generated stories require Phase 3 index review.
https://echobuddha.com/quotes/compassion/loving-kindness-without-harm/,Quotes,RETURNING_READER,reflective,SUPPORT,https://echobuddha.com/quotes/,Original quote/reflection format and page-specific narrative; generated stories require Phase 3 index review.
https://echobuddha.com/quotes/impermanence/because-this-moment-will-pass-meet-it-while-it/,Quotes,RETURNING_READER,reflective,SUPPORT,https://echobuddha.com/quotes/,Original quote/reflection format and page-specific narrative; generated stories require Phase 3 index review.
https://echobuddha.com/quotes/impermanence/change-is-how-life-continues/,Quotes,RETURNING_READER,reflective,SUPPORT,https://echobuddha.com/quotes/,Original quote/reflection format and page-specific narrative; generated stories require Phase 3 index review.
https://echobuddha.com/quotes/impermanence/change-takes-nothing-personally-it-simply-continues/,Quotes,RETURNING_READER,reflective,SUPPORT,https://echobuddha.com/quotes/,Original quote/reflection format and page-specific narrative; generated stories require Phase 3 index review.
https://echobuddha.com/quotes/impermanence/everything-changes-including-the-part-of-you-that-fears/,Quotes,RETURNING_READER,reflective,SUPPORT,https://echobuddha.com/quotes/,Original quote/reflection format and page-specific narrative; generated stories require Phase 3 index review.
https://echobuddha.com/quotes/impermanence/,Quotes,RETURNING_READER,navigational,SUPPORT,https://echobuddha.com/quotes/,"Orientation, selection, and meaningful navigation across the Quotes cluster."
https://echobuddha.com/quotes/impermanence/meet-change-softly/,Quotes,RETURNING_READER,reflective,SUPPORT,https://echobuddha.com/quotes/,Original quote/reflection format and page-specific narrative; generated stories require Phase 3 index review.
https://echobuddha.com/quotes/impermanence/the-fading-flower-does-not-make-its-blooming-less/,Quotes,RETURNING_READER,reflective,SUPPORT,https://echobuddha.com/quotes/,Original quote/reflection format and page-specific narrative; generated stories require Phase 3 index review.
https://echobuddha.com/quotes/impermanence/the-passing-of-joy-teaches-gratitude-the-passing-of/,Quotes,RETURNING_READER,reflective,SUPPORT,https://echobuddha.com/quotes/,Original quote/reflection format and page-specific narrative; generated stories require Phase 3 index review.
https://echobuddha.com/quotes/impermanence/todays-certainty-may-become-tomorrows-lesson-in-humility/,Quotes,RETURNING_READER,reflective,SUPPORT,https://echobuddha.com/quotes/,Original quote/reflection format and page-specific narrative; generated stories require Phase 3 index review.
https://echobuddha.com/quotes/,Quotes,RETURNING_READER,navigational,LEVEL 1,https://echobuddha.com/quotes/,"Orientation, selection, and meaningful navigation across the Quotes cluster."
https://echobuddha.com/quotes/letting-go/an-open-hand-can-care-for-what-a-clenched/,Quotes,RETURNING_READER,reflective,SUPPORT,https://echobuddha.com/quotes/,Original quote/reflection format and page-specific narrative; generated stories require Phase 3 index review.
https://echobuddha.com/quotes/letting-go/caring-without-clinging/,Quotes,RETURNING_READER,reflective,SUPPORT,https://echobuddha.com/quotes/,Original quote/reflection format and page-specific narrative; generated stories require Phase 3 index review.
https://echobuddha.com/quotes/letting-go/forgiveness-without-approving-harm/,Quotes,RETURNING_READER,reflective,SUPPORT,https://echobuddha.com/quotes/,Original quote/reflection format and page-specific narrative; generated stories require Phase 3 index review.
https://echobuddha.com/quotes/letting-go/,Quotes,RETURNING_READER,navigational,SUPPORT,https://echobuddha.com/quotes/,"Orientation, selection, and meaningful navigation across the Quotes cluster."
https://echobuddha.com/quotes/letting-go/letting-go-begins-by-admitting-how-tightly-you-are/,Quotes,RETURNING_READER,reflective,SUPPORT,https://echobuddha.com/quotes/,Original quote/reflection format and page-specific narrative; generated stories require Phase 3 index review.
https://echobuddha.com/quotes/letting-go/open-hands-non-attachment/,Quotes,RETURNING_READER,reflective,SUPPORT,https://echobuddha.com/quotes/,Original quote/reflection format and page-specific narrative; generated stories require Phase 3 index review.
https://echobuddha.com/quotes/letting-go/peace-enters-when-control-is-no-longer-the-price/,Quotes,RETURNING_READER,reflective,SUPPORT,https://echobuddha.com/quotes/,Original quote/reflection format and page-specific narrative; generated stories require Phase 3 index review.
https://echobuddha.com/quotes/letting-go/release-the-need-to-replay-what-can-no-longer/,Quotes,RETURNING_READER,reflective,SUPPORT,https://echobuddha.com/quotes/,Original quote/reflection format and page-specific narrative; generated stories require Phase 3 index review.
https://echobuddha.com/quotes/letting-go/soften-around-stress/,Quotes,RETURNING_READER,reflective,SUPPORT,https://echobuddha.com/quotes/,Original quote/reflection format and page-specific narrative; generated stories require Phase 3 index review.
https://echobuddha.com/quotes/letting-go/where-attachment-begins/,Quotes,RETURNING_READER,reflective,SUPPORT,https://echobuddha.com/quotes/,Original quote/reflection format and page-specific narrative; generated stories require Phase 3 index review.
https://echobuddha.com/quotes/letting-go/you-can-honor-the-past-without-asking-it-to/,Quotes,RETURNING_READER,reflective,SUPPORT,https://echobuddha.com/quotes/,Original quote/reflection format and page-specific narrative; generated stories require Phase 3 index review.
https://echobuddha.com/quotes/letting-go/you-do-not-need-to-carry-every-thought-that/,Quotes,RETURNING_READER,reflective,SUPPORT,https://echobuddha.com/quotes/,Original quote/reflection format and page-specific narrative; generated stories require Phase 3 index review.
https://echobuddha.com/quotes/meditation/a-short-sincere-practice-can-steady-a-long-and/,Quotes,RETURNING_READER,reflective,SUPPORT,https://echobuddha.com/quotes/,Original quote/reflection format and page-specific narrative; generated stories require Phase 3 index review.
https://echobuddha.com/quotes/meditation/few-quiet-minutes/,Quotes,RETURNING_READER,reflective,SUPPORT,https://echobuddha.com/quotes/,Original quote/reflection format and page-specific narrative; generated stories require Phase 3 index review.
https://echobuddha.com/quotes/meditation/follow-the-breath-lightly-as-you-would-listen-to/,Quotes,RETURNING_READER,reflective,SUPPORT,https://echobuddha.com/quotes/,Original quote/reflection format and page-specific narrative; generated stories require Phase 3 index review.
https://echobuddha.com/quotes/meditation/,Quotes,RETURNING_READER,navigational,SUPPORT,https://echobuddha.com/quotes/,"Orientation, selection, and meaningful navigation across the Quotes cluster."
https://echobuddha.com/quotes/meditation/meditation-is-not-leaving-life-it-is-learning-how/,Quotes,RETURNING_READER,reflective,SUPPORT,https://echobuddha.com/quotes/,Original quote/reflection format and page-specific narrative; generated stories require Phase 3 index review.
https://echobuddha.com/quotes/meditation/meditation-is-returning/,Quotes,RETURNING_READER,reflective,SUPPORT,https://echobuddha.com/quotes/,Original quote/reflection format and page-specific narrative; generated stories require Phase 3 index review.
https://echobuddha.com/quotes/meditation/one-honest-breath/,Quotes,RETURNING_READER,reflective,SUPPORT,https://echobuddha.com/quotes/,Original quote/reflection format and page-specific narrative; generated stories require Phase 3 index review.
https://echobuddha.com/quotes/meditation/silence-is-not-empty-when-the-heart-is-listening/,Quotes,RETURNING_READER,reflective,SUPPORT,https://echobuddha.com/quotes/,Original quote/reflection format and page-specific narrative; generated stories require Phase 3 index review.
https://echobuddha.com/quotes/meditation/sit-without-demanding-silence-and-the-mind-will-teach/,Quotes,RETURNING_READER,reflective,SUPPORT,https://echobuddha.com/quotes/,Original quote/reflection format and page-specific narrative; generated stories require Phase 3 index review.
https://echobuddha.com/quotes/meditation/the-cushion-is-a-place-to-practice-returning-not/,Quotes,RETURNING_READER,reflective,SUPPORT,https://echobuddha.com/quotes/,Original quote/reflection format and page-specific narrative; generated stories require Phase 3 index review.
https://echobuddha.com/quotes/mindfulness/a-peaceful-mind-begins-with-one-honest-breath/,Quotes,RETURNING_READER,reflective,SUPPORT,https://echobuddha.com/quotes/,Original quote/reflection format and page-specific narrative; generated stories require Phase 3 index review.
https://echobuddha.com/quotes/mindfulness/begin-the-day-with-awareness/,Quotes,RETURNING_READER,reflective,SUPPORT,https://echobuddha.com/quotes/,Original quote/reflection format and page-specific narrative; generated stories require Phase 3 index review.
https://echobuddha.com/quotes/mindfulness/gratitude-notices-enough/,Quotes,RETURNING_READER,reflective,SUPPORT,https://echobuddha.com/quotes/,Original quote/reflection format and page-specific narrative; generated stories require Phase 3 index review.
https://echobuddha.com/quotes/mindfulness/ground-yourself-gently/,Quotes,RETURNING_READER,reflective,SUPPORT,https://echobuddha.com/quotes/,Original quote/reflection format and page-specific narrative; generated stories require Phase 3 index review.
https://echobuddha.com/quotes/mindfulness/,Quotes,RETURNING_READER,navigational,SUPPORT,https://echobuddha.com/quotes/,"Orientation, selection, and meaningful navigation across the Quotes cluster."
https://echobuddha.com/quotes/mindfulness/listen-before-answering/,Quotes,RETURNING_READER,reflective,SUPPORT,https://echobuddha.com/quotes/,Original quote/reflection format and page-specific narrative; generated stories require Phase 3 index review.
https://echobuddha.com/quotes/mindfulness/notice-what-is-here-before-deciding-what-it-means/,Quotes,RETURNING_READER,reflective,SUPPORT,https://echobuddha.com/quotes/,Original quote/reflection format and page-specific narrative; generated stories require Phase 3 index review.
https://echobuddha.com/quotes/mindfulness/one-mindful-pause-can-change-the-direction-of-an/,Quotes,RETURNING_READER,reflective,SUPPORT,https://echobuddha.com/quotes/,Original quote/reflection format and page-specific narrative; generated stories require Phase 3 index review.
https://echobuddha.com/quotes/mindfulness/peace-begins-with-attention/,Quotes,RETURNING_READER,reflective,SUPPORT,https://echobuddha.com/quotes/,Original quote/reflection format and page-specific narrative; generated stories require Phase 3 index review.
https://echobuddha.com/quotes/mindfulness/peace-grows-when-attention-stops-running-ahead-of-the/,Quotes,RETURNING_READER,reflective,SUPPORT,https://echobuddha.com/quotes/,Original quote/reflection format and page-specific narrative; generated stories require Phase 3 index review.
https://echobuddha.com/quotes/mindfulness/present-moment-one-step/,Quotes,RETURNING_READER,reflective,SUPPORT,https://echobuddha.com/quotes/,Original quote/reflection format and page-specific narrative; generated stories require Phase 3 index review.
https://echobuddha.com/quotes/mindfulness/return-to-the-breath-before-you-return-to-the/,Quotes,RETURNING_READER,reflective,SUPPORT,https://echobuddha.com/quotes/,Original quote/reflection format and page-specific narrative; generated stories require Phase 3 index review.
https://echobuddha.com/quotes/mindfulness/the-present-moment-asks-for-your-attention-not-your/,Quotes,RETURNING_READER,reflective,SUPPORT,https://echobuddha.com/quotes/,Original quote/reflection format and page-specific narrative; generated stories require Phase 3 index review.
https://echobuddha.com/quotes/patience/be-patient-with-the-part-of-you-that-is/,Quotes,RETURNING_READER,reflective,SUPPORT,https://echobuddha.com/quotes/,Original quote/reflection format and page-specific narrative; generated stories require Phase 3 index review.
https://echobuddha.com/quotes/patience/family-kindness-and-patience/,Quotes,RETURNING_READER,reflective,SUPPORT,https://echobuddha.com/quotes/,Original quote/reflection format and page-specific narrative; generated stories require Phase 3 index review.
https://echobuddha.com/quotes/patience/growth-is-quiet-work-often-invisible-until-the-season/,Quotes,RETURNING_READER,reflective,SUPPORT,https://echobuddha.com/quotes/,Original quote/reflection format and page-specific narrative; generated stories require Phase 3 index review.
https://echobuddha.com/quotes/patience/,Quotes,RETURNING_READER,navigational,SUPPORT,https://echobuddha.com/quotes/,"Orientation, selection, and meaningful navigation across the Quotes cluster."
https://echobuddha.com/quotes/patience/not-every-delay-is-an-obstacle-some-are-invitations/,Quotes,RETURNING_READER,reflective,SUPPORT,https://echobuddha.com/quotes/,Original quote/reflection format and page-specific narrative; generated stories require Phase 3 index review.
https://echobuddha.com/quotes/patience/patience-is-the-strength-to-remain-present-while-life/,Quotes,RETURNING_READER,reflective,SUPPORT,https://echobuddha.com/quotes/,Original quote/reflection format and page-specific narrative; generated stories require Phase 3 index review.
https://echobuddha.com/quotes/patience/patience-softens-the-wait/,Quotes,RETURNING_READER,reflective,SUPPORT,https://echobuddha.com/quotes/,Original quote/reflection format and page-specific narrative; generated stories require Phase 3 index review.
https://echobuddha.com/quotes/patience/wait-long-enough-for-the-first-reaction-to-become/,Quotes,RETURNING_READER,reflective,SUPPORT,https://echobuddha.com/quotes/,Original quote/reflection format and page-specific narrative; generated stories require Phase 3 index review.
https://echobuddha.com/quotes/patience/when-anger-rises-pause-long-enough-to-see-the/,Quotes,RETURNING_READER,reflective,SUPPORT,https://echobuddha.com/quotes/,Original quote/reflection format and page-specific narrative; generated stories require Phase 3 index review.
https://echobuddha.com/quotes/practice/do-not-wait-to-feel-ready-before-choosing-what/,Quotes,RETURNING_READER,reflective,SUPPORT,https://echobuddha.com/quotes/,Original quote/reflection format and page-specific narrative; generated stories require Phase 3 index review.
https://echobuddha.com/quotes/practice/eightfold-path-daily-choices/,Quotes,RETURNING_READER,reflective,SUPPORT,https://echobuddha.com/quotes/,Original quote/reflection format and page-specific narrative; generated stories require Phase 3 index review.
https://echobuddha.com/quotes/practice/,Quotes,RETURNING_READER,navigational,SUPPORT,https://echobuddha.com/quotes/,"Orientation, selection, and meaningful navigation across the Quotes cluster."
https://echobuddha.com/quotes/practice/mindfulness-at-work-breath/,Quotes,RETURNING_READER,reflective,SUPPORT,https://echobuddha.com/quotes/,Original quote/reflection format and page-specific narrative; generated stories require Phase 3 index review.
https://echobuddha.com/quotes/practice/practice-becomes-real-when-it-enters-your-speech-and/,Quotes,RETURNING_READER,reflective,SUPPORT,https://echobuddha.com/quotes/,Original quote/reflection format and page-specific narrative; generated stories require Phase 3 index review.
https://echobuddha.com/quotes/practice/right-intention-turns-the-heart/,Quotes,RETURNING_READER,reflective,SUPPORT,https://echobuddha.com/quotes/,Original quote/reflection format and page-specific narrative; generated stories require Phase 3 index review.
https://echobuddha.com/quotes/practice/small-actions-shape-the-mind/,Quotes,RETURNING_READER,reflective,SUPPORT,https://echobuddha.com/quotes/,Original quote/reflection format and page-specific narrative; generated stories require Phase 3 index review.
https://echobuddha.com/quotes/practice/the-path-is-not-far-away-it-is-the/,Quotes,RETURNING_READER,reflective,SUPPORT,https://echobuddha.com/quotes/,Original quote/reflection format and page-specific narrative; generated stories require Phase 3 index review.
https://echobuddha.com/quotes/practice/the-smallest-wholesome-action-is-larger-than-the-finest/,Quotes,RETURNING_READER,reflective,SUPPORT,https://echobuddha.com/quotes/,Original quote/reflection format and page-specific narrative; generated stories require Phase 3 index review.
https://echobuddha.com/quotes/practice/walk-slowly-enough-to-notice-where-your-life-is/,Quotes,RETURNING_READER,reflective,SUPPORT,https://echobuddha.com/quotes/,Original quote/reflection format and page-specific narrative; generated stories require Phase 3 index review.
https://echobuddha.com/quotes/practice/your-next-response-is-always-part-of-the-path/,Quotes,RETURNING_READER,reflective,SUPPORT,https://echobuddha.com/quotes/,Original quote/reflection format and page-specific narrative; generated stories require Phase 3 index review.
https://echobuddha.com/quotes/renewal/a-new-direction-can-start-with-one-different-choice/,Quotes,RETURNING_READER,reflective,SUPPORT,https://echobuddha.com/quotes/,Original quote/reflection format and page-specific narrative; generated stories require Phase 3 index review.
https://echobuddha.com/quotes/renewal/begin-again-gently-the-breath-is-always-willing/,Quotes,RETURNING_READER,reflective,SUPPORT,https://echobuddha.com/quotes/,Original quote/reflection format and page-specific narrative; generated stories require Phase 3 index review.
https://echobuddha.com/quotes/renewal/begin-again-without-shame/,Quotes,RETURNING_READER,reflective,SUPPORT,https://echobuddha.com/quotes/,Original quote/reflection format and page-specific narrative; generated stories require Phase 3 index review.
https://echobuddha.com/quotes/renewal/begin-again-without-turning-yesterday-into-a-sentence/,Quotes,RETURNING_READER,reflective,SUPPORT,https://echobuddha.com/quotes/,Original quote/reflection format and page-specific narrative; generated stories require Phase 3 index review.
https://echobuddha.com/quotes/renewal/evening-release-reflection/,Quotes,RETURNING_READER,reflective,SUPPORT,https://echobuddha.com/quotes/,Original quote/reflection format and page-specific narrative; generated stories require Phase 3 index review.
https://echobuddha.com/quotes/renewal/gentle-hope-keeps-walking/,Quotes,RETURNING_READER,reflective,SUPPORT,https://echobuddha.com/quotes/,Original quote/reflection format and page-specific narrative; generated stories require Phase 3 index review.
https://echobuddha.com/quotes/renewal/,Quotes,RETURNING_READER,navigational,SUPPORT,https://echobuddha.com/quotes/,"Orientation, selection, and meaningful navigation across the Quotes cluster."
https://echobuddha.com/quotes/renewal/morning-is-not-the-only-time-a-life-can/,Quotes,RETURNING_READER,reflective,SUPPORT,https://echobuddha.com/quotes/,Original quote/reflection format and page-specific narrative; generated stories require Phase 3 index review.
https://echobuddha.com/quotes/renewal/one-calm-morning-intention/,Quotes,RETURNING_READER,reflective,SUPPORT,https://echobuddha.com/quotes/,Original quote/reflection format and page-specific narrative; generated stories require Phase 3 index review.
https://echobuddha.com/quotes/renewal/the-path-welcomes-your-return-more-often-than-pride/,Quotes,RETURNING_READER,reflective,SUPPORT,https://echobuddha.com/quotes/,Original quote/reflection format and page-specific narrative; generated stories require Phase 3 index review.
https://echobuddha.com/quotes/renewal/you-are-allowed-to-learn-slowly-and-still-be/,Quotes,RETURNING_READER,reflective,SUPPORT,https://echobuddha.com/quotes/,Original quote/reflection format and page-specific narrative; generated stories require Phase 3 index review.
https://echobuddha.com/quotes/wisdom/a-clear-mind-can-hold-two-truths-without-rushing/,Quotes,RETURNING_READER,reflective,SUPPORT,https://echobuddha.com/quotes/,Original quote/reflection format and page-specific narrative; generated stories require Phase 3 index review.
https://echobuddha.com/quotes/wisdom/contentment-with-what-is-here/,Quotes,RETURNING_READER,reflective,SUPPORT,https://echobuddha.com/quotes/,Original quote/reflection format and page-specific narrative; generated stories require Phase 3 index review.
https://echobuddha.com/quotes/wisdom/difficult-people-and-boundaries/,Quotes,RETURNING_READER,reflective,SUPPORT,https://echobuddha.com/quotes/,Original quote/reflection format and page-specific narrative; generated stories require Phase 3 index review.
https://echobuddha.com/quotes/wisdom/,Quotes,RETURNING_READER,navigational,SUPPORT,https://echobuddha.com/quotes/,"Orientation, selection, and meaningful navigation across the Quotes cluster."
https://echobuddha.com/quotes/wisdom/karma-begins-in-intention/,Quotes,RETURNING_READER,reflective,SUPPORT,https://echobuddha.com/quotes/,Original quote/reflection format and page-specific narrative; generated stories require Phase 3 index review.
https://echobuddha.com/quotes/wisdom/knowing-when-not-to-speak-is-also-a-form/,Quotes,RETURNING_READER,reflective,SUPPORT,https://echobuddha.com/quotes/,Original quote/reflection format and page-specific narrative; generated stories require Phase 3 index review.
https://echobuddha.com/quotes/wisdom/right-speech-with-kindness/,Quotes,RETURNING_READER,reflective,SUPPORT,https://echobuddha.com/quotes/,Original quote/reflection format and page-specific narrative; generated stories require Phase 3 index review.
https://echobuddha.com/quotes/wisdom/simplicity-clears-the-room/,Quotes,RETURNING_READER,reflective,SUPPORT,https://echobuddha.com/quotes/,Original quote/reflection format and page-specific narrative; generated stories require Phase 3 index review.
https://echobuddha.com/quotes/wisdom/the-lesson-repeats-until-attention-replaces-habit/,Quotes,RETURNING_READER,reflective,SUPPORT,https://echobuddha.com/quotes/,Original quote/reflection format and page-specific narrative; generated stories require Phase 3 index review.
https://echobuddha.com/quotes/wisdom/understanding-suffering-honestly/,Quotes,RETURNING_READER,reflective,SUPPORT,https://echobuddha.com/quotes/,Original quote/reflection format and page-specific narrative; generated stories require Phase 3 index review.
https://echobuddha.com/quotes/wisdom/what-feels-urgent-is-not-always-what-matters-most/,Quotes,RETURNING_READER,reflective,SUPPORT,https://echobuddha.com/quotes/,Original quote/reflection format and page-specific narrative; generated stories require Phase 3 index review.
https://echobuddha.com/quotes/wisdom/wisdom-is-the-art-of-meeting-life-without-adding/,Quotes,RETURNING_READER,reflective,SUPPORT,https://echobuddha.com/quotes/,Original quote/reflection format and page-specific narrative; generated stories require Phase 3 index review.
https://echobuddha.com/quotes/wisdom/wisdom-sees-clearly/,Quotes,RETURNING_READER,reflective,SUPPORT,https://echobuddha.com/quotes/,Original quote/reflection format and page-specific narrative; generated stories require Phase 3 index review.
https://echobuddha.com/quotes/wisdom/wisdom-sees-the-whole-fire-not-only-the-spark/,Quotes,RETURNING_READER,reflective,SUPPORT,https://echobuddha.com/quotes/,Original quote/reflection format and page-specific narrative; generated stories require Phase 3 index review.
https://echobuddha.com/quotes/wisdom/wise-silence/,Quotes,RETURNING_READER,reflective,SUPPORT,https://echobuddha.com/quotes/,Original quote/reflection format and page-specific narrative; generated stories require Phase 3 index review.
https://echobuddha.com/start-here/,Newcomer Orientation,BEGINNER,navigational,LEVEL 1,https://echobuddha.com/start-here/,"Orientation, selection, and meaningful navigation across the Newcomer Orientation cluster."
https://echobuddha.com/terms-of-use/,Trust / Policy,GENERAL_READER,trust,SUPPORT,https://echobuddha.com/about/,Publisher transparency or user-protection information specific to “Terms of Use”.
https://echobuddha.com/tools/,Utility,RETURNING_READER,utility,LEVEL 1,https://echobuddha.com/tools/,Functional user task rather than independent doctrinal explanation.
