Cluster,Primary owner,Indexable pages mapped,Primary owner present,Medium conflicts,High conflicts,Critical conflicts,Risk level,Expansion hold,Required resolution,Confidence
Beginner Buddhism,https://echobuddha.com/learn/buddhism-for-beginners/,7,Yes,1,1,0,HIGH,Yes,Resolve listed Phase 3/4 role conflicts before approving new indexable pages.,High
Four Noble Truths,https://echobuddha.com/learn/four-noble-truths/,6,Yes,2,1,0,HIGH,Yes,Resolve listed Phase 3/4 role conflicts before approving new indexable pages.,High
Noble Eightfold Path,https://echobuddha.com/learn/eightfold-path/,7,Yes,2,2,0,HIGH,Yes,Resolve listed Phase 3/4 role conflicts before approving new indexable pages.,High
Karma,https://echobuddha.com/learn/buddhism-101/what-is-karma-in-buddhism/,3,Yes,0,0,0,MEDIUM,No,Protect owner and apply future approval gate.,High
Five Precepts,https://echobuddha.com/learn/buddhism-101/five-precepts-buddhism/,2,Yes,0,0,0,LOW,No,Protect owner and apply future approval gate.,High
Three Poisons,https://echobuddha.com/articles/three-poisons-buddhism-explained/,1,Yes,0,0,0,LOW,No,Protect owner and apply future approval gate.,High
Impermanence,https://echobuddha.com/learn/buddhism-101/what-is-impermanence/,5,Yes,1,2,0,HIGH,Yes,Resolve listed Phase 3/4 role conflicts before approving new indexable pages.,High
Attachment / Non-Attachment / Letting Go,https://echobuddha.com/articles/how-to-let-go-of-attachment-in-buddhism/,4,Yes,1,0,0,MEDIUM,Yes,Resolve listed Phase 3/4 role conflicts before approving new indexable pages.,High
Compassion,https://echobuddha.com/articles/compassion-in-buddhism-beginner-guide/,5,Yes,1,0,0,MEDIUM,Yes,Resolve listed Phase 3/4 role conflicts before approving new indexable pages.,High
Loving-Kindness / Metta,https://echobuddha.com/learn/buddhist-dictionary/metta/,6,Yes,0,1,0,HIGH,Yes,Resolve listed Phase 3/4 role conflicts before approving new indexable pages.,High
Equanimity,https://echobuddha.com/articles/equanimity-in-buddhism/,1,Yes,0,0,0,LOW,No,Protect owner and apply future approval gate.,High
Right Speech,https://echobuddha.com/articles/right-speech-buddhism/,5,Yes,0,0,0,MEDIUM,No,Protect owner and apply future approval gate.,High
Patience,https://echobuddha.com/articles/three-ways-to-practice-patience/,2,Yes,0,0,0,LOW,No,Protect owner and apply future approval gate.,High
Anger,https://echobuddha.com/articles/buddhist-approach-to-anger/,1,Yes,0,0,0,LOW,No,Protect owner and apply future approval gate.,High
Forgiveness,https://echobuddha.com/articles/buddhist-teachings-on-forgiveness/,1,Yes,0,0,0,LOW,No,Protect owner and apply future approval gate.,High
Gratitude,https://echobuddha.com/articles/buddhist-gratitude-practice/,1,Yes,0,0,0,LOW,No,Protect owner and apply future approval gate.,High
Dhamma / Dharma,https://echobuddha.com/learn/buddhist-dictionary/dhamma/,2,Yes,0,0,0,LOW,No,Protect owner and apply future approval gate.,High
Sangha,https://echobuddha.com/articles/what-is-sangha-buddhist-community/,4,Yes,0,0,0,LOW,No,Protect owner and apply future approval gate.,High
Meditation,https://echobuddha.com/meditation/,9,Yes,0,2,0,HIGH,Yes,Resolve listed Phase 3/4 role conflicts before approving new indexable pages.,High
Breath / Mindfulness of Breathing,https://echobuddha.com/articles/mindfulness-of-breathing-guide/,3,Yes,1,0,0,MEDIUM,Yes,Resolve listed Phase 3/4 role conflicts before approving new indexable pages.,High
Walking Meditation,https://echobuddha.com/meditation/walking-meditation/,2,Yes,1,0,0,MEDIUM,No,Protect owner and apply future approval gate.,High
Anxiety / Overthinking,https://echobuddha.com/articles/how-to-meditate-for-anxiety/,2,Yes,0,0,0,MEDIUM,No,Protect owner and apply future approval gate.,High
Sleep,https://echobuddha.com/articles/mindfulness-for-better-sleep/,1,Yes,0,0,0,LOW,No,Protect owner and apply future approval gate.,High
Mindfulness,https://echobuddha.com/learn/buddhism-101/what-is-mindfulness/,7,Yes,1,0,0,HIGH,Yes,Resolve listed Phase 3/4 role conflicts before approving new indexable pages.,High
Dhammapada,https://echobuddha.com/learn/dhammapada-reflections/,9,Yes,1,0,0,HIGH,Yes,Resolve listed Phase 3/4 role conflicts before approving new indexable pages.,High
Sutta Study,https://echobuddha.com/learn/sutta-for-daily-life/,4,Yes,0,0,0,MEDIUM,No,Protect owner and apply future approval gate.,High
Buddhist Dictionary,https://echobuddha.com/learn/buddhist-dictionary/,3,Yes,0,0,0,MEDIUM,No,Protect owner and apply future approval gate.,High
Quotes,https://echobuddha.com/quotes/,114,Yes,0,1,0,HIGH,Yes,Resolve listed Phase 3/4 role conflicts before approving new indexable pages.,High
Daily Reflections,https://echobuddha.com/daily-reflections/,31,Yes,0,1,0,HIGH,Yes,Resolve listed Phase 3/4 role conflicts before approving new indexable pages.,High
Right Livelihood,https://echobuddha.com/learn/buddhism-101/right-livelihood-buddhism/,2,Yes,0,0,0,LOW,No,Protect owner and apply future approval gate.,High
Brahmaviharas,https://echobuddha.com/learn/buddhism-101/four-brahmaviharas/,1,Yes,0,0,0,LOW,No,Protect owner and apply future approval gate.,High
Buddhist Foundations,https://echobuddha.com/learn/buddhism-101/,7,Yes,0,0,0,LOW,No,Protect owner and apply future approval gate.,High
Buddhist Practice,https://echobuddha.com/articles/category/practice/,1,Yes,0,0,0,LOW,No,Protect owner and apply future approval gate.,High
Article Discovery,https://echobuddha.com/articles/,5,Yes,0,0,0,LOW,No,Protect owner and apply future approval gate.,High
Learn Navigation,https://echobuddha.com/learn/,3,Yes,0,0,0,LOW,No,Protect owner and apply future approval gate.,High
Newcomer Orientation,https://echobuddha.com/start-here/,1,Yes,0,0,0,LOW,No,Protect owner and apply future approval gate.,High
Mindful Living,https://echobuddha.com/mindful-living/,1,Yes,0,0,0,LOW,No,Protect owner and apply future approval gate.,High
Trust / Policy,https://echobuddha.com/about/,12,Yes,0,0,0,LOW,No,Protect owner and apply future approval gate.,High
Utility,https://echobuddha.com/tools/,1,Yes,0,0,0,LOW,No,Protect owner and apply future approval gate.,High
Site Discovery,https://echobuddha.com/,1,Yes,0,0,0,LOW,No,Protect owner and apply future approval gate.,High
