URL,Topic cluster,This page does not own,Broad owner URL,Drift prevention rule
https://echobuddha.com/about/,Trust / Policy,"This page does not own narrower source, practice, scenario, quote, or recurring-user intents that have dedicated pages.",https://echobuddha.com/about/,Do not absorb narrow support roles.
https://echobuddha.com/articles/beginning-a-daily-mindfulness-practice/,Mindfulness,This page does not own the broad Mindfulness explanation; that belongs to /learn/buddhism-101/what-is-mindfulness/.,https://echobuddha.com/learn/buddhism-101/what-is-mindfulness/,Do not expand into a second broad pillar.
https://echobuddha.com/articles/buddhism-for-beginners-simple-guide/,Beginner Buddhism,This page does not own the broad Beginner Buddhism explanation; that belongs to /learn/buddhism-for-beginners/.,https://echobuddha.com/learn/buddhism-for-beginners/,Do not expand into a second broad pillar.
https://echobuddha.com/articles/buddhist-approach-to-anger/,Anger,"This page does not own narrower source, practice, scenario, quote, or recurring-user intents that have dedicated pages.",https://echobuddha.com/articles/buddhist-approach-to-anger/,Do not absorb narrow support roles.
https://echobuddha.com/articles/buddhist-gratitude-practice/,Gratitude,"This page does not own narrower source, practice, scenario, quote, or recurring-user intents that have dedicated pages.",https://echobuddha.com/articles/buddhist-gratitude-practice/,Do not absorb narrow support roles.
https://echobuddha.com/articles/buddhist-teachings-on-forgiveness/,Forgiveness,"This page does not own narrower source, practice, scenario, quote, or recurring-user intents that have dedicated pages.",https://echobuddha.com/articles/buddhist-teachings-on-forgiveness/,Do not absorb narrow support roles.
https://echobuddha.com/articles/buddhist-teachings-on-impermanence/,Impermanence,This page does not own the broad Impermanence explanation; that belongs to /learn/buddhism-101/what-is-impermanence/.,https://echobuddha.com/learn/buddhism-101/what-is-impermanence/,Do not expand into a second broad pillar.
https://echobuddha.com/articles/buddhist-wisdom-for-overthinking/,Anxiety / Overthinking,This page does not own the broad Anxiety / Overthinking explanation; that belongs to /articles/how-to-meditate-for-anxiety/.,https://echobuddha.com/articles/how-to-meditate-for-anxiety/,Do not expand into a second broad pillar.
https://echobuddha.com/articles/category/buddhist-wisdom/,Article Discovery,This page does not own the broad Article Discovery explanation; that belongs to /articles/.,https://echobuddha.com/articles/,Do not expand into a second broad pillar.
https://echobuddha.com/articles/category/meditation/,Article Discovery,This page does not own the broad Article Discovery explanation; that belongs to /articles/.,https://echobuddha.com/articles/,Do not expand into a second broad pillar.
https://echobuddha.com/articles/category/mindfulness/,Article Discovery,This page does not own the broad Article Discovery explanation; that belongs to /articles/.,https://echobuddha.com/articles/,Do not expand into a second broad pillar.
https://echobuddha.com/articles/category/practice/,Buddhist Practice,"This page does not own narrower source, practice, scenario, quote, or recurring-user intents that have dedicated pages.",https://echobuddha.com/articles/category/practice/,Do not absorb narrow support roles.
https://echobuddha.com/articles/category/reflection/,Article Discovery,This page does not own the broad Article Discovery explanation; that belongs to /articles/.,https://echobuddha.com/articles/,Do not expand into a second broad pillar.
https://echobuddha.com/articles/compassion-as-a-daily-discipline/,Compassion,This page does not own the broad Compassion explanation; that belongs to /articles/compassion-in-buddhism-beginner-guide/.,https://echobuddha.com/articles/compassion-in-buddhism-beginner-guide/,Do not expand into a second broad pillar.
https://echobuddha.com/articles/compassion-in-buddhism-beginner-guide/,Compassion,"This page does not own narrower source, practice, scenario, quote, or recurring-user intents that have dedicated pages.",https://echobuddha.com/articles/compassion-in-buddhism-beginner-guide/,Do not absorb narrow support roles.
https://echobuddha.com/articles/compassion-with-boundaries/,Compassion,This page does not own the broad Compassion explanation; that belongs to /articles/compassion-in-buddhism-beginner-guide/.,https://echobuddha.com/articles/compassion-in-buddhism-beginner-guide/,Do not expand into a second broad pillar.
https://echobuddha.com/articles/creating-a-peaceful-corner-at-home/,Meditation,This page does not own the broad Meditation explanation; that belongs to /meditation/.,https://echobuddha.com/meditation/,Do not expand into a second broad pillar.
https://echobuddha.com/articles/dhamma-vs-dharma/,Dhamma / Dharma,This page does not own the broad Dhamma / Dharma explanation; that belongs to /learn/buddhist-dictionary/dhamma/.,https://echobuddha.com/learn/buddhist-dictionary/dhamma/,Do not expand into a second broad pillar.
https://echobuddha.com/articles/dhammapada-reflection-trained-mind/,Dhammapada,This page does not own the broad Dhammapada explanation; that belongs to /learn/dhammapada-reflections/.,https://echobuddha.com/learn/dhammapada-reflections/,Do not expand into a second broad pillar.
https://echobuddha.com/articles/dhammapada-reflection-what-we-think/,Dhammapada,This page does not own the broad Dhammapada explanation; that belongs to /learn/dhammapada-reflections/.,https://echobuddha.com/learn/dhammapada-reflections/,Do not expand into a second broad pillar.
https://echobuddha.com/articles/dhammapada-verse-1-meaning/,Dhammapada,This page does not own the broad Dhammapada explanation; that belongs to /learn/dhammapada-reflections/.,https://echobuddha.com/learn/dhammapada-reflections/,Do not expand into a second broad pillar.
https://echobuddha.com/articles/eightfold-path-explained-daily-life/,Noble Eightfold Path,This page does not own the broad Noble Eightfold Path explanation; that belongs to /learn/eightfold-path/.,https://echobuddha.com/learn/eightfold-path/,Do not expand into a second broad pillar.
https://echobuddha.com/articles/eightfold-path-explained/,Noble Eightfold Path,This page does not own the broad Noble Eightfold Path explanation; that belongs to /learn/eightfold-path/.,https://echobuddha.com/learn/eightfold-path/,Do not expand into a second broad pillar.
https://echobuddha.com/articles/equanimity-in-buddhism/,Equanimity,"This page does not own narrower source, practice, scenario, quote, or recurring-user intents that have dedicated pages.",https://echobuddha.com/articles/equanimity-in-buddhism/,Do not absorb narrow support roles.
https://echobuddha.com/articles/first-week-buddhist-practice/,Beginner Buddhism,This page does not own the broad Beginner Buddhism explanation; that belongs to /learn/buddhism-for-beginners/.,https://echobuddha.com/learn/buddhism-for-beginners/,Do not expand into a second broad pillar.
https://echobuddha.com/articles/five-precepts-in-daily-life/,Five Precepts,This page does not own the broad Five Precepts explanation; that belongs to /learn/buddhism-101/five-precepts-buddhism/.,https://echobuddha.com/learn/buddhism-101/five-precepts-buddhism/,Do not expand into a second broad pillar.
https://echobuddha.com/articles/four-noble-truths-explained-simply/,Four Noble Truths,This page does not own the broad Four Noble Truths explanation; that belongs to /learn/four-noble-truths/.,https://echobuddha.com/learn/four-noble-truths/,Do not expand into a second broad pillar.
https://echobuddha.com/articles/four-noble-truths-explained/,Four Noble Truths,This page does not own the broad Four Noble Truths explanation; that belongs to /learn/four-noble-truths/.,https://echobuddha.com/learn/four-noble-truths/,Do not expand into a second broad pillar.
https://echobuddha.com/articles/how-to-let-go-of-attachment-in-buddhism/,Attachment / Non-Attachment / Letting Go,"This page does not own narrower source, practice, scenario, quote, or recurring-user intents that have dedicated pages.",https://echobuddha.com/articles/how-to-let-go-of-attachment-in-buddhism/,Do not absorb narrow support roles.
https://echobuddha.com/articles/how-to-meditate-for-anxiety/,Anxiety / Overthinking,"This page does not own narrower source, practice, scenario, quote, or recurring-user intents that have dedicated pages.",https://echobuddha.com/articles/how-to-meditate-for-anxiety/,Do not absorb narrow support roles.
https://echobuddha.com/articles/how-to-meditate-for-beginners/,Meditation,This page does not own the broad Meditation explanation; that belongs to /meditation/.,https://echobuddha.com/meditation/,Do not expand into a second broad pillar.
https://echobuddha.com/articles/how-to-practice-non-attachment/,Attachment / Non-Attachment / Letting Go,This page does not own the broad Attachment / Non-Attachment / Letting Go explanation; that belongs to /articles/how-to-let-go-of-attachment-in-buddhism/.,https://echobuddha.com/articles/how-to-let-go-of-attachment-in-buddhism/,Do not expand into a second broad pillar.
https://echobuddha.com/articles/impermanence-in-buddhism-letting-go/,Impermanence,This page does not own the broad Impermanence explanation; that belongs to /learn/buddhism-101/what-is-impermanence/.,https://echobuddha.com/learn/buddhism-101/what-is-impermanence/,Do not expand into a second broad pillar.
https://echobuddha.com/articles/impermanence-in-buddhism/,Impermanence,This page does not own the broad Impermanence explanation; that belongs to /learn/buddhism-101/what-is-impermanence/.,https://echobuddha.com/learn/buddhism-101/what-is-impermanence/,Do not expand into a second broad pillar.
https://echobuddha.com/articles/,Article Discovery,"This page does not own narrower source, practice, scenario, quote, or recurring-user intents that have dedicated pages.",https://echobuddha.com/articles/,Do not absorb narrow support roles.
https://echobuddha.com/articles/letting-go-without-giving-up/,Attachment / Non-Attachment / Letting Go,This page does not own the broad Attachment / Non-Attachment / Letting Go explanation; that belongs to /articles/how-to-let-go-of-attachment-in-buddhism/.,https://echobuddha.com/articles/how-to-let-go-of-attachment-in-buddhism/,Do not expand into a second broad pillar.
https://echobuddha.com/articles/loving-kindness-meditation-beginners/,Loving-Kindness / Metta,This page does not own the broad Loving-Kindness / Metta explanation; that belongs to /learn/buddhist-dictionary/metta/.,https://echobuddha.com/learn/buddhist-dictionary/metta/,Do not expand into a second broad pillar.
https://echobuddha.com/articles/loving-kindness-meditation-guide/,Loving-Kindness / Metta,This page does not own the broad Loving-Kindness / Metta explanation; that belongs to /learn/buddhist-dictionary/metta/.,https://echobuddha.com/learn/buddhist-dictionary/metta/,Do not expand into a second broad pillar.
https://echobuddha.com/articles/metta-meditation-script/,Loving-Kindness / Metta,This page does not own the broad Loving-Kindness / Metta explanation; that belongs to /learn/buddhist-dictionary/metta/.,https://echobuddha.com/learn/buddhist-dictionary/metta/,Do not expand into a second broad pillar.
https://echobuddha.com/articles/mindful-email-and-texting/,Right Speech,This page does not own the broad Right Speech explanation; that belongs to /articles/right-speech-buddhism/.,https://echobuddha.com/articles/right-speech-buddhism/,Do not expand into a second broad pillar.
https://echobuddha.com/articles/mindful-listening-in-everyday-life/,Right Speech,This page does not own the broad Right Speech explanation; that belongs to /articles/right-speech-buddhism/.,https://echobuddha.com/articles/right-speech-buddhism/,Do not expand into a second broad pillar.
https://echobuddha.com/articles/mindfulness-for-better-sleep/,Sleep,"This page does not own narrower source, practice, scenario, quote, or recurring-user intents that have dedicated pages.",https://echobuddha.com/articles/mindfulness-for-better-sleep/,Do not absorb narrow support roles.
https://echobuddha.com/articles/mindfulness-morning-routine/,Mindfulness,This page does not own the broad Mindfulness explanation; that belongs to /learn/buddhism-101/what-is-mindfulness/.,https://echobuddha.com/learn/buddhism-101/what-is-mindfulness/,Do not expand into a second broad pillar.
https://echobuddha.com/articles/mindfulness-of-breathing-guide/,Breath / Mindfulness of Breathing,"This page does not own narrower source, practice, scenario, quote, or recurring-user intents that have dedicated pages.",https://echobuddha.com/articles/mindfulness-of-breathing-guide/,Do not absorb narrow support roles.
https://echobuddha.com/articles/mindfulness-vs-meditation/,Mindfulness,This page does not own the broad Mindfulness explanation; that belongs to /learn/buddhism-101/what-is-mindfulness/.,https://echobuddha.com/learn/buddhism-101/what-is-mindfulness/,Do not expand into a second broad pillar.
https://echobuddha.com/articles/noble-eightfold-path-practical-guide/,Noble Eightfold Path,This page does not own the broad Noble Eightfold Path explanation; that belongs to /learn/eightfold-path/.,https://echobuddha.com/learn/eightfold-path/,Do not expand into a second broad pillar.
https://echobuddha.com/articles/non-attachment-in-relationships/,Attachment / Non-Attachment / Letting Go,This page does not own the broad Attachment / Non-Attachment / Letting Go explanation; that belongs to /articles/how-to-let-go-of-attachment-in-buddhism/.,https://echobuddha.com/articles/how-to-let-go-of-attachment-in-buddhism/,Do not expand into a second broad pillar.
https://echobuddha.com/articles/right-livelihood-modern-life/,Right Livelihood,This page does not own the broad Right Livelihood explanation; that belongs to /learn/buddhism-101/right-livelihood-buddhism/.,https://echobuddha.com/learn/buddhism-101/right-livelihood-buddhism/,Do not expand into a second broad pillar.
https://echobuddha.com/articles/right-speech-buddhism/,Right Speech,"This page does not own narrower source, practice, scenario, quote, or recurring-user intents that have dedicated pages.",https://echobuddha.com/articles/right-speech-buddhism/,Do not absorb narrow support roles.
https://echobuddha.com/articles/right-speech-examples/,Right Speech,This page does not own the broad Right Speech explanation; that belongs to /articles/right-speech-buddhism/.,https://echobuddha.com/articles/right-speech-buddhism/,Do not expand into a second broad pillar.
https://echobuddha.com/articles/three-poisons-buddhism-explained/,Three Poisons,"This page does not own narrower source, practice, scenario, quote, or recurring-user intents that have dedicated pages.",https://echobuddha.com/articles/three-poisons-buddhism-explained/,Do not absorb narrow support roles.
https://echobuddha.com/articles/three-ways-to-practice-patience/,Patience,"This page does not own narrower source, practice, scenario, quote, or recurring-user intents that have dedicated pages.",https://echobuddha.com/articles/three-ways-to-practice-patience/,Do not absorb narrow support roles.
https://echobuddha.com/articles/visiting-a-buddhist-temple-respectfully/,Sangha,This page does not own the broad Sangha explanation; that belongs to /articles/what-is-sangha-buddhist-community/.,https://echobuddha.com/articles/what-is-sangha-buddhist-community/,Do not expand into a second broad pillar.
https://echobuddha.com/articles/walking-meditation-step-by-step/,Walking Meditation,This page does not own the broad Walking Meditation explanation; that belongs to /meditation/walking-meditation/.,https://echobuddha.com/meditation/walking-meditation/,Do not expand into a second broad pillar.
https://echobuddha.com/articles/what-is-buddhism-beginner-guide/,Beginner Buddhism,This page does not own the broad Beginner Buddhism explanation; that belongs to /learn/buddhism-for-beginners/.,https://echobuddha.com/learn/buddhism-for-beginners/,Do not expand into a second broad pillar.
https://echobuddha.com/articles/what-is-karma-in-buddhism/,Karma,This page does not own the broad Karma explanation; that belongs to /learn/buddhism-101/what-is-karma-in-buddhism/.,https://echobuddha.com/learn/buddhism-101/what-is-karma-in-buddhism/,Do not expand into a second broad pillar.
https://echobuddha.com/articles/what-is-sangha-buddhist-community/,Sangha,"This page does not own narrower source, practice, scenario, quote, or recurring-user intents that have dedicated pages.",https://echobuddha.com/articles/what-is-sangha-buddhist-community/,Do not absorb narrow support roles.
https://echobuddha.com/authors/echo-buddha-editorial/,Trust / Policy,This page does not own the broad Trust / Policy explanation; that belongs to /about/.,https://echobuddha.com/about/,Do not expand into a second broad pillar.
https://echobuddha.com/buddhist-sources-and-citations/,Trust / Policy,This page does not own the broad Trust / Policy explanation; that belongs to /about/.,https://echobuddha.com/about/,Do not expand into a second broad pillar.
https://echobuddha.com/contact/,Trust / Policy,This page does not own the broad Trust / Policy explanation; that belongs to /about/.,https://echobuddha.com/about/,Do not expand into a second broad pillar.
https://echobuddha.com/corrections/,Trust / Policy,This page does not own the broad Trust / Policy explanation; that belongs to /about/.,https://echobuddha.com/about/,Do not expand into a second broad pillar.
https://echobuddha.com/daily-reflections/anger-as-a-signal/,Daily Reflections,This page does not own the broad Daily Reflections explanation; that belongs to /daily-reflections/.,https://echobuddha.com/daily-reflections/,Do not expand into a second broad pillar.
https://echobuddha.com/daily-reflections/begin-again-without-shame/,Daily Reflections,This page does not own the broad Daily Reflections explanation; that belongs to /daily-reflections/.,https://echobuddha.com/daily-reflections/,Do not expand into a second broad pillar.
https://echobuddha.com/daily-reflections/compassion-begins-nearby/,Daily Reflections,This page does not own the broad Daily Reflections explanation; that belongs to /daily-reflections/.,https://echobuddha.com/daily-reflections/,Do not expand into a second broad pillar.
https://echobuddha.com/daily-reflections/enough-for-this-moment/,Daily Reflections,This page does not own the broad Daily Reflections explanation; that belongs to /daily-reflections/.,https://echobuddha.com/daily-reflections/,Do not expand into a second broad pillar.
https://echobuddha.com/daily-reflections/evening-release/,Daily Reflections,This page does not own the broad Daily Reflections explanation; that belongs to /daily-reflections/.,https://echobuddha.com/daily-reflections/,Do not expand into a second broad pillar.
https://echobuddha.com/daily-reflections/family-patience/,Daily Reflections,This page does not own the broad Daily Reflections explanation; that belongs to /daily-reflections/.,https://echobuddha.com/daily-reflections/,Do not expand into a second broad pillar.
https://echobuddha.com/daily-reflections/forgiveness-without-approval/,Daily Reflections,This page does not own the broad Daily Reflections explanation; that belongs to /daily-reflections/.,https://echobuddha.com/daily-reflections/,Do not expand into a second broad pillar.
https://echobuddha.com/daily-reflections/gratitude-for-change/,Daily Reflections,This page does not own the broad Daily Reflections explanation; that belongs to /daily-reflections/.,https://echobuddha.com/daily-reflections/,Do not expand into a second broad pillar.
https://echobuddha.com/daily-reflections/gratitude-notices-enough/,Daily Reflections,This page does not own the broad Daily Reflections explanation; that belongs to /daily-reflections/.,https://echobuddha.com/daily-reflections/,Do not expand into a second broad pillar.
https://echobuddha.com/daily-reflections/impermanence-softens-clinging/,Daily Reflections,This page does not own the broad Daily Reflections explanation; that belongs to /daily-reflections/.,https://echobuddha.com/daily-reflections/,Do not expand into a second broad pillar.
https://echobuddha.com/daily-reflections/,Daily Reflections,"This page does not own narrower source, practice, scenario, quote, or recurring-user intents that have dedicated pages.",https://echobuddha.com/daily-reflections/,Do not absorb narrow support roles.
https://echobuddha.com/daily-reflections/kindness-with-boundaries/,Daily Reflections,This page does not own the broad Daily Reflections explanation; that belongs to /daily-reflections/.,https://echobuddha.com/daily-reflections/,Do not expand into a second broad pillar.
https://echobuddha.com/daily-reflections/let-the-feeling-pass/,Daily Reflections,This page does not own the broad Daily Reflections explanation; that belongs to /daily-reflections/.,https://echobuddha.com/daily-reflections/,Do not expand into a second broad pillar.
https://echobuddha.com/daily-reflections/letting-go-keeps-care/,Daily Reflections,This page does not own the broad Daily Reflections explanation; that belongs to /daily-reflections/.,https://echobuddha.com/daily-reflections/,Do not expand into a second broad pillar.
https://echobuddha.com/daily-reflections/listen-before-answering/,Daily Reflections,This page does not own the broad Daily Reflections explanation; that belongs to /daily-reflections/.,https://echobuddha.com/daily-reflections/,Do not expand into a second broad pillar.
https://echobuddha.com/daily-reflections/metta-for-a-difficult-person/,Daily Reflections,This page does not own the broad Daily Reflections explanation; that belongs to /daily-reflections/.,https://echobuddha.com/daily-reflections/,Do not expand into a second broad pillar.
https://echobuddha.com/daily-reflections/mindful-work/,Daily Reflections,This page does not own the broad Daily Reflections explanation; that belongs to /daily-reflections/.,https://echobuddha.com/daily-reflections/,Do not expand into a second broad pillar.
https://echobuddha.com/daily-reflections/morning-intention/,Daily Reflections,This page does not own the broad Daily Reflections explanation; that belongs to /daily-reflections/.,https://echobuddha.com/daily-reflections/,Do not expand into a second broad pillar.
https://echobuddha.com/daily-reflections/notice-before-fixing/,Daily Reflections,This page does not own the broad Daily Reflections explanation; that belongs to /daily-reflections/.,https://echobuddha.com/daily-reflections/,Do not expand into a second broad pillar.
https://echobuddha.com/daily-reflections/one-honest-breath/,Daily Reflections,This page does not own the broad Daily Reflections explanation; that belongs to /daily-reflections/.,https://echobuddha.com/daily-reflections/,Do not expand into a second broad pillar.
https://echobuddha.com/daily-reflections/one-step-on-the-path/,Daily Reflections,This page does not own the broad Daily Reflections explanation; that belongs to /daily-reflections/.,https://echobuddha.com/daily-reflections/,Do not expand into a second broad pillar.
https://echobuddha.com/daily-reflections/patience-before-anger-speaks/,Daily Reflections,This page does not own the broad Daily Reflections explanation; that belongs to /daily-reflections/.,https://echobuddha.com/daily-reflections/,Do not expand into a second broad pillar.
https://echobuddha.com/daily-reflections/rest-without-escape/,Daily Reflections,This page does not own the broad Daily Reflections explanation; that belongs to /daily-reflections/.,https://echobuddha.com/daily-reflections/,Do not expand into a second broad pillar.
https://echobuddha.com/daily-reflections/see-the-conditions/,Daily Reflections,This page does not own the broad Daily Reflections explanation; that belongs to /daily-reflections/.,https://echobuddha.com/daily-reflections/,Do not expand into a second broad pillar.
https://echobuddha.com/daily-reflections/simple-goodwill/,Daily Reflections,This page does not own the broad Daily Reflections explanation; that belongs to /daily-reflections/.,https://echobuddha.com/daily-reflections/,Do not expand into a second broad pillar.
https://echobuddha.com/daily-reflections/small-actions-shape-the-mind/,Daily Reflections,This page does not own the broad Daily Reflections explanation; that belongs to /daily-reflections/.,https://echobuddha.com/daily-reflections/,Do not expand into a second broad pillar.
https://echobuddha.com/daily-reflections/soften-the-inner-argument/,Daily Reflections,This page does not own the broad Daily Reflections explanation; that belongs to /daily-reflections/.,https://echobuddha.com/daily-reflections/,Do not expand into a second broad pillar.
https://echobuddha.com/daily-reflections/speech-can-reduce-suffering/,Daily Reflections,This page does not own the broad Daily Reflections explanation; that belongs to /daily-reflections/.,https://echobuddha.com/daily-reflections/,Do not expand into a second broad pillar.
https://echobuddha.com/daily-reflections/the-first-truth-is-kind/,Daily Reflections,This page does not own the broad Daily Reflections explanation; that belongs to /daily-reflections/.,https://echobuddha.com/daily-reflections/,Do not expand into a second broad pillar.
https://echobuddha.com/daily-reflections/thoughts-are-visitors/,Daily Reflections,This page does not own the broad Daily Reflections explanation; that belongs to /daily-reflections/.,https://echobuddha.com/daily-reflections/,Do not expand into a second broad pillar.
https://echobuddha.com/daily-reflections/walking-as-practice/,Daily Reflections,This page does not own the broad Daily Reflections explanation; that belongs to /daily-reflections/.,https://echobuddha.com/daily-reflections/,Do not expand into a second broad pillar.
https://echobuddha.com/disclaimer/,Trust / Policy,This page does not own the broad Trust / Policy explanation; that belongs to /about/.,https://echobuddha.com/about/,Do not expand into a second broad pillar.
https://echobuddha.com/editorial-policy/,Trust / Policy,This page does not own the broad Trust / Policy explanation; that belongs to /about/.,https://echobuddha.com/about/,Do not expand into a second broad pillar.
https://echobuddha.com/how-echo-buddha-creates-content/,Trust / Policy,This page does not own the broad Trust / Policy explanation; that belongs to /about/.,https://echobuddha.com/about/,Do not expand into a second broad pillar.
https://echobuddha.com/,Site Discovery,"This page does not own narrower source, practice, scenario, quote, or recurring-user intents that have dedicated pages.",https://echobuddha.com/,Do not absorb narrow support roles.
https://echobuddha.com/learn/buddhism-101/a-simple-daily-buddhist-practice/,Beginner Buddhism,This page does not own the broad Beginner Buddhism explanation; that belongs to /learn/buddhism-for-beginners/.,https://echobuddha.com/learn/buddhism-for-beginners/,Do not expand into a second broad pillar.
https://echobuddha.com/learn/buddhism-101/dependent-origination-explained/,Buddhist Foundations,This page does not own the broad Buddhist Foundations explanation; that belongs to /learn/buddhism-101/.,https://echobuddha.com/learn/buddhism-101/,Do not expand into a second broad pillar.
https://echobuddha.com/learn/buddhism-101/five-aggregates-buddhism/,Buddhist Foundations,This page does not own the broad Buddhist Foundations explanation; that belongs to /learn/buddhism-101/.,https://echobuddha.com/learn/buddhism-101/,Do not expand into a second broad pillar.
https://echobuddha.com/learn/buddhism-101/five-hindrances-in-buddhism/,Buddhist Foundations,This page does not own the broad Buddhist Foundations explanation; that belongs to /learn/buddhism-101/.,https://echobuddha.com/learn/buddhism-101/,Do not expand into a second broad pillar.
https://echobuddha.com/learn/buddhism-101/five-precepts-buddhism/,Five Precepts,"This page does not own narrower source, practice, scenario, quote, or recurring-user intents that have dedicated pages.",https://echobuddha.com/learn/buddhism-101/five-precepts-buddhism/,Do not absorb narrow support roles.
https://echobuddha.com/learn/buddhism-101/four-brahmaviharas/,Brahmaviharas,"This page does not own narrower source, practice, scenario, quote, or recurring-user intents that have dedicated pages.",https://echobuddha.com/learn/buddhism-101/four-brahmaviharas/,Do not absorb narrow support roles.
https://echobuddha.com/learn/buddhism-101/how-to-practice-buddhism-at-home/,Beginner Buddhism,This page does not own the broad Beginner Buddhism explanation; that belongs to /learn/buddhism-for-beginners/.,https://echobuddha.com/learn/buddhism-for-beginners/,Do not expand into a second broad pillar.
https://echobuddha.com/learn/buddhism-101/,Buddhist Foundations,"This page does not own narrower source, practice, scenario, quote, or recurring-user intents that have dedicated pages.",https://echobuddha.com/learn/buddhism-101/,Do not absorb narrow support roles.
https://echobuddha.com/learn/buddhism-101/middle-way-explained-for-beginners/,Buddhist Foundations,This page does not own the broad Buddhist Foundations explanation; that belongs to /learn/buddhism-101/.,https://echobuddha.com/learn/buddhism-101/,Do not expand into a second broad pillar.
https://echobuddha.com/learn/buddhism-101/right-livelihood-buddhism/,Right Livelihood,"This page does not own narrower source, practice, scenario, quote, or recurring-user intents that have dedicated pages.",https://echobuddha.com/learn/buddhism-101/right-livelihood-buddhism/,Do not absorb narrow support roles.
https://echobuddha.com/learn/buddhism-101/the-four-noble-truths-explained/,Four Noble Truths,This page does not own the broad Four Noble Truths explanation; that belongs to /learn/four-noble-truths/.,https://echobuddha.com/learn/four-noble-truths/,Do not expand into a second broad pillar.
https://echobuddha.com/learn/buddhism-101/the-noble-eightfold-path-explained/,Noble Eightfold Path,This page does not own the broad Noble Eightfold Path explanation; that belongs to /learn/eightfold-path/.,https://echobuddha.com/learn/eightfold-path/,Do not expand into a second broad pillar.
https://echobuddha.com/learn/buddhism-101/the-three-jewels-explained/,Sangha,This page does not own the broad Sangha explanation; that belongs to /articles/what-is-sangha-buddhist-community/.,https://echobuddha.com/articles/what-is-sangha-buddhist-community/,Do not expand into a second broad pillar.
https://echobuddha.com/learn/buddhism-101/three-marks-of-existence/,Buddhist Foundations,This page does not own the broad Buddhist Foundations explanation; that belongs to /learn/buddhism-101/.,https://echobuddha.com/learn/buddhism-101/,Do not expand into a second broad pillar.
https://echobuddha.com/learn/buddhism-101/threefold-training-sila-samadhi-panna/,Noble Eightfold Path,This page does not own the broad Noble Eightfold Path explanation; that belongs to /learn/eightfold-path/.,https://echobuddha.com/learn/eightfold-path/,Do not expand into a second broad pillar.
https://echobuddha.com/learn/buddhism-101/what-is-buddhism/,Beginner Buddhism,This page does not own the broad Beginner Buddhism explanation; that belongs to /learn/buddhism-for-beginners/.,https://echobuddha.com/learn/buddhism-for-beginners/,Do not expand into a second broad pillar.
https://echobuddha.com/learn/buddhism-101/what-is-impermanence/,Impermanence,"This page does not own narrower source, practice, scenario, quote, or recurring-user intents that have dedicated pages.",https://echobuddha.com/learn/buddhism-101/what-is-impermanence/,Do not absorb narrow support roles.
https://echobuddha.com/learn/buddhism-101/what-is-karma-in-buddhism/,Karma,"This page does not own narrower source, practice, scenario, quote, or recurring-user intents that have dedicated pages.",https://echobuddha.com/learn/buddhism-101/what-is-karma-in-buddhism/,Do not absorb narrow support roles.
https://echobuddha.com/learn/buddhism-101/what-is-mindfulness/,Mindfulness,"This page does not own narrower source, practice, scenario, quote, or recurring-user intents that have dedicated pages.",https://echobuddha.com/learn/buddhism-101/what-is-mindfulness/,Do not absorb narrow support roles.
https://echobuddha.com/learn/buddhism-101/who-was-the-buddha/,Buddhist Foundations,This page does not own the broad Buddhist Foundations explanation; that belongs to /learn/buddhism-101/.,https://echobuddha.com/learn/buddhism-101/,Do not expand into a second broad pillar.
https://echobuddha.com/learn/buddhism-for-beginners/,Beginner Buddhism,"This page does not own narrower source, practice, scenario, quote, or recurring-user intents that have dedicated pages.",https://echobuddha.com/learn/buddhism-for-beginners/,Do not absorb narrow support roles.
https://echobuddha.com/learn/buddhist-dictionary/anatta/,Buddhist Dictionary,This page does not own the broad Buddhist Dictionary explanation; that belongs to /learn/buddhist-dictionary/.,https://echobuddha.com/learn/buddhist-dictionary/,Do not expand into a second broad pillar.
https://echobuddha.com/learn/buddhist-dictionary/anicca/,Impermanence,This page does not own the broad Impermanence explanation; that belongs to /learn/buddhism-101/what-is-impermanence/.,https://echobuddha.com/learn/buddhism-101/what-is-impermanence/,Do not expand into a second broad pillar.
https://echobuddha.com/learn/buddhist-dictionary/compassion/,Compassion,This page does not own the broad Compassion explanation; that belongs to /articles/compassion-in-buddhism-beginner-guide/.,https://echobuddha.com/articles/compassion-in-buddhism-beginner-guide/,Do not expand into a second broad pillar.
https://echobuddha.com/learn/buddhist-dictionary/dhamma/,Dhamma / Dharma,"This page does not own narrower source, practice, scenario, quote, or recurring-user intents that have dedicated pages.",https://echobuddha.com/learn/buddhist-dictionary/dhamma/,Do not absorb narrow support roles.
https://echobuddha.com/learn/buddhist-dictionary/dukkha/,Four Noble Truths,This page does not own the broad Four Noble Truths explanation; that belongs to /learn/four-noble-truths/.,https://echobuddha.com/learn/four-noble-truths/,Do not expand into a second broad pillar.
https://echobuddha.com/learn/buddhist-dictionary/,Buddhist Dictionary,"This page does not own narrower source, practice, scenario, quote, or recurring-user intents that have dedicated pages.",https://echobuddha.com/learn/buddhist-dictionary/,Do not absorb narrow support roles.
https://echobuddha.com/learn/buddhist-dictionary/karma/,Karma,This page does not own the broad Karma explanation; that belongs to /learn/buddhism-101/what-is-karma-in-buddhism/.,https://echobuddha.com/learn/buddhism-101/what-is-karma-in-buddhism/,Do not expand into a second broad pillar.
https://echobuddha.com/learn/buddhist-dictionary/karuna/,Compassion,This page does not own the broad Compassion explanation; that belongs to /articles/compassion-in-buddhism-beginner-guide/.,https://echobuddha.com/articles/compassion-in-buddhism-beginner-guide/,Do not expand into a second broad pillar.
https://echobuddha.com/learn/buddhist-dictionary/metta/,Loving-Kindness / Metta,"This page does not own narrower source, practice, scenario, quote, or recurring-user intents that have dedicated pages.",https://echobuddha.com/learn/buddhist-dictionary/metta/,Do not absorb narrow support roles.
https://echobuddha.com/learn/buddhist-dictionary/mindfulness/,Mindfulness,This page does not own the broad Mindfulness explanation; that belongs to /learn/buddhism-101/what-is-mindfulness/.,https://echobuddha.com/learn/buddhism-101/what-is-mindfulness/,Do not expand into a second broad pillar.
https://echobuddha.com/learn/buddhist-dictionary/nirvana/,Buddhist Dictionary,This page does not own the broad Buddhist Dictionary explanation; that belongs to /learn/buddhist-dictionary/.,https://echobuddha.com/learn/buddhist-dictionary/,Do not expand into a second broad pillar.
https://echobuddha.com/learn/buddhist-dictionary/pali-canon/,Sutta Study,This page does not own the broad Sutta Study explanation; that belongs to /learn/sutta-for-daily-life/.,https://echobuddha.com/learn/sutta-for-daily-life/,Do not expand into a second broad pillar.
https://echobuddha.com/learn/buddhist-dictionary/sangha/,Sangha,This page does not own the broad Sangha explanation; that belongs to /articles/what-is-sangha-buddhist-community/.,https://echobuddha.com/articles/what-is-sangha-buddhist-community/,Do not expand into a second broad pillar.
https://echobuddha.com/learn/buddhist-dictionary/sati/,Mindfulness,This page does not own the broad Mindfulness explanation; that belongs to /learn/buddhism-101/what-is-mindfulness/.,https://echobuddha.com/learn/buddhism-101/what-is-mindfulness/,Do not expand into a second broad pillar.
https://echobuddha.com/learn/buddhist-dictionary/sutta/,Sutta Study,This page does not own the broad Sutta Study explanation; that belongs to /learn/sutta-for-daily-life/.,https://echobuddha.com/learn/sutta-for-daily-life/,Do not expand into a second broad pillar.
https://echobuddha.com/learn/buddhist-resources/,Learn Navigation,This page does not own the broad Learn Navigation explanation; that belongs to /learn/.,https://echobuddha.com/learn/,Do not expand into a second broad pillar.
https://echobuddha.com/learn/dhammapada-reflections/avoid-evil-do-good-purify-the-mind/,Dhammapada,This page does not own the broad Dhammapada explanation; that belongs to /learn/dhammapada-reflections/.,https://echobuddha.com/learn/dhammapada-reflections/,Do not expand into a second broad pillar.
https://echobuddha.com/learn/dhammapada-reflections/better-than-a-thousand-empty-words/,Dhammapada,This page does not own the broad Dhammapada explanation; that belongs to /learn/dhammapada-reflections/.,https://echobuddha.com/learn/dhammapada-reflections/,Do not expand into a second broad pillar.
https://echobuddha.com/learn/dhammapada-reflections/hatred-is-not-ended-by-hatred/,Dhammapada,This page does not own the broad Dhammapada explanation; that belongs to /learn/dhammapada-reflections/.,https://echobuddha.com/learn/dhammapada-reflections/,Do not expand into a second broad pillar.
https://echobuddha.com/learn/dhammapada-reflections/,Dhammapada,"This page does not own narrower source, practice, scenario, quote, or recurring-user intents that have dedicated pages.",https://echobuddha.com/learn/dhammapada-reflections/,Do not absorb narrow support roles.
https://echobuddha.com/learn/dhammapada-reflections/peace-comes-from-a-trained-mind/,Dhammapada,This page does not own the broad Dhammapada explanation; that belongs to /learn/dhammapada-reflections/.,https://echobuddha.com/learn/dhammapada-reflections/,Do not expand into a second broad pillar.
https://echobuddha.com/learn/dhammapada-reflections/the-mind-leads-all-things/,Dhammapada,This page does not own the broad Dhammapada explanation; that belongs to /learn/dhammapada-reflections/.,https://echobuddha.com/learn/dhammapada-reflections/,Do not expand into a second broad pillar.
https://echobuddha.com/learn/eightfold-path/,Noble Eightfold Path,"This page does not own narrower source, practice, scenario, quote, or recurring-user intents that have dedicated pages.",https://echobuddha.com/learn/eightfold-path/,Do not absorb narrow support roles.
https://echobuddha.com/learn/four-noble-truths/,Four Noble Truths,"This page does not own narrower source, practice, scenario, quote, or recurring-user intents that have dedicated pages.",https://echobuddha.com/learn/four-noble-truths/,Do not absorb narrow support roles.
https://echobuddha.com/learn/,Learn Navigation,"This page does not own narrower source, practice, scenario, quote, or recurring-user intents that have dedicated pages.",https://echobuddha.com/learn/,Do not absorb narrow support roles.
https://echobuddha.com/learn/questions-about-buddhism/,Learn Navigation,This page does not own the broad Learn Navigation explanation; that belongs to /learn/.,https://echobuddha.com/learn/,Do not expand into a second broad pillar.
https://echobuddha.com/learn/sutta-for-daily-life/buddhas-teaching-on-patience/,Patience,This page does not own the broad Patience explanation; that belongs to /articles/three-ways-to-practice-patience/.,https://echobuddha.com/articles/three-ways-to-practice-patience/,Do not expand into a second broad pillar.
https://echobuddha.com/learn/sutta-for-daily-life/dhammacakkappavattana-sutta-four-noble-truths/,Four Noble Truths,This page does not own the broad Four Noble Truths explanation; that belongs to /learn/four-noble-truths/.,https://echobuddha.com/learn/four-noble-truths/,Do not expand into a second broad pillar.
https://echobuddha.com/learn/sutta-for-daily-life/,Sutta Study,"This page does not own narrower source, practice, scenario, quote, or recurring-user intents that have dedicated pages.",https://echobuddha.com/learn/sutta-for-daily-life/,Do not absorb narrow support roles.
https://echobuddha.com/learn/sutta-for-daily-life/kalama-sutta-and-wise-thinking/,Sutta Study,This page does not own the broad Sutta Study explanation; that belongs to /learn/sutta-for-daily-life/.,https://echobuddha.com/learn/sutta-for-daily-life/,Do not expand into a second broad pillar.
https://echobuddha.com/learn/sutta-for-daily-life/magga-vibhanga-sutta-eightfold-path/,Noble Eightfold Path,This page does not own the broad Noble Eightfold Path explanation; that belongs to /learn/eightfold-path/.,https://echobuddha.com/learn/eightfold-path/,Do not expand into a second broad pillar.
https://echobuddha.com/learn/sutta-for-daily-life/metta-sutta-explained-for-daily-life/,Loving-Kindness / Metta,This page does not own the broad Loving-Kindness / Metta explanation; that belongs to /learn/buddhist-dictionary/metta/.,https://echobuddha.com/learn/buddhist-dictionary/metta/,Do not expand into a second broad pillar.
https://echobuddha.com/learn/sutta-for-daily-life/mindfulness-of-breathing-explained-simply/,Breath / Mindfulness of Breathing,This page does not own the broad Breath / Mindfulness of Breathing explanation; that belongs to /articles/mindfulness-of-breathing-guide/.,https://echobuddha.com/articles/mindfulness-of-breathing-guide/,Do not expand into a second broad pillar.
https://echobuddha.com/learn/sutta-for-daily-life/right-speech-in-daily-life/,Right Speech,This page does not own the broad Right Speech explanation; that belongs to /articles/right-speech-buddhism/.,https://echobuddha.com/articles/right-speech-buddhism/,Do not expand into a second broad pillar.
https://echobuddha.com/meditation-guide/,Meditation,This page does not own the broad Meditation explanation; that belongs to /meditation/.,https://echobuddha.com/meditation/,Do not expand into a second broad pillar.
https://echobuddha.com/meditation-safety/,Trust / Policy,This page does not own the broad Trust / Policy explanation; that belongs to /about/.,https://echobuddha.com/about/,Do not expand into a second broad pillar.
https://echobuddha.com/meditation/10-minute-meditation-practice/,Meditation,This page does not own the broad Meditation explanation; that belongs to /meditation/.,https://echobuddha.com/meditation/,Do not expand into a second broad pillar.
https://echobuddha.com/meditation/5-minute-meditation-practice/,Meditation,This page does not own the broad Meditation explanation; that belongs to /meditation/.,https://echobuddha.com/meditation/,Do not expand into a second broad pillar.
https://echobuddha.com/meditation/breathing-meditation/,Breath / Mindfulness of Breathing,This page does not own the broad Breath / Mindfulness of Breathing explanation; that belongs to /articles/mindfulness-of-breathing-guide/.,https://echobuddha.com/articles/mindfulness-of-breathing-guide/,Do not expand into a second broad pillar.
https://echobuddha.com/meditation/,Meditation,"This page does not own narrower source, practice, scenario, quote, or recurring-user intents that have dedicated pages.",https://echobuddha.com/meditation/,Do not absorb narrow support roles.
https://echobuddha.com/meditation/loving-kindness-meditation/,Loving-Kindness / Metta,This page does not own the broad Loving-Kindness / Metta explanation; that belongs to /learn/buddhist-dictionary/metta/.,https://echobuddha.com/learn/buddhist-dictionary/metta/,Do not expand into a second broad pillar.
https://echobuddha.com/meditation/meditation-for-beginners/,Meditation,This page does not own the broad Meditation explanation; that belongs to /meditation/.,https://echobuddha.com/meditation/,Do not expand into a second broad pillar.
https://echobuddha.com/meditation/meditation-posture-for-beginners/,Meditation,This page does not own the broad Meditation explanation; that belongs to /meditation/.,https://echobuddha.com/meditation/,Do not expand into a second broad pillar.
https://echobuddha.com/meditation/mindfulness-in-daily-life/,Mindfulness,This page does not own the broad Mindfulness explanation; that belongs to /learn/buddhism-101/what-is-mindfulness/.,https://echobuddha.com/learn/buddhism-101/what-is-mindfulness/,Do not expand into a second broad pillar.
https://echobuddha.com/meditation/walking-meditation/,Walking Meditation,"This page does not own narrower source, practice, scenario, quote, or recurring-user intents that have dedicated pages.",https://echobuddha.com/meditation/walking-meditation/,Do not absorb narrow support roles.
https://echobuddha.com/meditation/when-meditation-feels-hard/,Meditation,This page does not own the broad Meditation explanation; that belongs to /meditation/.,https://echobuddha.com/meditation/,Do not expand into a second broad pillar.
https://echobuddha.com/mindful-living/,Mindful Living,"This page does not own narrower source, practice, scenario, quote, or recurring-user intents that have dedicated pages.",https://echobuddha.com/mindful-living/,Do not absorb narrow support roles.
https://echobuddha.com/privacy-policy/,Trust / Policy,This page does not own the broad Trust / Policy explanation; that belongs to /about/.,https://echobuddha.com/about/,Do not expand into a second broad pillar.
https://echobuddha.com/quote-attribution-policy/,Trust / Policy,This page does not own the broad Trust / Policy explanation; that belongs to /about/.,https://echobuddha.com/about/,Do not expand into a second broad pillar.
https://echobuddha.com/quotes/awareness/acceptance-before-next-step/,Quotes,This page does not own the broad Quotes explanation; that belongs to /quotes/.,https://echobuddha.com/quotes/,Do not expand into a second broad pillar.
https://echobuddha.com/quotes/awareness/anger-asks-for-speed-awareness-asks-for-one-more/,Quotes,This page does not own the broad Quotes explanation; that belongs to /quotes/.,https://echobuddha.com/quotes/,Do not expand into a second broad pillar.
https://echobuddha.com/quotes/awareness/awareness-does-not-remove-the-storm-it-keeps-you/,Quotes,This page does not own the broad Quotes explanation; that belongs to /quotes/.,https://echobuddha.com/quotes/,Do not expand into a second broad pillar.
https://echobuddha.com/quotes/awareness/feelings-without-the-wheel/,Quotes,This page does not own the broad Quotes explanation; that belongs to /quotes/.,https://echobuddha.com/quotes/,Do not expand into a second broad pillar.
https://echobuddha.com/quotes/awareness/,Quotes,This page does not own the broad Quotes explanation; that belongs to /quotes/.,https://echobuddha.com/quotes/,Do not expand into a second broad pillar.
https://echobuddha.com/quotes/awareness/look-beneath-the-reaction-and-you-may-find-a/,Quotes,This page does not own the broad Quotes explanation; that belongs to /quotes/.,https://echobuddha.com/quotes/,Do not expand into a second broad pillar.
https://echobuddha.com/quotes/awareness/name-the-feeling-gently-and-it-may-stop-speaking/,Quotes,This page does not own the broad Quotes explanation; that belongs to /quotes/.,https://echobuddha.com/quotes/,Do not expand into a second broad pillar.
https://echobuddha.com/quotes/awareness/one-breath-before-anger-replies/,Quotes,This page does not own the broad Quotes explanation; that belongs to /quotes/.,https://echobuddha.com/quotes/,Do not expand into a second broad pillar.
https://echobuddha.com/quotes/awareness/small-acts-of-attention-can-turn-an-ordinary-day/,Quotes,This page does not own the broad Quotes explanation; that belongs to /quotes/.,https://echobuddha.com/quotes/,Do not expand into a second broad pillar.
https://echobuddha.com/quotes/awareness/the-body-often-knows-you-are-overwhelmed-before-the/,Quotes,This page does not own the broad Quotes explanation; that belongs to /quotes/.,https://echobuddha.com/quotes/,Do not expand into a second broad pillar.
https://echobuddha.com/quotes/awareness/thoughts-are-visitors/,Quotes,This page does not own the broad Quotes explanation; that belongs to /quotes/.,https://echobuddha.com/quotes/,Do not expand into a second broad pillar.
https://echobuddha.com/quotes/awareness/thoughts-pass-without-commanding-you/,Quotes,This page does not own the broad Quotes explanation; that belongs to /quotes/.,https://echobuddha.com/quotes/,Do not expand into a second broad pillar.
https://echobuddha.com/quotes/compassion/a-gentle-response-can-end-suffering-that-anger-would/,Quotes,This page does not own the broad Quotes explanation; that belongs to /quotes/.,https://echobuddha.com/quotes/,Do not expand into a second broad pillar.
https://echobuddha.com/quotes/compassion/before-judging-another-life-remember-how-much-of-your/,Quotes,This page does not own the broad Quotes explanation; that belongs to /quotes/.,https://echobuddha.com/quotes/,Do not expand into a second broad pillar.
https://echobuddha.com/quotes/compassion/compassion-asks-what-hurts-before-it-asks-who-is/,Quotes,This page does not own the broad Quotes explanation; that belongs to /quotes/.,https://echobuddha.com/quotes/,Do not expand into a second broad pillar.
https://echobuddha.com/quotes/compassion/compassion-grows-where-judgment-loosens-its-grip/,Quotes,This page does not own the broad Quotes explanation; that belongs to /quotes/.,https://echobuddha.com/quotes/,Do not expand into a second broad pillar.
https://echobuddha.com/quotes/compassion/compassion-sees-pain-clearly/,Quotes,This page does not own the broad Quotes explanation; that belongs to /quotes/.,https://echobuddha.com/quotes/,Do not expand into a second broad pillar.
https://echobuddha.com/quotes/compassion/gentle-self-compassion/,Quotes,This page does not own the broad Quotes explanation; that belongs to /quotes/.,https://echobuddha.com/quotes/,Do not expand into a second broad pillar.
https://echobuddha.com/quotes/compassion/,Quotes,This page does not own the broad Quotes explanation; that belongs to /quotes/.,https://echobuddha.com/quotes/,Do not expand into a second broad pillar.
https://echobuddha.com/quotes/compassion/kindness-as-quiet-practice/,Quotes,This page does not own the broad Quotes explanation; that belongs to /quotes/.,https://echobuddha.com/quotes/,Do not expand into a second broad pillar.
https://echobuddha.com/quotes/compassion/kindness-does-not-need-an-audience-to-become-meaningful/,Quotes,This page does not own the broad Quotes explanation; that belongs to /quotes/.,https://echobuddha.com/quotes/,Do not expand into a second broad pillar.
https://echobuddha.com/quotes/compassion/let-kindness-be-the-echo-you-leave-in-every/,Quotes,This page does not own the broad Quotes explanation; that belongs to /quotes/.,https://echobuddha.com/quotes/,Do not expand into a second broad pillar.
https://echobuddha.com/quotes/compassion/loving-kindness-without-harm/,Quotes,This page does not own the broad Quotes explanation; that belongs to /quotes/.,https://echobuddha.com/quotes/,Do not expand into a second broad pillar.
https://echobuddha.com/quotes/impermanence/because-this-moment-will-pass-meet-it-while-it/,Quotes,This page does not own the broad Quotes explanation; that belongs to /quotes/.,https://echobuddha.com/quotes/,Do not expand into a second broad pillar.
https://echobuddha.com/quotes/impermanence/change-is-how-life-continues/,Quotes,This page does not own the broad Quotes explanation; that belongs to /quotes/.,https://echobuddha.com/quotes/,Do not expand into a second broad pillar.
https://echobuddha.com/quotes/impermanence/change-takes-nothing-personally-it-simply-continues/,Quotes,This page does not own the broad Quotes explanation; that belongs to /quotes/.,https://echobuddha.com/quotes/,Do not expand into a second broad pillar.
https://echobuddha.com/quotes/impermanence/everything-changes-including-the-part-of-you-that-fears/,Quotes,This page does not own the broad Quotes explanation; that belongs to /quotes/.,https://echobuddha.com/quotes/,Do not expand into a second broad pillar.
https://echobuddha.com/quotes/impermanence/,Quotes,This page does not own the broad Quotes explanation; that belongs to /quotes/.,https://echobuddha.com/quotes/,Do not expand into a second broad pillar.
https://echobuddha.com/quotes/impermanence/meet-change-softly/,Quotes,This page does not own the broad Quotes explanation; that belongs to /quotes/.,https://echobuddha.com/quotes/,Do not expand into a second broad pillar.
https://echobuddha.com/quotes/impermanence/the-fading-flower-does-not-make-its-blooming-less/,Quotes,This page does not own the broad Quotes explanation; that belongs to /quotes/.,https://echobuddha.com/quotes/,Do not expand into a second broad pillar.
https://echobuddha.com/quotes/impermanence/the-passing-of-joy-teaches-gratitude-the-passing-of/,Quotes,This page does not own the broad Quotes explanation; that belongs to /quotes/.,https://echobuddha.com/quotes/,Do not expand into a second broad pillar.
https://echobuddha.com/quotes/impermanence/todays-certainty-may-become-tomorrows-lesson-in-humility/,Quotes,This page does not own the broad Quotes explanation; that belongs to /quotes/.,https://echobuddha.com/quotes/,Do not expand into a second broad pillar.
https://echobuddha.com/quotes/,Quotes,"This page does not own narrower source, practice, scenario, quote, or recurring-user intents that have dedicated pages.",https://echobuddha.com/quotes/,Do not absorb narrow support roles.
https://echobuddha.com/quotes/letting-go/an-open-hand-can-care-for-what-a-clenched/,Quotes,This page does not own the broad Quotes explanation; that belongs to /quotes/.,https://echobuddha.com/quotes/,Do not expand into a second broad pillar.
https://echobuddha.com/quotes/letting-go/caring-without-clinging/,Quotes,This page does not own the broad Quotes explanation; that belongs to /quotes/.,https://echobuddha.com/quotes/,Do not expand into a second broad pillar.
https://echobuddha.com/quotes/letting-go/forgiveness-without-approving-harm/,Quotes,This page does not own the broad Quotes explanation; that belongs to /quotes/.,https://echobuddha.com/quotes/,Do not expand into a second broad pillar.
https://echobuddha.com/quotes/letting-go/,Quotes,This page does not own the broad Quotes explanation; that belongs to /quotes/.,https://echobuddha.com/quotes/,Do not expand into a second broad pillar.
https://echobuddha.com/quotes/letting-go/letting-go-begins-by-admitting-how-tightly-you-are/,Quotes,This page does not own the broad Quotes explanation; that belongs to /quotes/.,https://echobuddha.com/quotes/,Do not expand into a second broad pillar.
https://echobuddha.com/quotes/letting-go/open-hands-non-attachment/,Quotes,This page does not own the broad Quotes explanation; that belongs to /quotes/.,https://echobuddha.com/quotes/,Do not expand into a second broad pillar.
https://echobuddha.com/quotes/letting-go/peace-enters-when-control-is-no-longer-the-price/,Quotes,This page does not own the broad Quotes explanation; that belongs to /quotes/.,https://echobuddha.com/quotes/,Do not expand into a second broad pillar.
https://echobuddha.com/quotes/letting-go/release-the-need-to-replay-what-can-no-longer/,Quotes,This page does not own the broad Quotes explanation; that belongs to /quotes/.,https://echobuddha.com/quotes/,Do not expand into a second broad pillar.
https://echobuddha.com/quotes/letting-go/soften-around-stress/,Quotes,This page does not own the broad Quotes explanation; that belongs to /quotes/.,https://echobuddha.com/quotes/,Do not expand into a second broad pillar.
https://echobuddha.com/quotes/letting-go/where-attachment-begins/,Quotes,This page does not own the broad Quotes explanation; that belongs to /quotes/.,https://echobuddha.com/quotes/,Do not expand into a second broad pillar.
https://echobuddha.com/quotes/letting-go/you-can-honor-the-past-without-asking-it-to/,Quotes,This page does not own the broad Quotes explanation; that belongs to /quotes/.,https://echobuddha.com/quotes/,Do not expand into a second broad pillar.
https://echobuddha.com/quotes/letting-go/you-do-not-need-to-carry-every-thought-that/,Quotes,This page does not own the broad Quotes explanation; that belongs to /quotes/.,https://echobuddha.com/quotes/,Do not expand into a second broad pillar.
https://echobuddha.com/quotes/meditation/a-short-sincere-practice-can-steady-a-long-and/,Quotes,This page does not own the broad Quotes explanation; that belongs to /quotes/.,https://echobuddha.com/quotes/,Do not expand into a second broad pillar.
https://echobuddha.com/quotes/meditation/few-quiet-minutes/,Quotes,This page does not own the broad Quotes explanation; that belongs to /quotes/.,https://echobuddha.com/quotes/,Do not expand into a second broad pillar.
https://echobuddha.com/quotes/meditation/follow-the-breath-lightly-as-you-would-listen-to/,Quotes,This page does not own the broad Quotes explanation; that belongs to /quotes/.,https://echobuddha.com/quotes/,Do not expand into a second broad pillar.
https://echobuddha.com/quotes/meditation/,Quotes,This page does not own the broad Quotes explanation; that belongs to /quotes/.,https://echobuddha.com/quotes/,Do not expand into a second broad pillar.
https://echobuddha.com/quotes/meditation/meditation-is-not-leaving-life-it-is-learning-how/,Quotes,This page does not own the broad Quotes explanation; that belongs to /quotes/.,https://echobuddha.com/quotes/,Do not expand into a second broad pillar.
https://echobuddha.com/quotes/meditation/meditation-is-returning/,Quotes,This page does not own the broad Quotes explanation; that belongs to /quotes/.,https://echobuddha.com/quotes/,Do not expand into a second broad pillar.
https://echobuddha.com/quotes/meditation/one-honest-breath/,Quotes,This page does not own the broad Quotes explanation; that belongs to /quotes/.,https://echobuddha.com/quotes/,Do not expand into a second broad pillar.
https://echobuddha.com/quotes/meditation/silence-is-not-empty-when-the-heart-is-listening/,Quotes,This page does not own the broad Quotes explanation; that belongs to /quotes/.,https://echobuddha.com/quotes/,Do not expand into a second broad pillar.
https://echobuddha.com/quotes/meditation/sit-without-demanding-silence-and-the-mind-will-teach/,Quotes,This page does not own the broad Quotes explanation; that belongs to /quotes/.,https://echobuddha.com/quotes/,Do not expand into a second broad pillar.
https://echobuddha.com/quotes/meditation/the-cushion-is-a-place-to-practice-returning-not/,Quotes,This page does not own the broad Quotes explanation; that belongs to /quotes/.,https://echobuddha.com/quotes/,Do not expand into a second broad pillar.
https://echobuddha.com/quotes/mindfulness/a-peaceful-mind-begins-with-one-honest-breath/,Quotes,This page does not own the broad Quotes explanation; that belongs to /quotes/.,https://echobuddha.com/quotes/,Do not expand into a second broad pillar.
https://echobuddha.com/quotes/mindfulness/begin-the-day-with-awareness/,Quotes,This page does not own the broad Quotes explanation; that belongs to /quotes/.,https://echobuddha.com/quotes/,Do not expand into a second broad pillar.
https://echobuddha.com/quotes/mindfulness/gratitude-notices-enough/,Quotes,This page does not own the broad Quotes explanation; that belongs to /quotes/.,https://echobuddha.com/quotes/,Do not expand into a second broad pillar.
https://echobuddha.com/quotes/mindfulness/ground-yourself-gently/,Quotes,This page does not own the broad Quotes explanation; that belongs to /quotes/.,https://echobuddha.com/quotes/,Do not expand into a second broad pillar.
https://echobuddha.com/quotes/mindfulness/,Quotes,This page does not own the broad Quotes explanation; that belongs to /quotes/.,https://echobuddha.com/quotes/,Do not expand into a second broad pillar.
https://echobuddha.com/quotes/mindfulness/listen-before-answering/,Quotes,This page does not own the broad Quotes explanation; that belongs to /quotes/.,https://echobuddha.com/quotes/,Do not expand into a second broad pillar.
https://echobuddha.com/quotes/mindfulness/notice-what-is-here-before-deciding-what-it-means/,Quotes,This page does not own the broad Quotes explanation; that belongs to /quotes/.,https://echobuddha.com/quotes/,Do not expand into a second broad pillar.
https://echobuddha.com/quotes/mindfulness/one-mindful-pause-can-change-the-direction-of-an/,Quotes,This page does not own the broad Quotes explanation; that belongs to /quotes/.,https://echobuddha.com/quotes/,Do not expand into a second broad pillar.
https://echobuddha.com/quotes/mindfulness/peace-begins-with-attention/,Quotes,This page does not own the broad Quotes explanation; that belongs to /quotes/.,https://echobuddha.com/quotes/,Do not expand into a second broad pillar.
https://echobuddha.com/quotes/mindfulness/peace-grows-when-attention-stops-running-ahead-of-the/,Quotes,This page does not own the broad Quotes explanation; that belongs to /quotes/.,https://echobuddha.com/quotes/,Do not expand into a second broad pillar.
https://echobuddha.com/quotes/mindfulness/present-moment-one-step/,Quotes,This page does not own the broad Quotes explanation; that belongs to /quotes/.,https://echobuddha.com/quotes/,Do not expand into a second broad pillar.
https://echobuddha.com/quotes/mindfulness/return-to-the-breath-before-you-return-to-the/,Quotes,This page does not own the broad Quotes explanation; that belongs to /quotes/.,https://echobuddha.com/quotes/,Do not expand into a second broad pillar.
https://echobuddha.com/quotes/mindfulness/the-present-moment-asks-for-your-attention-not-your/,Quotes,This page does not own the broad Quotes explanation; that belongs to /quotes/.,https://echobuddha.com/quotes/,Do not expand into a second broad pillar.
https://echobuddha.com/quotes/patience/be-patient-with-the-part-of-you-that-is/,Quotes,This page does not own the broad Quotes explanation; that belongs to /quotes/.,https://echobuddha.com/quotes/,Do not expand into a second broad pillar.
https://echobuddha.com/quotes/patience/family-kindness-and-patience/,Quotes,This page does not own the broad Quotes explanation; that belongs to /quotes/.,https://echobuddha.com/quotes/,Do not expand into a second broad pillar.
https://echobuddha.com/quotes/patience/growth-is-quiet-work-often-invisible-until-the-season/,Quotes,This page does not own the broad Quotes explanation; that belongs to /quotes/.,https://echobuddha.com/quotes/,Do not expand into a second broad pillar.
https://echobuddha.com/quotes/patience/,Quotes,This page does not own the broad Quotes explanation; that belongs to /quotes/.,https://echobuddha.com/quotes/,Do not expand into a second broad pillar.
https://echobuddha.com/quotes/patience/not-every-delay-is-an-obstacle-some-are-invitations/,Quotes,This page does not own the broad Quotes explanation; that belongs to /quotes/.,https://echobuddha.com/quotes/,Do not expand into a second broad pillar.
https://echobuddha.com/quotes/patience/patience-is-the-strength-to-remain-present-while-life/,Quotes,This page does not own the broad Quotes explanation; that belongs to /quotes/.,https://echobuddha.com/quotes/,Do not expand into a second broad pillar.
https://echobuddha.com/quotes/patience/patience-softens-the-wait/,Quotes,This page does not own the broad Quotes explanation; that belongs to /quotes/.,https://echobuddha.com/quotes/,Do not expand into a second broad pillar.
https://echobuddha.com/quotes/patience/wait-long-enough-for-the-first-reaction-to-become/,Quotes,This page does not own the broad Quotes explanation; that belongs to /quotes/.,https://echobuddha.com/quotes/,Do not expand into a second broad pillar.
https://echobuddha.com/quotes/patience/when-anger-rises-pause-long-enough-to-see-the/,Quotes,This page does not own the broad Quotes explanation; that belongs to /quotes/.,https://echobuddha.com/quotes/,Do not expand into a second broad pillar.
https://echobuddha.com/quotes/practice/do-not-wait-to-feel-ready-before-choosing-what/,Quotes,This page does not own the broad Quotes explanation; that belongs to /quotes/.,https://echobuddha.com/quotes/,Do not expand into a second broad pillar.
https://echobuddha.com/quotes/practice/eightfold-path-daily-choices/,Quotes,This page does not own the broad Quotes explanation; that belongs to /quotes/.,https://echobuddha.com/quotes/,Do not expand into a second broad pillar.
https://echobuddha.com/quotes/practice/,Quotes,This page does not own the broad Quotes explanation; that belongs to /quotes/.,https://echobuddha.com/quotes/,Do not expand into a second broad pillar.
https://echobuddha.com/quotes/practice/mindfulness-at-work-breath/,Quotes,This page does not own the broad Quotes explanation; that belongs to /quotes/.,https://echobuddha.com/quotes/,Do not expand into a second broad pillar.
https://echobuddha.com/quotes/practice/practice-becomes-real-when-it-enters-your-speech-and/,Quotes,This page does not own the broad Quotes explanation; that belongs to /quotes/.,https://echobuddha.com/quotes/,Do not expand into a second broad pillar.
https://echobuddha.com/quotes/practice/right-intention-turns-the-heart/,Quotes,This page does not own the broad Quotes explanation; that belongs to /quotes/.,https://echobuddha.com/quotes/,Do not expand into a second broad pillar.
https://echobuddha.com/quotes/practice/small-actions-shape-the-mind/,Quotes,This page does not own the broad Quotes explanation; that belongs to /quotes/.,https://echobuddha.com/quotes/,Do not expand into a second broad pillar.
https://echobuddha.com/quotes/practice/the-path-is-not-far-away-it-is-the/,Quotes,This page does not own the broad Quotes explanation; that belongs to /quotes/.,https://echobuddha.com/quotes/,Do not expand into a second broad pillar.
https://echobuddha.com/quotes/practice/the-smallest-wholesome-action-is-larger-than-the-finest/,Quotes,This page does not own the broad Quotes explanation; that belongs to /quotes/.,https://echobuddha.com/quotes/,Do not expand into a second broad pillar.
https://echobuddha.com/quotes/practice/walk-slowly-enough-to-notice-where-your-life-is/,Quotes,This page does not own the broad Quotes explanation; that belongs to /quotes/.,https://echobuddha.com/quotes/,Do not expand into a second broad pillar.
https://echobuddha.com/quotes/practice/your-next-response-is-always-part-of-the-path/,Quotes,This page does not own the broad Quotes explanation; that belongs to /quotes/.,https://echobuddha.com/quotes/,Do not expand into a second broad pillar.
https://echobuddha.com/quotes/renewal/a-new-direction-can-start-with-one-different-choice/,Quotes,This page does not own the broad Quotes explanation; that belongs to /quotes/.,https://echobuddha.com/quotes/,Do not expand into a second broad pillar.
https://echobuddha.com/quotes/renewal/begin-again-gently-the-breath-is-always-willing/,Quotes,This page does not own the broad Quotes explanation; that belongs to /quotes/.,https://echobuddha.com/quotes/,Do not expand into a second broad pillar.
https://echobuddha.com/quotes/renewal/begin-again-without-shame/,Quotes,This page does not own the broad Quotes explanation; that belongs to /quotes/.,https://echobuddha.com/quotes/,Do not expand into a second broad pillar.
https://echobuddha.com/quotes/renewal/begin-again-without-turning-yesterday-into-a-sentence/,Quotes,This page does not own the broad Quotes explanation; that belongs to /quotes/.,https://echobuddha.com/quotes/,Do not expand into a second broad pillar.
https://echobuddha.com/quotes/renewal/evening-release-reflection/,Quotes,This page does not own the broad Quotes explanation; that belongs to /quotes/.,https://echobuddha.com/quotes/,Do not expand into a second broad pillar.
https://echobuddha.com/quotes/renewal/gentle-hope-keeps-walking/,Quotes,This page does not own the broad Quotes explanation; that belongs to /quotes/.,https://echobuddha.com/quotes/,Do not expand into a second broad pillar.
https://echobuddha.com/quotes/renewal/,Quotes,This page does not own the broad Quotes explanation; that belongs to /quotes/.,https://echobuddha.com/quotes/,Do not expand into a second broad pillar.
https://echobuddha.com/quotes/renewal/morning-is-not-the-only-time-a-life-can/,Quotes,This page does not own the broad Quotes explanation; that belongs to /quotes/.,https://echobuddha.com/quotes/,Do not expand into a second broad pillar.
https://echobuddha.com/quotes/renewal/one-calm-morning-intention/,Quotes,This page does not own the broad Quotes explanation; that belongs to /quotes/.,https://echobuddha.com/quotes/,Do not expand into a second broad pillar.
https://echobuddha.com/quotes/renewal/the-path-welcomes-your-return-more-often-than-pride/,Quotes,This page does not own the broad Quotes explanation; that belongs to /quotes/.,https://echobuddha.com/quotes/,Do not expand into a second broad pillar.
https://echobuddha.com/quotes/renewal/you-are-allowed-to-learn-slowly-and-still-be/,Quotes,This page does not own the broad Quotes explanation; that belongs to /quotes/.,https://echobuddha.com/quotes/,Do not expand into a second broad pillar.
https://echobuddha.com/quotes/wisdom/a-clear-mind-can-hold-two-truths-without-rushing/,Quotes,This page does not own the broad Quotes explanation; that belongs to /quotes/.,https://echobuddha.com/quotes/,Do not expand into a second broad pillar.
https://echobuddha.com/quotes/wisdom/contentment-with-what-is-here/,Quotes,This page does not own the broad Quotes explanation; that belongs to /quotes/.,https://echobuddha.com/quotes/,Do not expand into a second broad pillar.
https://echobuddha.com/quotes/wisdom/difficult-people-and-boundaries/,Quotes,This page does not own the broad Quotes explanation; that belongs to /quotes/.,https://echobuddha.com/quotes/,Do not expand into a second broad pillar.
https://echobuddha.com/quotes/wisdom/,Quotes,This page does not own the broad Quotes explanation; that belongs to /quotes/.,https://echobuddha.com/quotes/,Do not expand into a second broad pillar.
https://echobuddha.com/quotes/wisdom/karma-begins-in-intention/,Quotes,This page does not own the broad Quotes explanation; that belongs to /quotes/.,https://echobuddha.com/quotes/,Do not expand into a second broad pillar.
https://echobuddha.com/quotes/wisdom/knowing-when-not-to-speak-is-also-a-form/,Quotes,This page does not own the broad Quotes explanation; that belongs to /quotes/.,https://echobuddha.com/quotes/,Do not expand into a second broad pillar.
https://echobuddha.com/quotes/wisdom/right-speech-with-kindness/,Quotes,This page does not own the broad Quotes explanation; that belongs to /quotes/.,https://echobuddha.com/quotes/,Do not expand into a second broad pillar.
https://echobuddha.com/quotes/wisdom/simplicity-clears-the-room/,Quotes,This page does not own the broad Quotes explanation; that belongs to /quotes/.,https://echobuddha.com/quotes/,Do not expand into a second broad pillar.
https://echobuddha.com/quotes/wisdom/the-lesson-repeats-until-attention-replaces-habit/,Quotes,This page does not own the broad Quotes explanation; that belongs to /quotes/.,https://echobuddha.com/quotes/,Do not expand into a second broad pillar.
https://echobuddha.com/quotes/wisdom/understanding-suffering-honestly/,Quotes,This page does not own the broad Quotes explanation; that belongs to /quotes/.,https://echobuddha.com/quotes/,Do not expand into a second broad pillar.
https://echobuddha.com/quotes/wisdom/what-feels-urgent-is-not-always-what-matters-most/,Quotes,This page does not own the broad Quotes explanation; that belongs to /quotes/.,https://echobuddha.com/quotes/,Do not expand into a second broad pillar.
https://echobuddha.com/quotes/wisdom/wisdom-is-the-art-of-meeting-life-without-adding/,Quotes,This page does not own the broad Quotes explanation; that belongs to /quotes/.,https://echobuddha.com/quotes/,Do not expand into a second broad pillar.
https://echobuddha.com/quotes/wisdom/wisdom-sees-clearly/,Quotes,This page does not own the broad Quotes explanation; that belongs to /quotes/.,https://echobuddha.com/quotes/,Do not expand into a second broad pillar.
https://echobuddha.com/quotes/wisdom/wisdom-sees-the-whole-fire-not-only-the-spark/,Quotes,This page does not own the broad Quotes explanation; that belongs to /quotes/.,https://echobuddha.com/quotes/,Do not expand into a second broad pillar.
https://echobuddha.com/quotes/wisdom/wise-silence/,Quotes,This page does not own the broad Quotes explanation; that belongs to /quotes/.,https://echobuddha.com/quotes/,Do not expand into a second broad pillar.
https://echobuddha.com/start-here/,Newcomer Orientation,"This page does not own narrower source, practice, scenario, quote, or recurring-user intents that have dedicated pages.",https://echobuddha.com/start-here/,Do not absorb narrow support roles.
https://echobuddha.com/terms-of-use/,Trust / Policy,This page does not own the broad Trust / Policy explanation; that belongs to /about/.,https://echobuddha.com/about/,Do not expand into a second broad pillar.
https://echobuddha.com/tools/,Utility,"This page does not own narrower source, practice, scenario, quote, or recurring-user intents that have dedicated pages.",https://echobuddha.com/tools/,Do not absorb narrow support roles.
