Date,Invalid,Valid
2026-06-24,0,0
2026-06-25,0,0
2026-06-26,0,1
2026-06-27,0,1
2026-06-28,0,1
2026-06-29,0,1
2026-06-30,0,1
2026-07-01,0,8
2026-07-02,0,8
2026-07-03,0,24
2026-07-04,0,27
2026-07-05,0,30
2026-07-06,0,31
2026-07-07,0,32
2026-07-08,0,35
2026-07-09,0,33
2026-07-10,0,27
2026-07-11,0,39
2026-07-12,0,39
2026-07-13,0,41
2026-07-14,0,45
2026-07-15,0,44
2026-07-16,0,42
2026-07-17,0,44
2026-07-18,0,40
2026-07-19,0,34
2026-07-20,0,30
2026-07-21,0,27
2026-07-22,0,28
2026-07-23,0,30
2026-07-24,0,30
2026-07-25,0,30
2026-07-26,0,30
2026-07-27,0,30
2026-07-28,0,29
2026-07-29,0,29
2026-07-30,0,28
2026-07-31,0,27
2026-08-01,0,28
2026-08-02,0,28
2026-08-03,0,28
2026-08-04,0,28
2026-08-05,0,29
2026-08-06,0,34
2026-08-07,0,35
2026-08-08,0,34
2026-08-09,0,34
2026-08-10,0,34
2026-08-11,0,34
2026-08-12,0,30