sourceId,pageUrl,claimOrTopicSupported,sourceTitle,sourceAuthor,translator,publicationOrInstitution,sourceType,buddhistTraditionOrTextualContext,canonicalReference,url,copyrightOrLicenseNote,accessDate,verificationStatus,reviewerNote
source:articles:beginning-a-daily-mindfulness-practice,https://echobuddha.com/articles/beginning-a-daily-mindfulness-practice/,Buddhist educational or reflective explanation,Repository source note; external review pending where claims require it,Echo Buddha Editorial,Not applicable or pending,Echo Buddha,Original reflection requiring source review for factual claims,Buddhist textual or doctrinal context,See visible page source note or external review queue,,Do not reproduce long modern translations without owner/legal review.,2026-07-21,repository-reviewed-original-context,"Repository review does not claim Buddhist studies, clinical, or legal approval."
source:articles:buddhism-for-beginners-simple-guide,https://echobuddha.com/articles/buddhism-for-beginners-simple-guide/,Buddhist educational or reflective explanation,Visible page source links,See linked source,Not applicable or pending,suttacentral.net; www.dhammatalks.org,Primary or reputable reference link visible on page,Buddhist textual or doctrinal context,See visible page source note or external review queue,https://suttacentral.net/sn56.11/en/sujato; https://www.dhammatalks.org/suttas/SN/SN45_8.html,Do not reproduce long modern translations without owner/legal review.,2026-07-21,repository-reviewed-source-link-present,"Repository review does not claim Buddhist studies, clinical, or legal approval."
source:articles:buddhist-approach-to-anger,https://echobuddha.com/articles/buddhist-approach-to-anger/,Buddhist educational or reflective explanation,Visible page source links,See linked source,Thanissaro Bhikkhu or Access to Insight page translator where indicated,www.accesstoinsight.org,Primary or reputable reference link visible on page,Buddhist textual or doctrinal context,See visible page source note or external review queue,https://www.accesstoinsight.org/tipitaka/kn/dhp/dhp.01.budd.html,Do not reproduce long modern translations without owner/legal review.,2026-07-21,repository-reviewed-source-link-present,"Repository review does not claim Buddhist studies, clinical, or legal approval."
source:articles:buddhist-gratitude-practice,https://echobuddha.com/articles/buddhist-gratitude-practice/,Buddhist educational or reflective explanation,Visible page source links,See linked source,Not applicable or pending,www.dhammatalks.org; www.dhammatalks.org,Primary or reputable reference link visible on page,Buddhist textual or doctrinal context,See visible page source note or external review queue,https://www.dhammatalks.org/suttas/KN/Khp/khp5.html; https://www.dhammatalks.org/suttas/AN/AN4_28.html,Do not reproduce long modern translations without owner/legal review.,2026-07-21,repository-reviewed-source-link-present,"Repository review does not claim Buddhist studies, clinical, or legal approval."
source:articles:buddhist-teachings-on-forgiveness,https://echobuddha.com/articles/buddhist-teachings-on-forgiveness/,Buddhist educational or reflective explanation,Visible page source links,See linked source,Thanissaro Bhikkhu or Access to Insight page translator where indicated,www.accesstoinsight.org,Primary or reputable reference link visible on page,Buddhist textual or doctrinal context,See visible page source note or external review queue,https://www.accesstoinsight.org/tipitaka/kn/dhp/dhp.01.budd.html,Do not reproduce long modern translations without owner/legal review.,2026-07-21,repository-reviewed-source-link-present,"Repository review does not claim Buddhist studies, clinical, or legal approval."
source:articles:buddhist-teachings-on-impermanence,https://echobuddha.com/articles/buddhist-teachings-on-impermanence/,Buddhist educational or reflective explanation,Visible page source links,See linked source,Thanissaro Bhikkhu or Access to Insight page translator where indicated,www.accesstoinsight.org,Primary or reputable reference link visible on page,Buddhist textual or doctrinal context,See visible page source note or external review queue,https://www.accesstoinsight.org/tipitaka/kn/dhp/dhp.20.budd.html,Do not reproduce long modern translations without owner/legal review.,2026-07-21,repository-reviewed-source-link-present,"Repository review does not claim Buddhist studies, clinical, or legal approval."
source:articles:buddhist-wisdom-for-overthinking,https://echobuddha.com/articles/buddhist-wisdom-for-overthinking/,Buddhist educational or reflective explanation,Repository source note; external review pending where claims require it,Echo Buddha Editorial,Not applicable or pending,Echo Buddha,Original reflection requiring source review for factual claims,Buddhist textual or doctrinal context,See visible page source note or external review queue,,Do not reproduce long modern translations without owner/legal review.,2026-07-21,repository-reviewed-original-context,"Repository review does not claim Buddhist studies, clinical, or legal approval."
source:articles:compassion-as-a-daily-discipline,https://echobuddha.com/articles/compassion-as-a-daily-discipline/,Buddhist educational or reflective explanation,Visible page source links,See linked source,Thanissaro Bhikkhu or Access to Insight page translator where indicated,www.accesstoinsight.org,Primary or reputable reference link visible on page,Buddhist textual or doctrinal context,See visible page source note or external review queue,https://www.accesstoinsight.org/tipitaka/kn/snp/snp.1.08.than.html,Do not reproduce long modern translations without owner/legal review.,2026-07-21,repository-reviewed-source-link-present,"Repository review does not claim Buddhist studies, clinical, or legal approval."
source:articles:compassion-in-buddhism-beginner-guide,https://echobuddha.com/articles/compassion-in-buddhism-beginner-guide/,Buddhist educational or reflective explanation,Visible page source links,See linked source,Thanissaro Bhikkhu or Access to Insight page translator where indicated,www.accesstoinsight.org,Primary or reputable reference link visible on page,Buddhist textual or doctrinal context,See visible page source note or external review queue,https://www.accesstoinsight.org/tipitaka/kn/snp/snp.1.08.than.html,Do not reproduce long modern translations without owner/legal review.,2026-07-21,repository-reviewed-source-link-present,"Repository review does not claim Buddhist studies, clinical, or legal approval."
source:articles:compassion-with-boundaries,https://echobuddha.com/articles/compassion-with-boundaries/,Buddhist educational or reflective explanation,Visible page source links,See linked source,Thanissaro Bhikkhu or Access to Insight page translator where indicated,www.accesstoinsight.org,Primary or reputable reference link visible on page,Buddhist textual or doctrinal context,See visible page source note or external review queue,https://www.accesstoinsight.org/tipitaka/kn/snp/snp.1.08.than.html,Do not reproduce long modern translations without owner/legal review.,2026-07-21,repository-reviewed-source-link-present,"Repository review does not claim Buddhist studies, clinical, or legal approval."
source:articles:creating-a-peaceful-corner-at-home,https://echobuddha.com/articles/creating-a-peaceful-corner-at-home/,Buddhist educational or reflective explanation,Repository source note; external review pending where claims require it,Echo Buddha Editorial,Not applicable or pending,Echo Buddha,Original reflection requiring source review for factual claims,Buddhist textual or doctrinal context,See visible page source note or external review queue,,Do not reproduce long modern translations without owner/legal review.,2026-07-21,repository-reviewed-original-context,"Repository review does not claim Buddhist studies, clinical, or legal approval."
source:articles:dhamma-vs-dharma,https://echobuddha.com/articles/dhamma-vs-dharma/,Buddhist educational or reflective explanation,Visible page source links,See linked source,Thanissaro Bhikkhu or Access to Insight page translator where indicated,www.accesstoinsight.org; www.dhammatalks.org,Primary or reputable reference link visible on page,Buddhist textual or doctrinal context,See visible page source note or external review queue,https://www.accesstoinsight.org/tipitaka/kn/dhp/dhp.14.budd.html; https://www.dhammatalks.org/suttas/SN/SN45_8.html,Do not reproduce long modern translations without owner/legal review.,2026-07-21,repository-reviewed-source-link-present,"Repository review does not claim Buddhist studies, clinical, or legal approval."
source:articles:dhammapada-reflection-trained-mind,https://echobuddha.com/articles/dhammapada-reflection-trained-mind/,Buddhist educational or reflective explanation,Repository source note; external review pending where claims require it,Echo Buddha Editorial,Not applicable or pending,Echo Buddha,Original reflection requiring source review for factual claims,Buddhist textual or doctrinal context,See visible page source note or external review queue,,Do not reproduce long modern translations without owner/legal review.,2026-07-21,repository-reviewed-original-context,"Repository review does not claim Buddhist studies, clinical, or legal approval."
source:articles:dhammapada-reflection-what-we-think,https://echobuddha.com/articles/dhammapada-reflection-what-we-think/,Buddhist educational or reflective explanation,Visible page source links,See linked source,Thanissaro Bhikkhu or Access to Insight page translator where indicated,www.accesstoinsight.org,Primary or reputable reference link visible on page,Buddhist textual or doctrinal context,See visible page source note or external review queue,https://www.accesstoinsight.org/tipitaka/kn/dhp/dhp.01.budd.html,Do not reproduce long modern translations without owner/legal review.,2026-07-21,repository-reviewed-source-link-present,"Repository review does not claim Buddhist studies, clinical, or legal approval."
source:articles:dhammapada-verse-1-meaning,https://echobuddha.com/articles/dhammapada-verse-1-meaning/,Buddhist educational or reflective explanation,Visible page source links,See linked source,Thanissaro Bhikkhu or Access to Insight page translator where indicated,www.accesstoinsight.org,Primary or reputable reference link visible on page,Buddhist textual or doctrinal context,See visible page source note or external review queue,https://www.accesstoinsight.org/tipitaka/kn/dhp/dhp.01.budd.html,Do not reproduce long modern translations without owner/legal review.,2026-07-21,repository-reviewed-source-link-present,"Repository review does not claim Buddhist studies, clinical, or legal approval."
source:articles:eightfold-path-explained-daily-life,https://echobuddha.com/articles/eightfold-path-explained-daily-life/,Buddhist educational or reflective explanation,Visible page source links,See linked source,Not applicable or pending,www.dhammatalks.org,Primary or reputable reference link visible on page,Buddhist textual or doctrinal context,See visible page source note or external review queue,https://www.dhammatalks.org/suttas/SN/SN45_8.html,Do not reproduce long modern translations without owner/legal review.,2026-07-21,repository-reviewed-source-link-present,"Repository review does not claim Buddhist studies, clinical, or legal approval."
source:articles:eightfold-path-explained,https://echobuddha.com/articles/eightfold-path-explained/,Buddhist educational or reflective explanation,Visible page source links,See linked source,Not applicable or pending,www.dhammatalks.org,Primary or reputable reference link visible on page,Buddhist textual or doctrinal context,See visible page source note or external review queue,https://www.dhammatalks.org/suttas/SN/SN45_8.html,Do not reproduce long modern translations without owner/legal review.,2026-07-21,repository-reviewed-source-link-present,"Repository review does not claim Buddhist studies, clinical, or legal approval."
source:articles:equanimity-in-buddhism,https://echobuddha.com/articles/equanimity-in-buddhism/,Buddhist educational or reflective explanation,Visible page source links,See linked source,Not applicable or pending,www.dhammatalks.org,Primary or reputable reference link visible on page,Buddhist textual or doctrinal context,See visible page source note or external review queue,https://www.dhammatalks.org/suttas/AN/AN8_6.html,Do not reproduce long modern translations without owner/legal review.,2026-07-21,repository-reviewed-source-link-present,"Repository review does not claim Buddhist studies, clinical, or legal approval."
source:articles:first-week-buddhist-practice,https://echobuddha.com/articles/first-week-buddhist-practice/,Buddhist educational or reflective explanation,Visible page source links,See linked source,Thanissaro Bhikkhu or Access to Insight page translator where indicated,suttacentral.net; www.dhammatalks.org; www.accesstoinsight.org,Primary or reputable reference link visible on page,Buddhist textual or doctrinal context,See visible page source note or external review queue,https://suttacentral.net/sn56.11/en/sujato; https://www.dhammatalks.org/suttas/SN/SN45_8.html; https://www.accesstoinsight.org/ptf/dhamma/sila/pancasila.html,Do not reproduce long modern translations without owner/legal review.,2026-07-21,repository-reviewed-source-link-present,"Repository review does not claim Buddhist studies, clinical, or legal approval."
source:articles:five-precepts-in-daily-life,https://echobuddha.com/articles/five-precepts-in-daily-life/,Buddhist educational or reflective explanation,Visible page source links,See linked source,Thanissaro Bhikkhu or Access to Insight page translator where indicated,www.accesstoinsight.org; www.accesstoinsight.org,Primary or reputable reference link visible on page,Buddhist textual or doctrinal context,See visible page source note or external review queue,https://www.accesstoinsight.org/ptf/dhamma/sila/pancasila.html; https://www.accesstoinsight.org/ptf/dhamma/sila/pancasila.html,Do not reproduce long modern translations without owner/legal review.,2026-07-21,repository-reviewed-source-link-present,"Repository review does not claim Buddhist studies, clinical, or legal approval."
source:articles:four-noble-truths-explained-simply,https://echobuddha.com/articles/four-noble-truths-explained-simply/,Buddhist educational or reflective explanation,Visible page source links,See linked source,Not applicable or pending,suttacentral.net,Primary or reputable reference link visible on page,Buddhist textual or doctrinal context,See visible page source note or external review queue,https://suttacentral.net/sn56.11/en/sujato,Do not reproduce long modern translations without owner/legal review.,2026-07-21,repository-reviewed-source-link-present,"Repository review does not claim Buddhist studies, clinical, or legal approval."
source:articles:four-noble-truths-explained,https://echobuddha.com/articles/four-noble-truths-explained/,Buddhist educational or reflective explanation,Visible page source links,See linked source,Thanissaro Bhikkhu or Access to Insight page translator where indicated,suttacentral.net; www.accesstoinsight.org,Primary or reputable reference link visible on page,Buddhist textual or doctrinal context,See visible page source note or external review queue,https://suttacentral.net/sn56.11/en/sujato; https://www.accesstoinsight.org/tipitaka/sn/sn56/sn56.011.than.html,Do not reproduce long modern translations without owner/legal review.,2026-07-21,repository-reviewed-source-link-present,"Repository review does not claim Buddhist studies, clinical, or legal approval."
source:articles:how-to-let-go-of-attachment-in-buddhism,https://echobuddha.com/articles/how-to-let-go-of-attachment-in-buddhism/,Buddhist educational or reflective explanation,Repository source note; external review pending where claims require it,Echo Buddha Editorial,Not applicable or pending,Echo Buddha,Original reflection requiring source review for factual claims,Buddhist textual or doctrinal context,See visible page source note or external review queue,,Do not reproduce long modern translations without owner/legal review.,2026-07-21,repository-reviewed-original-context,"Repository review does not claim Buddhist studies, clinical, or legal approval."
source:articles:how-to-meditate-for-anxiety,https://echobuddha.com/articles/how-to-meditate-for-anxiety/,Buddhist educational or reflective explanation,Visible page source links,See linked source,Not applicable or pending,www.nccih.nih.gov,Primary or reputable reference link visible on page,Buddhist textual or doctrinal context,See visible page source note or external review queue,https://www.nccih.nih.gov/health/meditation-and-mindfulness-effectiveness-and-safety,Do not reproduce long modern translations without owner/legal review.,2026-07-21,repository-reviewed-source-link-present,"Repository review does not claim Buddhist studies, clinical, or legal approval."
source:articles:how-to-meditate-for-beginners,https://echobuddha.com/articles/how-to-meditate-for-beginners/,Buddhist educational or reflective explanation,Visible page source links,See linked source,Thanissaro Bhikkhu or Access to Insight page translator where indicated,www.accesstoinsight.org; www.nccih.nih.gov,Primary or reputable reference link visible on page,Buddhist textual or doctrinal context,See visible page source note or external review queue,https://www.accesstoinsight.org/tipitaka/mn/mn.118.than.html; https://www.nccih.nih.gov/health/meditation-and-mindfulness-effectiveness-and-safety,Do not reproduce long modern translations without owner/legal review.,2026-07-21,repository-reviewed-source-link-present,"Repository review does not claim Buddhist studies, clinical, or legal approval."
source:articles:how-to-practice-non-attachment,https://echobuddha.com/articles/how-to-practice-non-attachment/,Buddhist educational or reflective explanation,Repository source note; external review pending where claims require it,Echo Buddha Editorial,Not applicable or pending,Echo Buddha,Original reflection requiring source review for factual claims,Buddhist textual or doctrinal context,See visible page source note or external review queue,,Do not reproduce long modern translations without owner/legal review.,2026-07-21,repository-reviewed-original-context,"Repository review does not claim Buddhist studies, clinical, or legal approval."
source:articles:impermanence-in-buddhism-letting-go,https://echobuddha.com/articles/impermanence-in-buddhism-letting-go/,Buddhist educational or reflective explanation,Visible page source links,See linked source,Thanissaro Bhikkhu or Access to Insight page translator where indicated,www.accesstoinsight.org,Primary or reputable reference link visible on page,Buddhist textual or doctrinal context,See visible page source note or external review queue,https://www.accesstoinsight.org/tipitaka/kn/dhp/dhp.20.budd.html,Do not reproduce long modern translations without owner/legal review.,2026-07-21,repository-reviewed-source-link-present,"Repository review does not claim Buddhist studies, clinical, or legal approval."
source:articles:impermanence-in-buddhism,https://echobuddha.com/articles/impermanence-in-buddhism/,Buddhist educational or reflective explanation,Visible page source links,See linked source,Thanissaro Bhikkhu or Access to Insight page translator where indicated,www.accesstoinsight.org,Primary or reputable reference link visible on page,Buddhist textual or doctrinal context,See visible page source note or external review queue,https://www.accesstoinsight.org/tipitaka/kn/dhp/dhp.20.budd.html,Do not reproduce long modern translations without owner/legal review.,2026-07-21,repository-reviewed-source-link-present,"Repository review does not claim Buddhist studies, clinical, or legal approval."
source:articles:letting-go-without-giving-up,https://echobuddha.com/articles/letting-go-without-giving-up/,Buddhist educational or reflective explanation,Repository source note; external review pending where claims require it,Echo Buddha Editorial,Not applicable or pending,Echo Buddha,Original reflection requiring source review for factual claims,Buddhist textual or doctrinal context,See visible page source note or external review queue,,Do not reproduce long modern translations without owner/legal review.,2026-07-21,repository-reviewed-original-context,"Repository review does not claim Buddhist studies, clinical, or legal approval."
source:articles:loving-kindness-meditation-beginners,https://echobuddha.com/articles/loving-kindness-meditation-beginners/,Buddhist educational or reflective explanation,Visible page source links,See linked source,Thanissaro Bhikkhu or Access to Insight page translator where indicated,www.accesstoinsight.org; www.nccih.nih.gov,Primary or reputable reference link visible on page,Buddhist textual or doctrinal context,See visible page source note or external review queue,https://www.accesstoinsight.org/tipitaka/kn/snp/snp.1.08.than.html; https://www.nccih.nih.gov/health/meditation-and-mindfulness-effectiveness-and-safety,Do not reproduce long modern translations without owner/legal review.,2026-07-21,repository-reviewed-source-link-present,"Repository review does not claim Buddhist studies, clinical, or legal approval."
source:articles:loving-kindness-meditation-guide,https://echobuddha.com/articles/loving-kindness-meditation-guide/,Buddhist educational or reflective explanation,Visible page source links,See linked source,Thanissaro Bhikkhu or Access to Insight page translator where indicated,www.accesstoinsight.org; www.nccih.nih.gov,Primary or reputable reference link visible on page,Buddhist textual or doctrinal context,See visible page source note or external review queue,https://www.accesstoinsight.org/tipitaka/kn/snp/snp.1.08.than.html; https://www.nccih.nih.gov/health/meditation-and-mindfulness-effectiveness-and-safety,Do not reproduce long modern translations without owner/legal review.,2026-07-21,repository-reviewed-source-link-present,"Repository review does not claim Buddhist studies, clinical, or legal approval."
source:articles:metta-meditation-script,https://echobuddha.com/articles/metta-meditation-script/,Buddhist educational or reflective explanation,Visible page source links,See linked source,Thanissaro Bhikkhu or Access to Insight page translator where indicated,www.accesstoinsight.org; www.nccih.nih.gov,Primary or reputable reference link visible on page,Buddhist textual or doctrinal context,See visible page source note or external review queue,https://www.accesstoinsight.org/tipitaka/kn/snp/snp.1.08.than.html; https://www.nccih.nih.gov/health/meditation-and-mindfulness-effectiveness-and-safety,Do not reproduce long modern translations without owner/legal review.,2026-07-21,repository-reviewed-source-link-present,"Repository review does not claim Buddhist studies, clinical, or legal approval."
source:articles:mindful-email-and-texting,https://echobuddha.com/articles/mindful-email-and-texting/,Buddhist educational or reflective explanation,Visible page source links,See linked source,Thanissaro Bhikkhu or Access to Insight page translator where indicated,www.accesstoinsight.org; www.dhammatalks.org,Primary or reputable reference link visible on page,Buddhist textual or doctrinal context,See visible page source note or external review queue,https://www.accesstoinsight.org/ptf/dhamma/sacca/sacca4/samma-vaca/index.html; https://www.dhammatalks.org/suttas/SN/SN45_8.html,Do not reproduce long modern translations without owner/legal review.,2026-07-21,repository-reviewed-source-link-present,"Repository review does not claim Buddhist studies, clinical, or legal approval."
source:articles:mindful-listening-in-everyday-life,https://echobuddha.com/articles/mindful-listening-in-everyday-life/,Buddhist educational or reflective explanation,Repository source note; external review pending where claims require it,Echo Buddha Editorial,Not applicable or pending,Echo Buddha,Original reflection requiring source review for factual claims,Buddhist textual or doctrinal context,See visible page source note or external review queue,,Do not reproduce long modern translations without owner/legal review.,2026-07-21,repository-reviewed-original-context,"Repository review does not claim Buddhist studies, clinical, or legal approval."
source:articles:mindfulness-for-better-sleep,https://echobuddha.com/articles/mindfulness-for-better-sleep/,Buddhist educational or reflective explanation,Visible page source links,See linked source,Not applicable or pending,www.nccih.nih.gov,Primary or reputable reference link visible on page,Buddhist textual or doctrinal context,See visible page source note or external review queue,https://www.nccih.nih.gov/health/meditation-and-mindfulness-effectiveness-and-safety,Do not reproduce long modern translations without owner/legal review.,2026-07-21,repository-reviewed-source-link-present,"Repository review does not claim Buddhist studies, clinical, or legal approval."
source:articles:mindfulness-morning-routine,https://echobuddha.com/articles/mindfulness-morning-routine/,Buddhist educational or reflective explanation,Repository source note; external review pending where claims require it,Echo Buddha Editorial,Not applicable or pending,Echo Buddha,Original reflection requiring source review for factual claims,Buddhist textual or doctrinal context,See visible page source note or external review queue,,Do not reproduce long modern translations without owner/legal review.,2026-07-21,repository-reviewed-original-context,"Repository review does not claim Buddhist studies, clinical, or legal approval."
source:articles:mindfulness-of-breathing-guide,https://echobuddha.com/articles/mindfulness-of-breathing-guide/,Buddhist educational or reflective explanation,Visible page source links,See linked source,Thanissaro Bhikkhu or Access to Insight page translator where indicated,www.accesstoinsight.org; www.nccih.nih.gov,Primary or reputable reference link visible on page,Buddhist textual or doctrinal context,See visible page source note or external review queue,https://www.accesstoinsight.org/tipitaka/mn/mn.118.than.html; https://www.nccih.nih.gov/health/meditation-and-mindfulness-effectiveness-and-safety,Do not reproduce long modern translations without owner/legal review.,2026-07-21,repository-reviewed-source-link-present,"Repository review does not claim Buddhist studies, clinical, or legal approval."
source:articles:mindfulness-vs-meditation,https://echobuddha.com/articles/mindfulness-vs-meditation/,Buddhist educational or reflective explanation,Visible page source links,See linked source,Thanissaro Bhikkhu or Access to Insight page translator where indicated,www.accesstoinsight.org; www.nccih.nih.gov,Primary or reputable reference link visible on page,Buddhist textual or doctrinal context,See visible page source note or external review queue,https://www.accesstoinsight.org/tipitaka/dn/dn.22.0.than.html; https://www.nccih.nih.gov/health/meditation-and-mindfulness-effectiveness-and-safety,Do not reproduce long modern translations without owner/legal review.,2026-07-21,repository-reviewed-source-link-present,"Repository review does not claim Buddhist studies, clinical, or legal approval."
source:articles:noble-eightfold-path-practical-guide,https://echobuddha.com/articles/noble-eightfold-path-practical-guide/,Buddhist educational or reflective explanation,Visible page source links,See linked source,Not applicable or pending,www.dhammatalks.org,Primary or reputable reference link visible on page,Buddhist textual or doctrinal context,See visible page source note or external review queue,https://www.dhammatalks.org/suttas/SN/SN45_8.html,Do not reproduce long modern translations without owner/legal review.,2026-07-21,repository-reviewed-source-link-present,"Repository review does not claim Buddhist studies, clinical, or legal approval."
source:articles:non-attachment-in-relationships,https://echobuddha.com/articles/non-attachment-in-relationships/,Buddhist educational or reflective explanation,Visible page source links,See linked source,Thanissaro Bhikkhu or Access to Insight page translator where indicated,www.accesstoinsight.org; suttacentral.net,Primary or reputable reference link visible on page,Buddhist textual or doctrinal context,See visible page source note or external review queue,https://www.accesstoinsight.org/tipitaka/kn/dhp/dhp.20.budd.html; https://suttacentral.net/sn56.11/en/sujato,Do not reproduce long modern translations without owner/legal review.,2026-07-21,repository-reviewed-source-link-present,"Repository review does not claim Buddhist studies, clinical, or legal approval."
source:articles:right-livelihood-modern-life,https://echobuddha.com/articles/right-livelihood-modern-life/,Buddhist educational or reflective explanation,Visible page source links,See linked source,Thanissaro Bhikkhu or Access to Insight page translator where indicated,www.dhammatalks.org; www.accesstoinsight.org,Primary or reputable reference link visible on page,Buddhist textual or doctrinal context,See visible page source note or external review queue,https://www.dhammatalks.org/suttas/SN/SN45_8.html; https://www.accesstoinsight.org/tipitaka/dn/dn.31.0.ksw0.html,Do not reproduce long modern translations without owner/legal review.,2026-07-21,repository-reviewed-source-link-present,"Repository review does not claim Buddhist studies, clinical, or legal approval."
source:articles:right-speech-buddhism,https://echobuddha.com/articles/right-speech-buddhism/,Buddhist educational or reflective explanation,Visible page source links,See linked source,Thanissaro Bhikkhu or Access to Insight page translator where indicated,www.accesstoinsight.org; www.dhammatalks.org,Primary or reputable reference link visible on page,Buddhist textual or doctrinal context,See visible page source note or external review queue,https://www.accesstoinsight.org/ptf/dhamma/sacca/sacca4/samma-vaca/index.html; https://www.dhammatalks.org/suttas/SN/SN45_8.html,Do not reproduce long modern translations without owner/legal review.,2026-07-21,repository-reviewed-source-link-present,"Repository review does not claim Buddhist studies, clinical, or legal approval."
source:articles:right-speech-examples,https://echobuddha.com/articles/right-speech-examples/,Buddhist educational or reflective explanation,Visible page source links,See linked source,Thanissaro Bhikkhu or Access to Insight page translator where indicated,www.accesstoinsight.org; www.dhammatalks.org,Primary or reputable reference link visible on page,Buddhist textual or doctrinal context,See visible page source note or external review queue,https://www.accesstoinsight.org/ptf/dhamma/sacca/sacca4/samma-vaca/index.html; https://www.dhammatalks.org/suttas/SN/SN45_8.html,Do not reproduce long modern translations without owner/legal review.,2026-07-21,repository-reviewed-source-link-present,"Repository review does not claim Buddhist studies, clinical, or legal approval."
source:articles:three-poisons-buddhism-explained,https://echobuddha.com/articles/three-poisons-buddhism-explained/,Buddhist educational or reflective explanation,Visible page source links,See linked source,Thanissaro Bhikkhu or Access to Insight page translator where indicated,www.accesstoinsight.org; www.accesstoinsight.org,Primary or reputable reference link visible on page,Buddhist textual or doctrinal context,See visible page source note or external review queue,https://www.accesstoinsight.org/tipitaka/an/an03/an03.069.than.html; https://www.accesstoinsight.org/tipitaka/an/an03/an03.069.than.html,Do not reproduce long modern translations without owner/legal review.,2026-07-21,repository-reviewed-source-link-present,"Repository review does not claim Buddhist studies, clinical, or legal approval."
source:articles:three-ways-to-practice-patience,https://echobuddha.com/articles/three-ways-to-practice-patience/,Buddhist educational or reflective explanation,Repository source note; external review pending where claims require it,Echo Buddha Editorial,Not applicable or pending,Echo Buddha,Original reflection requiring source review for factual claims,Buddhist textual or doctrinal context,See visible page source note or external review queue,,Do not reproduce long modern translations without owner/legal review.,2026-07-21,repository-reviewed-original-context,"Repository review does not claim Buddhist studies, clinical, or legal approval."
source:articles:visiting-a-buddhist-temple-respectfully,https://echobuddha.com/articles/visiting-a-buddhist-temple-respectfully/,Buddhist educational or reflective explanation,Visible page source links,See linked source,Thanissaro Bhikkhu or Access to Insight page translator where indicated,www.accesstoinsight.org; www.dhammatalks.org,Primary or reputable reference link visible on page,Buddhist textual or doctrinal context,See visible page source note or external review queue,https://www.accesstoinsight.org/tipitaka/kn/dhp/dhp.14.budd.html; https://www.dhammatalks.org/suttas/SN/SN45_2.html,Do not reproduce long modern translations without owner/legal review.,2026-07-21,repository-reviewed-source-link-present,"Repository review does not claim Buddhist studies, clinical, or legal approval."
source:articles:walking-meditation-step-by-step,https://echobuddha.com/articles/walking-meditation-step-by-step/,Buddhist educational or reflective explanation,Repository source note; external review pending where claims require it,Echo Buddha Editorial,Not applicable or pending,Echo Buddha,Original reflection requiring source review for factual claims,Buddhist textual or doctrinal context,See visible page source note or external review queue,,Do not reproduce long modern translations without owner/legal review.,2026-07-21,repository-reviewed-original-context,"Repository review does not claim Buddhist studies, clinical, or legal approval."
source:articles:what-is-buddhism-beginner-guide,https://echobuddha.com/articles/what-is-buddhism-beginner-guide/,Buddhist educational or reflective explanation,Visible page source links,See linked source,Not applicable or pending,suttacentral.net; www.dhammatalks.org,Primary or reputable reference link visible on page,Buddhist textual or doctrinal context,See visible page source note or external review queue,https://suttacentral.net/sn56.11/en/sujato; https://www.dhammatalks.org/suttas/SN/SN45_8.html,Do not reproduce long modern translations without owner/legal review.,2026-07-21,repository-reviewed-source-link-present,"Repository review does not claim Buddhist studies, clinical, or legal approval."
source:articles:what-is-karma-in-buddhism,https://echobuddha.com/articles/what-is-karma-in-buddhism/,Buddhist educational or reflective explanation,Visible page source links,See linked source,Thanissaro Bhikkhu or Access to Insight page translator where indicated,www.accesstoinsight.org,Primary or reputable reference link visible on page,Buddhist textual or doctrinal context,See visible page source note or external review queue,https://www.accesstoinsight.org/tipitaka/an/an03/an03.065.than.html,Do not reproduce long modern translations without owner/legal review.,2026-07-21,repository-reviewed-source-link-present,"Repository review does not claim Buddhist studies, clinical, or legal approval."
source:articles:what-is-sangha-buddhist-community,https://echobuddha.com/articles/what-is-sangha-buddhist-community/,Buddhist educational or reflective explanation,Visible page source links,See linked source,Thanissaro Bhikkhu or Access to Insight page translator where indicated,www.dhammatalks.org; www.dhammatalks.org; www.accesstoinsight.org,Primary or reputable reference link visible on page,Buddhist textual or doctrinal context,See visible page source note or external review queue,https://www.dhammatalks.org/suttas/SN/SN45_2.html; https://www.dhammatalks.org/suttas/SN/SN45_2.html; https://www.accesstoinsight.org/tipitaka/kn/dhp/dhp.14.budd.html,Do not reproduce long modern translations without owner/legal review.,2026-07-21,repository-reviewed-source-link-present,"Repository review does not claim Buddhist studies, clinical, or legal approval."
source:learn:buddhism-101,https://echobuddha.com/learn/buddhism-101/,Buddhist educational or reflective explanation,Visible page source links,See linked source,Thanissaro Bhikkhu or Access to Insight page translator where indicated,www.accesstoinsight.org; www.accesstoinsight.org,Primary or reputable reference link visible on page,Buddhist textual or doctrinal context,See visible page source note or external review queue,https://www.accesstoinsight.org/tipitaka/sn/sn56/sn56.011.than.html; https://www.accesstoinsight.org/tipitaka/sn/sn45/sn45.008.than.html,Do not reproduce long modern translations without owner/legal review.,2026-07-21,repository-reviewed-source-link-present,"Repository review does not claim Buddhist studies, clinical, or legal approval."
source:learn:buddhism-101:a-simple-daily-buddhist-practice,https://echobuddha.com/learn/buddhism-101/a-simple-daily-buddhist-practice/,Buddhist educational or reflective explanation,Visible page source links,See linked source,Thanissaro Bhikkhu or Access to Insight page translator where indicated,www.accesstoinsight.org,Primary or reputable reference link visible on page,Buddhist textual or doctrinal context,See visible page source note or external review queue,https://www.accesstoinsight.org/tipitaka/sn/sn45/sn45.008.than.html,Do not reproduce long modern translations without owner/legal review.,2026-07-21,repository-reviewed-source-link-present,"Repository review does not claim Buddhist studies, clinical, or legal approval."
source:learn:buddhism-101:dependent-origination-explained,https://echobuddha.com/learn/buddhism-101/dependent-origination-explained/,Buddhist educational or reflective explanation,Visible page source links,See linked source,Thanissaro Bhikkhu or Access to Insight page translator where indicated,www.accesstoinsight.org,Primary or reputable reference link visible on page,Buddhist textual or doctrinal context,See visible page source note or external review queue,https://www.accesstoinsight.org/tipitaka/sn/sn12/sn12.002.than.html,Do not reproduce long modern translations without owner/legal review.,2026-07-21,repository-reviewed-source-link-present,"Repository review does not claim Buddhist studies, clinical, or legal approval."
source:learn:buddhism-101:five-aggregates-buddhism,https://echobuddha.com/learn/buddhism-101/five-aggregates-buddhism/,Buddhist educational or reflective explanation,Visible page source links,See linked source,Thanissaro Bhikkhu or Access to Insight page translator where indicated,www.accesstoinsight.org,Primary or reputable reference link visible on page,Buddhist textual or doctrinal context,See visible page source note or external review queue,https://www.accesstoinsight.org/tipitaka/sn/sn22/sn22.048.than.html,Do not reproduce long modern translations without owner/legal review.,2026-07-21,repository-reviewed-source-link-present,"Repository review does not claim Buddhist studies, clinical, or legal approval."
source:learn:buddhism-101:five-hindrances-in-buddhism,https://echobuddha.com/learn/buddhism-101/five-hindrances-in-buddhism/,Buddhist educational or reflective explanation,Visible page source links,See linked source,Thanissaro Bhikkhu or Access to Insight page translator where indicated,www.accesstoinsight.org,Primary or reputable reference link visible on page,Buddhist textual or doctrinal context,See visible page source note or external review queue,https://www.accesstoinsight.org/lib/authors/nyanaponika/wheel026.html,Do not reproduce long modern translations without owner/legal review.,2026-07-21,repository-reviewed-source-link-present,"Repository review does not claim Buddhist studies, clinical, or legal approval."
source:learn:buddhism-101:five-precepts-buddhism,https://echobuddha.com/learn/buddhism-101/five-precepts-buddhism/,Buddhist educational or reflective explanation,Visible page source links,See linked source,Thanissaro Bhikkhu or Access to Insight page translator where indicated,www.accesstoinsight.org,Primary or reputable reference link visible on page,Buddhist textual or doctrinal context,See visible page source note or external review queue,https://www.accesstoinsight.org/ptf/dhamma/sila/pancasila.html,Do not reproduce long modern translations without owner/legal review.,2026-07-21,repository-reviewed-source-link-present,"Repository review does not claim Buddhist studies, clinical, or legal approval."
source:learn:buddhism-101:four-brahmaviharas,https://echobuddha.com/learn/buddhism-101/four-brahmaviharas/,Buddhist educational or reflective explanation,Visible page source links,See linked source,Thanissaro Bhikkhu or Access to Insight page translator where indicated,www.accesstoinsight.org; www.accesstoinsight.org,Primary or reputable reference link visible on page,Buddhist textual or doctrinal context,See visible page source note or external review queue,https://www.accesstoinsight.org/lib/authors/nyanaponika/wheel006.html; https://www.accesstoinsight.org/tipitaka/kn/snp/snp.1.08.than.html,Do not reproduce long modern translations without owner/legal review.,2026-07-21,repository-reviewed-source-link-present,"Repository review does not claim Buddhist studies, clinical, or legal approval."
source:learn:buddhism-101:how-to-practice-buddhism-at-home,https://echobuddha.com/learn/buddhism-101/how-to-practice-buddhism-at-home/,Buddhist educational or reflective explanation,Visible page source links,See linked source,Thanissaro Bhikkhu or Access to Insight page translator where indicated,www.accesstoinsight.org,Primary or reputable reference link visible on page,Buddhist textual or doctrinal context,See visible page source note or external review queue,https://www.accesstoinsight.org/ptf/dhamma/sila/pancasila.html,Do not reproduce long modern translations without owner/legal review.,2026-07-21,repository-reviewed-source-link-present,"Repository review does not claim Buddhist studies, clinical, or legal approval."
source:learn:buddhism-101:middle-way-explained-for-beginners,https://echobuddha.com/learn/buddhism-101/middle-way-explained-for-beginners/,Buddhist educational or reflective explanation,Visible page source links,See linked source,Thanissaro Bhikkhu or Access to Insight page translator where indicated,www.accesstoinsight.org,Primary or reputable reference link visible on page,Buddhist textual or doctrinal context,See visible page source note or external review queue,https://www.accesstoinsight.org/tipitaka/sn/sn56/sn56.011.than.html,Do not reproduce long modern translations without owner/legal review.,2026-07-21,repository-reviewed-source-link-present,"Repository review does not claim Buddhist studies, clinical, or legal approval."
source:learn:buddhism-101:right-livelihood-buddhism,https://echobuddha.com/learn/buddhism-101/right-livelihood-buddhism/,Buddhist educational or reflective explanation,Visible page source links,See linked source,Thanissaro Bhikkhu or Access to Insight page translator where indicated,www.accesstoinsight.org; www.accesstoinsight.org,Primary or reputable reference link visible on page,Buddhist textual or doctrinal context,See visible page source note or external review queue,https://www.accesstoinsight.org/ptf/dhamma/sacca/sacca4/samma-ajivo/index.html; https://www.accesstoinsight.org/tipitaka/an/an05/an05.177.than.html,Do not reproduce long modern translations without owner/legal review.,2026-07-21,repository-reviewed-source-link-present,"Repository review does not claim Buddhist studies, clinical, or legal approval."
source:learn:buddhism-101:the-four-noble-truths-explained,https://echobuddha.com/learn/buddhism-101/the-four-noble-truths-explained/,Buddhist educational or reflective explanation,Visible page source links,See linked source,Thanissaro Bhikkhu or Access to Insight page translator where indicated,www.accesstoinsight.org,Primary or reputable reference link visible on page,Buddhist textual or doctrinal context,See visible page source note or external review queue,https://www.accesstoinsight.org/tipitaka/sn/sn56/sn56.011.than.html,Do not reproduce long modern translations without owner/legal review.,2026-07-21,repository-reviewed-source-link-present,"Repository review does not claim Buddhist studies, clinical, or legal approval."
source:learn:buddhism-101:the-noble-eightfold-path-explained,https://echobuddha.com/learn/buddhism-101/the-noble-eightfold-path-explained/,Buddhist educational or reflective explanation,Visible page source links,See linked source,Thanissaro Bhikkhu or Access to Insight page translator where indicated,www.accesstoinsight.org,Primary or reputable reference link visible on page,Buddhist textual or doctrinal context,See visible page source note or external review queue,https://www.accesstoinsight.org/tipitaka/sn/sn45/sn45.008.than.html,Do not reproduce long modern translations without owner/legal review.,2026-07-21,repository-reviewed-source-link-present,"Repository review does not claim Buddhist studies, clinical, or legal approval."
source:learn:buddhism-101:the-three-jewels-explained,https://echobuddha.com/learn/buddhism-101/the-three-jewels-explained/,Buddhist educational or reflective explanation,Visible page source links,See linked source,Thanissaro Bhikkhu or Access to Insight page translator where indicated,www.accesstoinsight.org,Primary or reputable reference link visible on page,Buddhist textual or doctrinal context,See visible page source note or external review queue,https://www.accesstoinsight.org/tipitaka/kn/dhp/dhp.14.budd.html,Do not reproduce long modern translations without owner/legal review.,2026-07-21,repository-reviewed-source-link-present,"Repository review does not claim Buddhist studies, clinical, or legal approval."
source:learn:buddhism-101:three-marks-of-existence,https://echobuddha.com/learn/buddhism-101/three-marks-of-existence/,Buddhist educational or reflective explanation,Visible page source links,See linked source,Thanissaro Bhikkhu or Access to Insight page translator where indicated,www.accesstoinsight.org; www.accesstoinsight.org,Primary or reputable reference link visible on page,Buddhist textual or doctrinal context,See visible page source note or external review queue,https://www.accesstoinsight.org/tipitaka/sn/sn22/sn22.059.than.html; https://www.accesstoinsight.org/tipitaka/kn/dhp/dhp.20.budd.html,Do not reproduce long modern translations without owner/legal review.,2026-07-21,repository-reviewed-source-link-present,"Repository review does not claim Buddhist studies, clinical, or legal approval."
source:learn:buddhism-101:threefold-training-sila-samadhi-panna,https://echobuddha.com/learn/buddhism-101/threefold-training-sila-samadhi-panna/,Buddhist educational or reflective explanation,Visible page source links,See linked source,Thanissaro Bhikkhu or Access to Insight page translator where indicated,www.accesstoinsight.org,Primary or reputable reference link visible on page,Buddhist textual or doctrinal context,See visible page source note or external review queue,https://www.accesstoinsight.org/tipitaka/sn/sn45/sn45.008.than.html,Do not reproduce long modern translations without owner/legal review.,2026-07-21,repository-reviewed-source-link-present,"Repository review does not claim Buddhist studies, clinical, or legal approval."
source:learn:buddhism-101:what-is-buddhism,https://echobuddha.com/learn/buddhism-101/what-is-buddhism/,Buddhist educational or reflective explanation,Visible page source links,See linked source,Thanissaro Bhikkhu or Access to Insight page translator where indicated,www.accesstoinsight.org; www.accesstoinsight.org,Primary or reputable reference link visible on page,Buddhist textual or doctrinal context,See visible page source note or external review queue,https://www.accesstoinsight.org/tipitaka/sn/sn56/sn56.011.than.html; https://www.accesstoinsight.org/tipitaka/sn/sn45/sn45.008.than.html,Do not reproduce long modern translations without owner/legal review.,2026-07-21,repository-reviewed-source-link-present,"Repository review does not claim Buddhist studies, clinical, or legal approval."
source:learn:buddhism-101:what-is-impermanence,https://echobuddha.com/learn/buddhism-101/what-is-impermanence/,Buddhist educational or reflective explanation,Visible page source links,See linked source,Thanissaro Bhikkhu or Access to Insight page translator where indicated,www.accesstoinsight.org,Primary or reputable reference link visible on page,Buddhist textual or doctrinal context,See visible page source note or external review queue,https://www.accesstoinsight.org/tipitaka/kn/dhp/dhp.20.budd.html,Do not reproduce long modern translations without owner/legal review.,2026-07-21,repository-reviewed-source-link-present,"Repository review does not claim Buddhist studies, clinical, or legal approval."
source:learn:buddhism-101:what-is-karma-in-buddhism,https://echobuddha.com/learn/buddhism-101/what-is-karma-in-buddhism/,Buddhist educational or reflective explanation,Visible page source links,See linked source,Thanissaro Bhikkhu or Access to Insight page translator where indicated,www.accesstoinsight.org,Primary or reputable reference link visible on page,Buddhist textual or doctrinal context,See visible page source note or external review queue,https://www.accesstoinsight.org/tipitaka/an/an03/an03.065.than.html,Do not reproduce long modern translations without owner/legal review.,2026-07-21,repository-reviewed-source-link-present,"Repository review does not claim Buddhist studies, clinical, or legal approval."
source:learn:buddhism-101:what-is-mindfulness,https://echobuddha.com/learn/buddhism-101/what-is-mindfulness/,Buddhist educational or reflective explanation,Visible page source links,See linked source,Thanissaro Bhikkhu or Access to Insight page translator where indicated,www.accesstoinsight.org,Primary or reputable reference link visible on page,Buddhist textual or doctrinal context,See visible page source note or external review queue,https://www.accesstoinsight.org/tipitaka/dn/dn.22.0.than.html,Do not reproduce long modern translations without owner/legal review.,2026-07-21,repository-reviewed-source-link-present,"Repository review does not claim Buddhist studies, clinical, or legal approval."
source:learn:buddhism-101:who-was-the-buddha,https://echobuddha.com/learn/buddhism-101/who-was-the-buddha/,Buddhist educational or reflective explanation,Visible page source links,See linked source,Thanissaro Bhikkhu or Access to Insight page translator where indicated,www.accesstoinsight.org,Primary or reputable reference link visible on page,Buddhist textual or doctrinal context,See visible page source note or external review queue,https://www.accesstoinsight.org/tipitaka/sn/sn56/sn56.011.than.html,Do not reproduce long modern translations without owner/legal review.,2026-07-21,repository-reviewed-source-link-present,"Repository review does not claim Buddhist studies, clinical, or legal approval."
source:learn:buddhist-dictionary,https://echobuddha.com/learn/buddhist-dictionary/,Buddhist educational or reflective explanation,Visible page source links,See linked source,Thanissaro Bhikkhu or Access to Insight page translator where indicated,www.accesstoinsight.org; www.accesstoinsight.org,Primary or reputable reference link visible on page,Buddhist textual or doctrinal context,See visible page source note or external review queue,https://www.accesstoinsight.org/glossary.html; https://www.accesstoinsight.org/tipitaka/kn/dhp/dhp.20.budd.html,Do not reproduce long modern translations without owner/legal review.,2026-07-21,repository-reviewed-source-link-present,"Repository review does not claim Buddhist studies, clinical, or legal approval."
source:learn:buddhist-dictionary:anatta,https://echobuddha.com/learn/buddhist-dictionary/anatta/,Buddhist educational or reflective explanation,Visible page source links,See linked source,Thanissaro Bhikkhu or Access to Insight page translator where indicated,www.accesstoinsight.org,Primary or reputable reference link visible on page,Buddhist textual or doctrinal context,See visible page source note or external review queue,https://www.accesstoinsight.org/tipitaka/sn/sn22/sn22.059.than.html,Do not reproduce long modern translations without owner/legal review.,2026-07-21,repository-reviewed-source-link-present,"Repository review does not claim Buddhist studies, clinical, or legal approval."
source:learn:buddhist-dictionary:anicca,https://echobuddha.com/learn/buddhist-dictionary/anicca/,Buddhist educational or reflective explanation,Visible page source links,See linked source,Thanissaro Bhikkhu or Access to Insight page translator where indicated,www.accesstoinsight.org,Primary or reputable reference link visible on page,Buddhist textual or doctrinal context,See visible page source note or external review queue,https://www.accesstoinsight.org/tipitaka/kn/dhp/dhp.20.budd.html,Do not reproduce long modern translations without owner/legal review.,2026-07-21,repository-reviewed-source-link-present,"Repository review does not claim Buddhist studies, clinical, or legal approval."
source:learn:buddhist-dictionary:compassion,https://echobuddha.com/learn/buddhist-dictionary/compassion/,Buddhist educational or reflective explanation,Visible page source links,See linked source,Thanissaro Bhikkhu or Access to Insight page translator where indicated,www.accesstoinsight.org,Primary or reputable reference link visible on page,Buddhist textual or doctrinal context,See visible page source note or external review queue,https://www.accesstoinsight.org/tipitaka/kn/snp/snp.1.08.than.html,Do not reproduce long modern translations without owner/legal review.,2026-07-21,repository-reviewed-source-link-present,"Repository review does not claim Buddhist studies, clinical, or legal approval."
source:learn:buddhist-dictionary:dhamma,https://echobuddha.com/learn/buddhist-dictionary/dhamma/,Buddhist educational or reflective explanation,Visible page source links,See linked source,Thanissaro Bhikkhu or Access to Insight page translator where indicated,www.accesstoinsight.org; www.accesstoinsight.org,Primary or reputable reference link visible on page,Buddhist textual or doctrinal context,See visible page source note or external review queue,https://www.accesstoinsight.org/tipitaka/kn/dhp/dhp.14.budd.html; https://www.accesstoinsight.org/tipitaka/sn/sn45/sn45.008.than.html,Do not reproduce long modern translations without owner/legal review.,2026-07-21,repository-reviewed-source-link-present,"Repository review does not claim Buddhist studies, clinical, or legal approval."
source:learn:buddhist-dictionary:dukkha,https://echobuddha.com/learn/buddhist-dictionary/dukkha/,Buddhist educational or reflective explanation,Visible page source links,See linked source,Thanissaro Bhikkhu or Access to Insight page translator where indicated,www.accesstoinsight.org,Primary or reputable reference link visible on page,Buddhist textual or doctrinal context,See visible page source note or external review queue,https://www.accesstoinsight.org/tipitaka/sn/sn56/sn56.011.than.html,Do not reproduce long modern translations without owner/legal review.,2026-07-21,repository-reviewed-source-link-present,"Repository review does not claim Buddhist studies, clinical, or legal approval."
source:learn:buddhist-dictionary:karma,https://echobuddha.com/learn/buddhist-dictionary/karma/,Buddhist educational or reflective explanation,Visible page source links,See linked source,Thanissaro Bhikkhu or Access to Insight page translator where indicated,www.accesstoinsight.org,Primary or reputable reference link visible on page,Buddhist textual or doctrinal context,See visible page source note or external review queue,https://www.accesstoinsight.org/tipitaka/an/an03/an03.065.than.html,Do not reproduce long modern translations without owner/legal review.,2026-07-21,repository-reviewed-source-link-present,"Repository review does not claim Buddhist studies, clinical, or legal approval."
source:learn:buddhist-dictionary:karuna,https://echobuddha.com/learn/buddhist-dictionary/karuna/,Buddhist educational or reflective explanation,Visible page source links,See linked source,Thanissaro Bhikkhu or Access to Insight page translator where indicated,www.accesstoinsight.org,Primary or reputable reference link visible on page,Buddhist textual or doctrinal context,See visible page source note or external review queue,https://www.accesstoinsight.org/tipitaka/kn/dhp/dhp.01.budd.html,Do not reproduce long modern translations without owner/legal review.,2026-07-21,repository-reviewed-source-link-present,"Repository review does not claim Buddhist studies, clinical, or legal approval."
source:learn:buddhist-dictionary:metta,https://echobuddha.com/learn/buddhist-dictionary/metta/,Buddhist educational or reflective explanation,Visible page source links,See linked source,Thanissaro Bhikkhu or Access to Insight page translator where indicated,www.accesstoinsight.org,Primary or reputable reference link visible on page,Buddhist textual or doctrinal context,See visible page source note or external review queue,https://www.accesstoinsight.org/tipitaka/kn/snp/snp.1.08.than.html,Do not reproduce long modern translations without owner/legal review.,2026-07-21,repository-reviewed-source-link-present,"Repository review does not claim Buddhist studies, clinical, or legal approval."
source:learn:buddhist-dictionary:mindfulness,https://echobuddha.com/learn/buddhist-dictionary/mindfulness/,Buddhist educational or reflective explanation,Visible page source links,See linked source,Thanissaro Bhikkhu or Access to Insight page translator where indicated,www.accesstoinsight.org,Primary or reputable reference link visible on page,Buddhist textual or doctrinal context,See visible page source note or external review queue,https://www.accesstoinsight.org/tipitaka/dn/dn.22.0.than.html,Do not reproduce long modern translations without owner/legal review.,2026-07-21,repository-reviewed-source-link-present,"Repository review does not claim Buddhist studies, clinical, or legal approval."
source:learn:buddhist-dictionary:nirvana,https://echobuddha.com/learn/buddhist-dictionary/nirvana/,Buddhist educational or reflective explanation,Visible page source links,See linked source,Thanissaro Bhikkhu or Access to Insight page translator where indicated,www.accesstoinsight.org,Primary or reputable reference link visible on page,Buddhist textual or doctrinal context,See visible page source note or external review queue,https://www.accesstoinsight.org/tipitaka/sn/sn56/sn56.011.than.html,Do not reproduce long modern translations without owner/legal review.,2026-07-21,repository-reviewed-source-link-present,"Repository review does not claim Buddhist studies, clinical, or legal approval."
source:learn:buddhist-dictionary:pali-canon,https://echobuddha.com/learn/buddhist-dictionary/pali-canon/,Buddhist educational or reflective explanation,Repository source note; external review pending where claims require it,Echo Buddha Editorial,Not applicable or pending,Echo Buddha,Original reflection requiring source review for factual claims,Buddhist textual or doctrinal context,See visible page source note or external review queue,,Do not reproduce long modern translations without owner/legal review.,2026-07-21,repository-reviewed-original-context,"Repository review does not claim Buddhist studies, clinical, or legal approval."
source:learn:buddhist-dictionary:sangha,https://echobuddha.com/learn/buddhist-dictionary/sangha/,Buddhist educational or reflective explanation,Visible page source links,See linked source,Thanissaro Bhikkhu or Access to Insight page translator where indicated,www.accesstoinsight.org; www.dhammatalks.org,Primary or reputable reference link visible on page,Buddhist textual or doctrinal context,See visible page source note or external review queue,https://www.accesstoinsight.org/tipitaka/kn/dhp/dhp.14.budd.html; https://www.dhammatalks.org/suttas/SN/SN45_2.html,Do not reproduce long modern translations without owner/legal review.,2026-07-21,repository-reviewed-source-link-present,"Repository review does not claim Buddhist studies, clinical, or legal approval."
source:learn:buddhist-dictionary:sati,https://echobuddha.com/learn/buddhist-dictionary/sati/,Buddhist educational or reflective explanation,Visible page source links,See linked source,Thanissaro Bhikkhu or Access to Insight page translator where indicated,www.accesstoinsight.org,Primary or reputable reference link visible on page,Buddhist textual or doctrinal context,See visible page source note or external review queue,https://www.accesstoinsight.org/tipitaka/dn/dn.22.0.than.html,Do not reproduce long modern translations without owner/legal review.,2026-07-21,repository-reviewed-source-link-present,"Repository review does not claim Buddhist studies, clinical, or legal approval."
source:learn:buddhist-dictionary:sutta,https://echobuddha.com/learn/buddhist-dictionary/sutta/,Buddhist educational or reflective explanation,Repository source note; external review pending where claims require it,Echo Buddha Editorial,Not applicable or pending,Echo Buddha,Original reflection requiring source review for factual claims,Buddhist textual or doctrinal context,See visible page source note or external review queue,,Do not reproduce long modern translations without owner/legal review.,2026-07-21,repository-reviewed-original-context,"Repository review does not claim Buddhist studies, clinical, or legal approval."
source:learn:buddhist-resources,https://echobuddha.com/learn/buddhist-resources/,Buddhist educational or reflective explanation,Visible page source links,See linked source,Thanissaro Bhikkhu or Access to Insight page translator where indicated,suttacentral.net; www.accesstoinsight.org; www.dharma.org; www.thebuddhistsociety.org; palitextsociety.org; www.wisdomlib.org; tricycle.org; www.lionsroar.com; www.bps.lk; www.bpu.ac.lk; 84000.co; www.buddhanet.net,Primary or reputable reference link visible on page,Buddhist textual or doctrinal context,See visible page source note or external review queue,https://suttacentral.net/; https://www.accesstoinsight.org/; https://www.dharma.org/; https://www.thebuddhistsociety.org/; https://palitextsociety.org/; https://www.wisdomlib.org/; https://tricycle.org/beginners/; https://www.lionsroar.com/; https://www.bps.lk/; https://www.bpu.ac.lk/; https://84000.co/; https://www.buddhanet.net/,Do not reproduce long modern translations without owner/legal review.,2026-07-21,repository-reviewed-source-link-present,"Repository review does not claim Buddhist studies, clinical, or legal approval."
source:learn:dhammapada-reflections,https://echobuddha.com/learn/dhammapada-reflections/,Buddhist educational or reflective explanation,Visible page source links,See linked source,Thanissaro Bhikkhu or Access to Insight page translator where indicated,www.accesstoinsight.org; www.accesstoinsight.org,Primary or reputable reference link visible on page,Buddhist textual or doctrinal context,See visible page source note or external review queue,https://www.accesstoinsight.org/tipitaka/kn/dhp/dhp.01.budd.html; https://www.accesstoinsight.org/tipitaka/kn/dhp/dhp.14.budd.html,Do not reproduce long modern translations without owner/legal review.,2026-07-21,repository-reviewed-source-link-present,"Repository review does not claim Buddhist studies, clinical, or legal approval."
source:learn:dhammapada-reflections:avoid-evil-do-good-purify-the-mind,https://echobuddha.com/learn/dhammapada-reflections/avoid-evil-do-good-purify-the-mind/,Buddhist educational or reflective explanation,Visible page source links,See linked source,Thanissaro Bhikkhu or Access to Insight page translator where indicated,www.accesstoinsight.org,Primary or reputable reference link visible on page,Buddhist textual or doctrinal context,See visible page source note or external review queue,https://www.accesstoinsight.org/tipitaka/kn/dhp/dhp.14.budd.html,Do not reproduce long modern translations without owner/legal review.,2026-07-21,repository-reviewed-source-link-present,"Repository review does not claim Buddhist studies, clinical, or legal approval."
source:learn:dhammapada-reflections:better-than-a-thousand-empty-words,https://echobuddha.com/learn/dhammapada-reflections/better-than-a-thousand-empty-words/,Buddhist educational or reflective explanation,Visible page source links,See linked source,Thanissaro Bhikkhu or Access to Insight page translator where indicated,www.accesstoinsight.org,Primary or reputable reference link visible on page,Buddhist textual or doctrinal context,See visible page source note or external review queue,https://www.accesstoinsight.org/tipitaka/kn/dhp/dhp.08.budd.html,Do not reproduce long modern translations without owner/legal review.,2026-07-21,repository-reviewed-source-link-present,"Repository review does not claim Buddhist studies, clinical, or legal approval."
source:learn:dhammapada-reflections:hatred-is-not-ended-by-hatred,https://echobuddha.com/learn/dhammapada-reflections/hatred-is-not-ended-by-hatred/,Buddhist educational or reflective explanation,Visible page source links,See linked source,Thanissaro Bhikkhu or Access to Insight page translator where indicated,www.accesstoinsight.org,Primary or reputable reference link visible on page,Buddhist textual or doctrinal context,See visible page source note or external review queue,https://www.accesstoinsight.org/tipitaka/kn/dhp/dhp.01.budd.html,Do not reproduce long modern translations without owner/legal review.,2026-07-21,repository-reviewed-source-link-present,"Repository review does not claim Buddhist studies, clinical, or legal approval."
source:learn:dhammapada-reflections:peace-comes-from-a-trained-mind,https://echobuddha.com/learn/dhammapada-reflections/peace-comes-from-a-trained-mind/,Buddhist educational or reflective explanation,Visible page source links,See linked source,Thanissaro Bhikkhu or Access to Insight page translator where indicated,www.accesstoinsight.org,Primary or reputable reference link visible on page,Buddhist textual or doctrinal context,See visible page source note or external review queue,https://www.accesstoinsight.org/tipitaka/kn/dhp/dhp.03.budd.html,Do not reproduce long modern translations without owner/legal review.,2026-07-21,repository-reviewed-source-link-present,"Repository review does not claim Buddhist studies, clinical, or legal approval."
source:learn:dhammapada-reflections:the-mind-leads-all-things,https://echobuddha.com/learn/dhammapada-reflections/the-mind-leads-all-things/,Buddhist educational or reflective explanation,Visible page source links,See linked source,Thanissaro Bhikkhu or Access to Insight page translator where indicated,www.accesstoinsight.org,Primary or reputable reference link visible on page,Buddhist textual or doctrinal context,See visible page source note or external review queue,https://www.accesstoinsight.org/tipitaka/kn/dhp/dhp.01.budd.html,Do not reproduce long modern translations without owner/legal review.,2026-07-21,repository-reviewed-source-link-present,"Repository review does not claim Buddhist studies, clinical, or legal approval."
source:learn:eightfold-path,https://echobuddha.com/learn/eightfold-path/,Buddhist educational or reflective explanation,Visible page source links,See linked source,Thanissaro Bhikkhu or Access to Insight page translator where indicated,www.accesstoinsight.org; www.accesstoinsight.org,Primary or reputable reference link visible on page,Buddhist textual or doctrinal context,See visible page source note or external review queue,https://www.accesstoinsight.org/tipitaka/sn/sn45/sn45.008.than.html; https://www.accesstoinsight.org/ptf/dhamma/sacca/sacca4/samma-ajivo/index.html,Do not reproduce long modern translations without owner/legal review.,2026-07-21,repository-reviewed-source-link-present,"Repository review does not claim Buddhist studies, clinical, or legal approval."
source:learn:four-noble-truths,https://echobuddha.com/learn/four-noble-truths/,Buddhist educational or reflective explanation,Visible page source links,See linked source,Thanissaro Bhikkhu or Access to Insight page translator where indicated,www.accesstoinsight.org; www.accesstoinsight.org,Primary or reputable reference link visible on page,Buddhist textual or doctrinal context,See visible page source note or external review queue,https://www.accesstoinsight.org/tipitaka/sn/sn56/sn56.011.than.html; https://www.accesstoinsight.org/tipitaka/sn/sn45/sn45.008.than.html,Do not reproduce long modern translations without owner/legal review.,2026-07-21,repository-reviewed-source-link-present,"Repository review does not claim Buddhist studies, clinical, or legal approval."
source:learn:sutta-for-daily-life,https://echobuddha.com/learn/sutta-for-daily-life/,Buddhist educational or reflective explanation,Visible page source links,See linked source,Thanissaro Bhikkhu or Access to Insight page translator where indicated,www.accesstoinsight.org; www.accesstoinsight.org,Primary or reputable reference link visible on page,Buddhist textual or doctrinal context,See visible page source note or external review queue,https://www.accesstoinsight.org/tipitaka/kn/snp/snp.1.08.than.html; https://www.accesstoinsight.org/tipitaka/an/an03/an03.065.than.html,Do not reproduce long modern translations without owner/legal review.,2026-07-21,repository-reviewed-source-link-present,"Repository review does not claim Buddhist studies, clinical, or legal approval."
source:learn:sutta-for-daily-life:buddhas-teaching-on-patience,https://echobuddha.com/learn/sutta-for-daily-life/buddhas-teaching-on-patience/,Buddhist educational or reflective explanation,Visible page source links,See linked source,Thanissaro Bhikkhu or Access to Insight page translator where indicated,www.accesstoinsight.org,Primary or reputable reference link visible on page,Buddhist textual or doctrinal context,See visible page source note or external review queue,https://www.accesstoinsight.org/tipitaka/kn/dhp/dhp.14.budd.html,Do not reproduce long modern translations without owner/legal review.,2026-07-21,repository-reviewed-source-link-present,"Repository review does not claim Buddhist studies, clinical, or legal approval."
source:learn:sutta-for-daily-life:dhammacakkappavattana-sutta-four-noble-truths,https://echobuddha.com/learn/sutta-for-daily-life/dhammacakkappavattana-sutta-four-noble-truths/,Buddhist educational or reflective explanation,Visible page source links,See linked source,Thanissaro Bhikkhu or Access to Insight page translator where indicated,www.accesstoinsight.org,Primary or reputable reference link visible on page,Buddhist textual or doctrinal context,See visible page source note or external review queue,https://www.accesstoinsight.org/tipitaka/sn/sn56/sn56.011.than.html,Do not reproduce long modern translations without owner/legal review.,2026-07-21,repository-reviewed-source-link-present,"Repository review does not claim Buddhist studies, clinical, or legal approval."
source:learn:sutta-for-daily-life:kalama-sutta-and-wise-thinking,https://echobuddha.com/learn/sutta-for-daily-life/kalama-sutta-and-wise-thinking/,Buddhist educational or reflective explanation,Visible page source links,See linked source,Thanissaro Bhikkhu or Access to Insight page translator where indicated,www.accesstoinsight.org,Primary or reputable reference link visible on page,Buddhist textual or doctrinal context,See visible page source note or external review queue,https://www.accesstoinsight.org/tipitaka/an/an03/an03.065.than.html,Do not reproduce long modern translations without owner/legal review.,2026-07-21,repository-reviewed-source-link-present,"Repository review does not claim Buddhist studies, clinical, or legal approval."
source:learn:sutta-for-daily-life:magga-vibhanga-sutta-eightfold-path,https://echobuddha.com/learn/sutta-for-daily-life/magga-vibhanga-sutta-eightfold-path/,Buddhist educational or reflective explanation,Visible page source links,See linked source,Thanissaro Bhikkhu or Access to Insight page translator where indicated,www.accesstoinsight.org,Primary or reputable reference link visible on page,Buddhist textual or doctrinal context,See visible page source note or external review queue,https://www.accesstoinsight.org/tipitaka/sn/sn45/sn45.008.than.html,Do not reproduce long modern translations without owner/legal review.,2026-07-21,repository-reviewed-source-link-present,"Repository review does not claim Buddhist studies, clinical, or legal approval."
source:learn:sutta-for-daily-life:metta-sutta-explained-for-daily-life,https://echobuddha.com/learn/sutta-for-daily-life/metta-sutta-explained-for-daily-life/,Buddhist educational or reflective explanation,Visible page source links,See linked source,Thanissaro Bhikkhu or Access to Insight page translator where indicated,www.accesstoinsight.org,Primary or reputable reference link visible on page,Buddhist textual or doctrinal context,See visible page source note or external review queue,https://www.accesstoinsight.org/tipitaka/kn/snp/snp.1.08.than.html,Do not reproduce long modern translations without owner/legal review.,2026-07-21,repository-reviewed-source-link-present,"Repository review does not claim Buddhist studies, clinical, or legal approval."
source:learn:sutta-for-daily-life:mindfulness-of-breathing-explained-simply,https://echobuddha.com/learn/sutta-for-daily-life/mindfulness-of-breathing-explained-simply/,Buddhist educational or reflective explanation,Visible page source links,See linked source,Thanissaro Bhikkhu or Access to Insight page translator where indicated,www.accesstoinsight.org,Primary or reputable reference link visible on page,Buddhist textual or doctrinal context,See visible page source note or external review queue,https://www.accesstoinsight.org/tipitaka/mn/mn.118.than.html,Do not reproduce long modern translations without owner/legal review.,2026-07-21,repository-reviewed-source-link-present,"Repository review does not claim Buddhist studies, clinical, or legal approval."
source:learn:sutta-for-daily-life:right-speech-in-daily-life,https://echobuddha.com/learn/sutta-for-daily-life/right-speech-in-daily-life/,Buddhist educational or reflective explanation,Visible page source links,See linked source,Thanissaro Bhikkhu or Access to Insight page translator where indicated,www.accesstoinsight.org,Primary or reputable reference link visible on page,Buddhist textual or doctrinal context,See visible page source note or external review queue,https://www.accesstoinsight.org/ptf/dhamma/sacca/sacca4/samma-vaca/index.html,Do not reproduce long modern translations without owner/legal review.,2026-07-21,repository-reviewed-source-link-present,"Repository review does not claim Buddhist studies, clinical, or legal approval."
source:meditation-guide,https://echobuddha.com/meditation-guide/,Buddhist educational or reflective explanation,Visible page source links,See linked source,Thanissaro Bhikkhu or Access to Insight page translator where indicated,www.accesstoinsight.org; www.accesstoinsight.org; www.accesstoinsight.org,Primary or reputable reference link visible on page,Buddhist textual or doctrinal context,See visible page source note or external review queue,https://www.accesstoinsight.org/tipitaka/mn/mn.118.than.html; https://www.accesstoinsight.org/tipitaka/dn/dn.22.0.than.html; https://www.accesstoinsight.org/tipitaka/kn/snp/snp.1.08.than.html,Do not reproduce long modern translations without owner/legal review.,2026-07-21,repository-reviewed-source-link-present,"Repository review does not claim Buddhist studies, clinical, or legal approval."
source:meditation,https://echobuddha.com/meditation/,Buddhist educational or reflective explanation,Visible page source links,See linked source,Thanissaro Bhikkhu or Access to Insight page translator where indicated,www.accesstoinsight.org; www.accesstoinsight.org,Primary or reputable reference link visible on page,Buddhist textual or doctrinal context,See visible page source note or external review queue,https://www.accesstoinsight.org/tipitaka/mn/mn.118.than.html; https://www.accesstoinsight.org/tipitaka/dn/dn.22.0.than.html,Do not reproduce long modern translations without owner/legal review.,2026-07-21,repository-reviewed-source-link-present,"Repository review does not claim Buddhist studies, clinical, or legal approval."
source:meditation:10-minute-meditation-practice,https://echobuddha.com/meditation/10-minute-meditation-practice/,Meditation practice and safety context,Visible page source links,See linked source,Thanissaro Bhikkhu or Access to Insight page translator where indicated,www.accesstoinsight.org,Primary or reputable reference link visible on page,Buddhist textual or doctrinal context,See visible page source note or external review queue,https://www.accesstoinsight.org/tipitaka/mn/mn.118.than.html,Do not reproduce long modern translations without owner/legal review.,2026-07-21,repository-reviewed-source-link-present,"Repository review does not claim Buddhist studies, clinical, or legal approval."
source:meditation:5-minute-meditation-practice,https://echobuddha.com/meditation/5-minute-meditation-practice/,Meditation practice and safety context,Visible page source links,See linked source,Thanissaro Bhikkhu or Access to Insight page translator where indicated,www.accesstoinsight.org,Primary or reputable reference link visible on page,Buddhist textual or doctrinal context,See visible page source note or external review queue,https://www.accesstoinsight.org/tipitaka/mn/mn.118.than.html,Do not reproduce long modern translations without owner/legal review.,2026-07-21,repository-reviewed-source-link-present,"Repository review does not claim Buddhist studies, clinical, or legal approval."
source:meditation:breathing-meditation,https://echobuddha.com/meditation/breathing-meditation/,Meditation practice and safety context,Visible page source links,See linked source,Thanissaro Bhikkhu or Access to Insight page translator where indicated,www.accesstoinsight.org,Primary or reputable reference link visible on page,Buddhist textual or doctrinal context,See visible page source note or external review queue,https://www.accesstoinsight.org/tipitaka/mn/mn.118.than.html,Do not reproduce long modern translations without owner/legal review.,2026-07-21,repository-reviewed-source-link-present,"Repository review does not claim Buddhist studies, clinical, or legal approval."
source:meditation:loving-kindness-meditation,https://echobuddha.com/meditation/loving-kindness-meditation/,Meditation practice and safety context,Visible page source links,See linked source,Thanissaro Bhikkhu or Access to Insight page translator where indicated,www.accesstoinsight.org,Primary or reputable reference link visible on page,Buddhist textual or doctrinal context,See visible page source note or external review queue,https://www.accesstoinsight.org/tipitaka/kn/snp/snp.1.08.than.html,Do not reproduce long modern translations without owner/legal review.,2026-07-21,repository-reviewed-source-link-present,"Repository review does not claim Buddhist studies, clinical, or legal approval."
source:meditation:meditation-for-beginners,https://echobuddha.com/meditation/meditation-for-beginners/,Meditation practice and safety context,Visible page source links,See linked source,Thanissaro Bhikkhu or Access to Insight page translator where indicated,www.accesstoinsight.org,Primary or reputable reference link visible on page,Buddhist textual or doctrinal context,See visible page source note or external review queue,https://www.accesstoinsight.org/tipitaka/mn/mn.118.than.html,Do not reproduce long modern translations without owner/legal review.,2026-07-21,repository-reviewed-source-link-present,"Repository review does not claim Buddhist studies, clinical, or legal approval."
source:meditation:meditation-posture-for-beginners,https://echobuddha.com/meditation/meditation-posture-for-beginners/,Meditation practice and safety context,Visible page source links,See linked source,Thanissaro Bhikkhu or Access to Insight page translator where indicated,www.accesstoinsight.org,Primary or reputable reference link visible on page,Buddhist textual or doctrinal context,See visible page source note or external review queue,https://www.accesstoinsight.org/tipitaka/dn/dn.22.0.than.html,Do not reproduce long modern translations without owner/legal review.,2026-07-21,repository-reviewed-source-link-present,"Repository review does not claim Buddhist studies, clinical, or legal approval."
source:meditation:mindfulness-in-daily-life,https://echobuddha.com/meditation/mindfulness-in-daily-life/,Meditation practice and safety context,Visible page source links,See linked source,Thanissaro Bhikkhu or Access to Insight page translator where indicated,www.accesstoinsight.org,Primary or reputable reference link visible on page,Buddhist textual or doctrinal context,See visible page source note or external review queue,https://www.accesstoinsight.org/tipitaka/dn/dn.22.0.than.html,Do not reproduce long modern translations without owner/legal review.,2026-07-21,repository-reviewed-source-link-present,"Repository review does not claim Buddhist studies, clinical, or legal approval."
source:meditation:walking-meditation,https://echobuddha.com/meditation/walking-meditation/,Meditation practice and safety context,Visible page source links,See linked source,Thanissaro Bhikkhu or Access to Insight page translator where indicated,www.accesstoinsight.org,Primary or reputable reference link visible on page,Buddhist textual or doctrinal context,See visible page source note or external review queue,https://www.accesstoinsight.org/tipitaka/dn/dn.22.0.than.html,Do not reproduce long modern translations without owner/legal review.,2026-07-21,repository-reviewed-source-link-present,"Repository review does not claim Buddhist studies, clinical, or legal approval."
source:meditation:when-meditation-feels-hard,https://echobuddha.com/meditation/when-meditation-feels-hard/,Meditation practice and safety context,Visible page source links,See linked source,Thanissaro Bhikkhu or Access to Insight page translator where indicated,www.accesstoinsight.org,Primary or reputable reference link visible on page,Buddhist textual or doctrinal context,See visible page source note or external review queue,https://www.accesstoinsight.org/tipitaka/mn/mn.118.than.html,Do not reproduce long modern translations without owner/legal review.,2026-07-21,repository-reviewed-source-link-present,"Repository review does not claim Buddhist studies, clinical, or legal approval."
source:privacy-policy,https://echobuddha.com/privacy-policy/,Buddhist educational or reflective explanation,Visible page source links,See linked source,Not applicable or pending,adssettings.google.com,Primary or reputable reference link visible on page,Buddhist textual or doctrinal context,See visible page source note or external review queue,https://adssettings.google.com/,Do not reproduce long modern translations without owner/legal review.,2026-07-21,repository-reviewed-source-link-present,"Repository review does not claim Buddhist studies, clinical, or legal approval."
