URL,Current title,Current H1,Page role,Audience,Primary intent,Primary owner,Why this page exists,This page does not own,Sections to preserve,Sections to strengthen,Sections to remove,Sections to merge,New information required,New sources required,New examples required,Misconceptions to address,Practice improvements,Safety requirements,Next-step links,Metadata change needed?,Expected final role,Editor notes
https://echobuddha.com/learn/buddhism-for-beginners/,Buddhism for Beginners - Simple Buddhist Teachings | Echo Buddha,Buddhism for Beginners,PRIMARY_PILLAR,BEGINNER,beginner informational,https://echobuddha.com/learn/buddhism-for-beginners/,This page exists as Echo Buddha's protected owner for Beginner Buddhism: The strongest structured entry into basic Buddhist teaching and practice.,"This page does not own narrower source, practice, scenario, quote, or recurring-user intents that have dedicated pages.","Accurate definitions, useful examples, existing safety boundaries, stable URL/title/H1, and best next-step links.","Strengthen the main beginner study map with doctrine/practice boundaries, a decision path, and clearer tradition/source limits.",Only demonstrably generic filler or repeated explanation; preserve substantive claims.,Merge repeated introductory context into a concise role statement where needed.,"Strengthen the main beginner study map with doctrine/practice boundaries, a decision path, and clearer tradition/source limits.",Authoritative canonical/source support for claim groups and interpretation boundaries.,Only where it materially clarifies the assigned page role.,Only the page-specific misconception named in the remediation problem.,Use one concept-derived observation or decision practice; do not append generic pause/breathe advice.,"Avoid medical, universal-tradition, identity, credential, or certainty claims.",Support → https://echobuddha.com/learn/buddhism-for-beginners/; owner → no more than three genuinely distinct support/source/practice routes.,No by default; only if the edited role is currently misrepresented.,PRIMARY_PILLAR,MATERIAL_REMEDIATION; source file src/pages/learn/buddhism-for-beginners.astro; pre-edit rendered words 610. Phase 3 index policy must remain unchanged.
https://echobuddha.com/learn/four-noble-truths/,Four Noble Truths Explained for Beginners | Echo Buddha,The Four Noble Truths Explained for Beginners,PRIMARY_PILLAR,BEGINNER,foundational informational,https://echobuddha.com/learn/four-noble-truths/,This page exists as Echo Buddha's protected owner for Four Noble Truths: The dedicated Learn page provides the clearest broad doctrinal route and parent for source and application pages.,"This page does not own narrower source, practice, scenario, quote, or recurring-user intents that have dedicated pages.","Accurate definitions, useful examples, existing safety boundaries, stable URL/title/H1, and best next-step links.","Turn the thin card hub into the clear primary owner: define each truth, distinguish pain from added reactivity, explain the four tasks, and add a worked case.",Only demonstrably generic filler or repeated explanation; preserve substantive claims.,Merge repeated introductory context into a concise role statement where needed.,"Turn the thin card hub into the clear primary owner: define each truth, distinguish pain from added reactivity, explain the four tasks, and add a worked case.",Authoritative canonical/source support for claim groups and interpretation boundaries.,Only where it materially clarifies the assigned page role.,Only the page-specific misconception named in the remediation problem.,Use one concept-derived observation or decision practice; do not append generic pause/breathe advice.,"Avoid medical, universal-tradition, identity, credential, or certainty claims.",Support → https://echobuddha.com/learn/four-noble-truths/; owner → no more than three genuinely distinct support/source/practice routes.,No by default; only if the edited role is currently misrepresented.,PRIMARY_PILLAR,MATERIAL_REMEDIATION; source file src/pages/learn/four-noble-truths.astro; pre-edit rendered words 439. Phase 3 index policy must remain unchanged.
https://echobuddha.com/learn/eightfold-path/,Noble Eightfold Path for Daily Life | Echo Buddha,The Noble Eightfold Path for Daily Life,PRIMARY_PILLAR,BEGINNER,foundational informational,https://echobuddha.com/learn/eightfold-path/,"This page exists as Echo Buddha's protected owner for Noble Eightfold Path: The dedicated Learn page owns the whole-path framework and can route readers to factors, sources, and practice.","This page does not own narrower source, practice, scenario, quote, or recurring-user intents that have dedicated pages.","Accurate definitions, useful examples, existing safety boundaries, stable URL/title/H1, and best next-step links.","Strengthen the primary path owner with threefold training, mutually supporting factors, a worked scenario, and careful meaning of right.",Only demonstrably generic filler or repeated explanation; preserve substantive claims.,Merge repeated introductory context into a concise role statement where needed.,"Strengthen the primary path owner with threefold training, mutually supporting factors, a worked scenario, and careful meaning of right.",Authoritative canonical/source support for claim groups and interpretation boundaries.,Only where it materially clarifies the assigned page role.,Only the page-specific misconception named in the remediation problem.,Use one concept-derived observation or decision practice; do not append generic pause/breathe advice.,"Avoid medical, universal-tradition, identity, credential, or certainty claims.",Support → https://echobuddha.com/learn/eightfold-path/; owner → no more than three genuinely distinct support/source/practice routes.,No by default; only if the edited role is currently misrepresented.,PRIMARY_PILLAR,MATERIAL_REMEDIATION; source file src/pages/learn/eightfold-path.astro; pre-edit rendered words 510. Phase 3 index policy must remain unchanged.
https://echobuddha.com/learn/buddhism-101/what-is-buddhism/,What Is Buddhism? A Clear Beginner&#39;s Guide | Echo Buddha,What Is Buddhism?,BEGINNER_FOUNDATION,BEGINNER,beginner informational,https://echobuddha.com/learn/buddhism-for-beginners/,"This page exists to serve beginner informational within Beginner Buddhism through a narrower explanation, misconception, or example set specific to “What Is Buddhism? A Clear Beginner's Guide”.",This page does not own the broad Beginner Buddhism explanation; that belongs to /learn/buddhism-for-beginners/.,"Accurate definitions, useful examples, existing safety boundaries, stable URL/title/H1, and best next-step links.",Clarify Buddhism as a diverse living tradition and practice path without flattening schools or presenting generic wellness.,Only demonstrably generic filler or repeated explanation; preserve substantive claims.,Merge repeated introductory context into a concise role statement where needed.,Clarify Buddhism as a diverse living tradition and practice path without flattening schools or presenting generic wellness.,Authoritative canonical/source support for claim groups and interpretation boundaries.,Only where it materially clarifies the assigned page role.,Only the page-specific misconception named in the remediation problem.,Use one concept-derived observation or decision practice; do not append generic pause/breathe advice.,"Avoid medical, universal-tradition, identity, credential, or certainty claims.",Support → https://echobuddha.com/learn/buddhism-for-beginners/; owner → no more than three genuinely distinct support/source/practice routes.,No by default; only if the edited role is currently misrepresented.,BEGINNER_FOUNDATION,MATERIAL_REMEDIATION; source file src/data/learn.ts; pre-edit rendered words 621. Phase 3 index policy must remain unchanged.
https://echobuddha.com/learn/buddhism-101/what-is-karma-in-buddhism/,What Is Karma in Buddhism? A Beginner&#39;s Guide | Echo Buddha,What Is Karma in Buddhism?,PRIMARY_PILLAR,BEGINNER,foundational informational,https://echobuddha.com/learn/buddhism-101/what-is-karma-in-buddhism/,This page exists as Echo Buddha's protected owner for Karma: The lesson owns the broad Buddhist meaning; the article applies intention and consequence to daily choices.,"This page does not own narrower source, practice, scenario, quote, or recurring-user intents that have dedicated pages.","Accurate definitions, useful examples, existing safety boundaries, stable URL/title/H1, and best next-step links.","Ground karma in intentional action, distinguish it from fate/blame, and clarify what cannot be inferred about another person's suffering.",Only demonstrably generic filler or repeated explanation; preserve substantive claims.,Merge repeated introductory context into a concise role statement where needed.,"Ground karma in intentional action, distinguish it from fate/blame, and clarify what cannot be inferred about another person's suffering.",Authoritative canonical/source support for claim groups and interpretation boundaries.,Only where it materially clarifies the assigned page role.,"Karma is not fate, cosmic punishment, or permission to blame suffering.",Use one concept-derived observation or decision practice; do not append generic pause/breathe advice.,"Avoid medical, universal-tradition, identity, credential, or certainty claims.",Support → https://echobuddha.com/learn/buddhism-101/what-is-karma-in-buddhism/; owner → no more than three genuinely distinct support/source/practice routes.,No by default; only if the edited role is currently misrepresented.,PRIMARY_PILLAR,MATERIAL_REMEDIATION; source file src/data/learn.ts; pre-edit rendered words 556. Phase 3 index policy must remain unchanged.
https://echobuddha.com/learn/buddhism-101/what-is-impermanence/,What Is Impermanence? | Echo Buddha,What Is Impermanence?,PRIMARY_PILLAR,BEGINNER,foundational informational,https://echobuddha.com/learn/buddhism-101/what-is-impermanence/,This page exists as Echo Buddha's protected owner for Impermanence: The lesson is the clearest broad beginner owner; anicca definitions and change applications remain subordinate.,"This page does not own narrower source, practice, scenario, quote, or recurring-user intents that have dedicated pages.","Accurate definitions, useful examples, existing safety boundaries, stable URL/title/H1, and best next-step links.",Explain anicca as insight into conditioned experience rather than a slogan that all loss is easy to accept.,Only demonstrably generic filler or repeated explanation; preserve substantive claims.,Merge repeated introductory context into a concise role statement where needed.,Explain anicca as insight into conditioned experience rather than a slogan that all loss is easy to accept.,Authoritative canonical/source support for claim groups and interpretation boundaries.,Only where it materially clarifies the assigned page role.,Only the page-specific misconception named in the remediation problem.,Use one concept-derived observation or decision practice; do not append generic pause/breathe advice.,"Avoid medical, universal-tradition, identity, credential, or certainty claims.",Support → https://echobuddha.com/learn/buddhism-101/what-is-impermanence/; owner → no more than three genuinely distinct support/source/practice routes.,No by default; only if the edited role is currently misrepresented.,PRIMARY_PILLAR,MATERIAL_REMEDIATION; source file src/data/learn.ts; pre-edit rendered words 564. Phase 3 index policy must remain unchanged.
https://echobuddha.com/learn/buddhism-101/five-precepts-buddhism/,The Five Precepts in Buddhism: A Beginner&#39;s Guide to Ethical Living | Echo Buddha,The Five Precepts in Buddhism,PRIMARY_PILLAR,BEGINNER,foundational informational,https://echobuddha.com/learn/buddhism-101/five-precepts-buddhism/,This page exists as Echo Buddha's protected owner for Five Precepts: The lesson owns the ethical framework; practical articles show application without redefining it.,"This page does not own narrower source, practice, scenario, quote, or recurring-user intents that have dedicated pages.","Accurate definitions, useful examples, existing safety boundaries, stable URL/title/H1, and best next-step links.","Protect an already substantial ethics page; verify its voluntary-training, consent, intoxicant, repair, and non-shame framing.",None before review.,Merge repeated introductory context into a concise role statement where needed.,"Protect an already substantial ethics page; verify its voluntary-training, consent, intoxicant, repair, and non-shame framing.",Authoritative canonical/source support for claim groups and interpretation boundaries.,Only where it materially clarifies the assigned page role.,Only the page-specific misconception named in the remediation problem.,Use one concept-derived observation or decision practice; do not append generic pause/breathe advice.,"Avoid medical, universal-tradition, identity, credential, or certainty claims.",Support → https://echobuddha.com/learn/buddhism-101/five-precepts-buddhism/; owner → no more than three genuinely distinct support/source/practice routes.,No by default; only if the edited role is currently misrepresented.,PRIMARY_PILLAR,NO_CHANGE_REVIEW; source file src/data/learn.ts; pre-edit rendered words 1582. Phase 3 index policy must remain unchanged.
https://echobuddha.com/articles/three-poisons-buddhism-explained/,"Three Poisons in Buddhism: Greed, Aversion, and Delusion | Echo Buddha","The Three Poisons in Buddhism: Greed, Hatred, and Delusion Explained",PRIMARY_PILLAR,BEGINNER,foundational informational,https://echobuddha.com/articles/three-poisons-buddhism-explained/,"This page exists as Echo Buddha's protected owner for Three Poisons: It is the only substantial broad explainer of greed, aversion, and delusion.","This page does not own narrower source, practice, scenario, quote, or recurring-user intents that have dedicated pages.","Accurate definitions, useful examples, existing safety boundaries, stable URL/title/H1, and best next-step links.","Protect a distinct broad explainer if its roots, examples, and next steps already satisfy the role.",None before review.,Merge repeated introductory context into a concise role statement where needed.,"Protect a distinct broad explainer if its roots, examples, and next steps already satisfy the role.",Authoritative canonical/source support for claim groups and interpretation boundaries.,Only where it materially clarifies the assigned page role.,Only the page-specific misconception named in the remediation problem.,Use one concept-derived observation or decision practice; do not append generic pause/breathe advice.,"Avoid medical, universal-tradition, identity, credential, or certainty claims.",Support → https://echobuddha.com/articles/three-poisons-buddhism-explained/; owner → no more than three genuinely distinct support/source/practice routes.,No by default; only if the edited role is currently misrepresented.,PRIMARY_PILLAR,NO_CHANGE_REVIEW; source file src/data/site.ts; pre-edit rendered words 2302. Phase 3 index policy must remain unchanged.
https://echobuddha.com/articles/what-is-sangha-buddhist-community/,What Is Sangha? Buddhist Community for Beginners | Echo Buddha,What Is Sangha? Why Buddhist Community Matters for Beginners,PRIMARY_PILLAR,BEGINNER,foundational informational,https://echobuddha.com/articles/what-is-sangha-buddhist-community/,This page exists as Echo Buddha's protected owner for Sangha: It provides the fuller community explanation; the dictionary and temple guide have narrower roles.,"This page does not own narrower source, practice, scenario, quote, or recurring-user intents that have dedicated pages.","Accurate definitions, useful examples, existing safety boundaries, stable URL/title/H1, and best next-step links.",Protect the broad community owner if it already distinguishes monastic and wider community usage carefully.,None before review.,Merge repeated introductory context into a concise role statement where needed.,Protect the broad community owner if it already distinguishes monastic and wider community usage carefully.,"Only if a factual, safety, linguistic, or historical claim needs support.",Only where it materially clarifies the assigned page role.,Only the page-specific misconception named in the remediation problem.,Use one concept-derived observation or decision practice; do not append generic pause/breathe advice.,"Avoid medical, universal-tradition, identity, credential, or certainty claims.",Support → https://echobuddha.com/articles/what-is-sangha-buddhist-community/; owner → no more than three genuinely distinct support/source/practice routes.,No by default; only if the edited role is currently misrepresented.,PRIMARY_PILLAR,NO_CHANGE_REVIEW; source file src/data/site.ts; pre-edit rendered words 2189. Phase 3 index policy must remain unchanged.
https://echobuddha.com/learn/buddhist-dictionary/metta/,Metta Meaning: Loving-Kindness in Buddhism | Echo Buddha,Metta,PRIMARY_PILLAR,BEGINNER,definitional,https://echobuddha.com/learn/buddhist-dictionary/metta/,This page exists as Echo Buddha's protected owner for Loving-Kindness / Metta: The term page should own metta meaning while meditation pages own practices and scripts.,"This page does not own narrower source, practice, scenario, quote, or recurring-user intents that have dedicated pages.","Accurate definitions, useful examples, existing safety boundaries, stable URL/title/H1, and best next-step links.","Strengthen the primary metta meaning owner: Pali context, goodwill rather than sentiment, related terms, ethical boundary, and route to practice.",Only demonstrably generic filler or repeated explanation; preserve substantive claims.,Merge repeated introductory context into a concise role statement where needed.,"Strengthen the primary metta meaning owner: Pali context, goodwill rather than sentiment, related terms, ethical boundary, and route to practice.",Authoritative canonical/source support for claim groups and interpretation boundaries.,Only where it materially clarifies the assigned page role.,"Metta is cultivated goodwill, not compulsory affection or unsafe access.",Use one concept-derived observation or decision practice; do not append generic pause/breathe advice.,"Avoid medical, universal-tradition, identity, credential, or certainty claims.",Support → https://echobuddha.com/learn/buddhist-dictionary/metta/; owner → no more than three genuinely distinct support/source/practice routes.,No by default; only if the edited role is currently misrepresented.,PRIMARY_PILLAR,MATERIAL_REMEDIATION; source file src/data/learn.ts; pre-edit rendered words 507. Phase 3 index policy must remain unchanged.
https://echobuddha.com/articles/buddhism-for-beginners-simple-guide/,Buddhism for Beginners: A Simple Guide | Echo Buddha,Buddhism for Beginners: A Simple Guide to the Path,BEGINNER_FOUNDATION,BEGINNER,beginner informational,https://echobuddha.com/learn/buddhism-for-beginners/,"This page exists to serve beginner informational within Beginner Buddhism through a narrower explanation, misconception, or example set specific to “Buddhism for Beginners: A Simple Guide”.",This page does not own the broad Beginner Buddhism explanation; that belongs to /learn/buddhism-for-beginners/.,All unique passages until a line-by-line merge is owner-approved.,Inventory unique beginner material against the strengthened beginner hub; do not redirect before owner approval and content-preservation confirmation.,None before review.,Candidate content merge into https://echobuddha.com/learn/buddhism-for-beginners/; no redirect in Phase 4 without approval.,Inventory unique beginner material against the strengthened beginner hub; do not redirect before owner approval and content-preservation confirmation.,Authoritative canonical/source support for claim groups and interpretation boundaries.,Only where it materially clarifies the assigned page role.,Only the page-specific misconception named in the remediation problem.,Use one concept-derived observation or decision practice; do not append generic pause/breathe advice.,"Avoid medical, universal-tradition, identity, credential, or certainty claims.",Support → https://echobuddha.com/learn/buddhism-for-beginners/; owner → no more than three genuinely distinct support/source/practice routes.,No by default; only if the edited role is currently misrepresented.,BEGINNER_FOUNDATION,DEFERRED_MERGE_REVIEW; source file src/data/site.ts; pre-edit rendered words 1824. Phase 3 index policy must remain unchanged.
https://echobuddha.com/articles/eightfold-path-explained-daily-life/,Eightfold Path in Daily Life | Echo Buddha,The Noble Eightfold Path Explained for Daily Life,PRACTICAL_APPLICATION,PRACTITIONER,practical how to,https://echobuddha.com/learn/eightfold-path/,This page exists to serve practical how to within Noble Eightfold Path through daily-life examples or a repeatable application tied specifically to “Eightfold Path in Daily Life”.,This page does not own the broad Noble Eightfold Path explanation; that belongs to /learn/eightfold-path/.,All unique passages until a line-by-line merge is owner-approved.,Inventory daily-life examples against the strengthened Eightfold Path owner.,None before review.,Candidate content merge into https://echobuddha.com/learn/eightfold-path/; no redirect in Phase 4 without approval.,Inventory daily-life examples against the strengthened Eightfold Path owner.,Authoritative canonical/source support for claim groups and interpretation boundaries.,Only where it materially clarifies the assigned page role.,Only the page-specific misconception named in the remediation problem.,Use one concept-derived observation or decision practice; do not append generic pause/breathe advice.,"Avoid medical, universal-tradition, identity, credential, or certainty claims.",Support → https://echobuddha.com/learn/eightfold-path/; owner → no more than three genuinely distinct support/source/practice routes.,No by default; only if the edited role is currently misrepresented.,PRACTICAL_APPLICATION,DEFERRED_MERGE_REVIEW; source file src/data/site.ts; pre-edit rendered words 1803. Phase 3 index policy must remain unchanged.
https://echobuddha.com/articles/four-noble-truths-explained-simply/,Four Noble Truths Explained Simply for Beginners | Echo Buddha,The Four Noble Truths Explained Simply,BEGINNER_FOUNDATION,BEGINNER,beginner informational,https://echobuddha.com/learn/four-noble-truths/,"This page exists to serve beginner informational within Four Noble Truths through a narrower explanation, misconception, or example set specific to “Four Noble Truths Explained Simply for Beginners”.",This page does not own the broad Four Noble Truths explanation; that belongs to /learn/four-noble-truths/.,All unique passages until a line-by-line merge is owner-approved.,Inventory the simplified diagnostic framing against the strengthened Four Noble Truths owner.,None before review.,Candidate content merge into https://echobuddha.com/learn/four-noble-truths/; no redirect in Phase 4 without approval.,Inventory the simplified diagnostic framing against the strengthened Four Noble Truths owner.,Authoritative canonical/source support for claim groups and interpretation boundaries.,Only where it materially clarifies the assigned page role.,Only the page-specific misconception named in the remediation problem.,Use one concept-derived observation or decision practice; do not append generic pause/breathe advice.,"Avoid medical, universal-tradition, identity, credential, or certainty claims.",Support → https://echobuddha.com/learn/four-noble-truths/; owner → no more than three genuinely distinct support/source/practice routes.,No by default; only if the edited role is currently misrepresented.,BEGINNER_FOUNDATION,DEFERRED_MERGE_REVIEW; source file src/data/site.ts; pre-edit rendered words 1698. Phase 3 index policy must remain unchanged.
https://echobuddha.com/articles/impermanence-in-buddhism-letting-go/,Impermanence in Buddhism and How to Let Go Gently | Echo Buddha,Impermanence in Buddhism: Learning to Let Go Gently,PRACTICAL_APPLICATION,PRACTITIONER,practical how to,https://echobuddha.com/learn/buddhism-101/what-is-impermanence/,This page exists to serve practical how to within Impermanence through daily-life examples or a repeatable application tied specifically to “Impermanence in Buddhism and How to Let Go Gently”.,This page does not own the broad Impermanence explanation; that belongs to /learn/buddhism-101/what-is-impermanence/.,All unique passages until a line-by-line merge is owner-approved.,Inventory letting-go applications against the strengthened impermanence lesson.,None before review.,Candidate content merge into https://echobuddha.com/learn/buddhism-101/what-is-impermanence/; no redirect in Phase 4 without approval.,Inventory letting-go applications against the strengthened impermanence lesson.,Authoritative canonical/source support for claim groups and interpretation boundaries.,Only where it materially clarifies the assigned page role.,Only the page-specific misconception named in the remediation problem.,Use one concept-derived observation or decision practice; do not append generic pause/breathe advice.,"Avoid medical, universal-tradition, identity, credential, or certainty claims.",Support → https://echobuddha.com/learn/buddhism-101/what-is-impermanence/; owner → no more than three genuinely distinct support/source/practice routes.,No by default; only if the edited role is currently misrepresented.,PRACTICAL_APPLICATION,DEFERRED_MERGE_REVIEW; source file src/data/site.ts; pre-edit rendered words 1662. Phase 3 index policy must remain unchanged.
https://echobuddha.com/articles/impermanence-in-buddhism/,Impermanence in Buddhism: Accepting Change Peacefully | Echo Buddha,Impermanence in Buddhism: Learning to Accept Change Peacefully,SUPPORTING_EXPLANATION,BEGINNER,foundational informational,https://echobuddha.com/learn/buddhism-101/what-is-impermanence/,"This page exists to serve foundational informational within Impermanence through a narrower explanation, misconception, or example set specific to “Impermanence in Buddhism: Accepting Change Peacefully”.",This page does not own the broad Impermanence explanation; that belongs to /learn/buddhism-101/what-is-impermanence/.,All unique passages until a line-by-line merge is owner-approved.,Inventory broad impermanence explanations against the strengthened primary lesson.,None before review.,Candidate content merge into https://echobuddha.com/learn/buddhism-101/what-is-impermanence/; no redirect in Phase 4 without approval.,Inventory broad impermanence explanations against the strengthened primary lesson.,Authoritative canonical/source support for claim groups and interpretation boundaries.,Only where it materially clarifies the assigned page role.,Only the page-specific misconception named in the remediation problem.,Use one concept-derived observation or decision practice; do not append generic pause/breathe advice.,"Avoid medical, universal-tradition, identity, credential, or certainty claims.",Support → https://echobuddha.com/learn/buddhism-101/what-is-impermanence/; owner → no more than three genuinely distinct support/source/practice routes.,No by default; only if the edited role is currently misrepresented.,SUPPORTING_EXPLANATION,DEFERRED_MERGE_REVIEW; source file src/data/site.ts; pre-edit rendered words 1857. Phase 3 index policy must remain unchanged.
https://echobuddha.com/articles/loving-kindness-meditation-beginners/,Loving-Kindness Meditation for Beginners | Echo Buddha,Loving-Kindness Meditation for Beginners,BEGINNER_FOUNDATION,BEGINNER,beginner informational,https://echobuddha.com/learn/buddhist-dictionary/metta/,"This page exists to serve beginner informational within Loving-Kindness / Metta through a narrower explanation, misconception, or example set specific to “Loving-Kindness Meditation for Beginners”.",This page does not own the broad Loving-Kindness / Metta explanation; that belongs to /learn/buddhist-dictionary/metta/.,All unique passages until a line-by-line merge is owner-approved.,"Reconcile definition, beginner practice, and full meditation method; destination choice remains owner-sensitive.",None before review.,Candidate content merge into https://echobuddha.com/learn/buddhist-dictionary/metta/; no redirect in Phase 4 without approval.,"Reconcile definition, beginner practice, and full meditation method; destination choice remains owner-sensitive.","Only if a factual, safety, linguistic, or historical claim needs support.",Only where it materially clarifies the assigned page role.,Only the page-specific misconception named in the remediation problem.,Use one concept-derived observation or decision practice; do not append generic pause/breathe advice.,"Avoid medical, universal-tradition, identity, credential, or certainty claims.",Support → https://echobuddha.com/learn/buddhist-dictionary/metta/; owner → no more than three genuinely distinct support/source/practice routes.,No by default; only if the edited role is currently misrepresented.,BEGINNER_FOUNDATION,DEFERRED_MERGE_REVIEW; source file src/data/site.ts; pre-edit rendered words 1777. Phase 3 index policy must remain unchanged.
https://echobuddha.com/articles/noble-eightfold-path-practical-guide/,Noble Eightfold Path Practical Guide for Daily Life | Echo Buddha,The Noble Eightfold Path: A Practical Guide for Daily Life,PRACTICAL_APPLICATION,PRACTITIONER,practical how to,https://echobuddha.com/learn/eightfold-path/,This page exists to serve practical how to within Noble Eightfold Path through daily-life examples or a repeatable application tied specifically to “Noble Eightfold Path Practical Guide for Daily Life”.,This page does not own the broad Noble Eightfold Path explanation; that belongs to /learn/eightfold-path/.,All unique passages until a line-by-line merge is owner-approved.,Inventory practical-path material against the strengthened Eightfold Path owner.,None before review.,Candidate content merge into https://echobuddha.com/learn/eightfold-path/; no redirect in Phase 4 without approval.,Inventory practical-path material against the strengthened Eightfold Path owner.,Authoritative canonical/source support for claim groups and interpretation boundaries.,Only where it materially clarifies the assigned page role.,Only the page-specific misconception named in the remediation problem.,Use one concept-derived observation or decision practice; do not append generic pause/breathe advice.,"Avoid medical, universal-tradition, identity, credential, or certainty claims.",Support → https://echobuddha.com/learn/eightfold-path/; owner → no more than three genuinely distinct support/source/practice routes.,No by default; only if the edited role is currently misrepresented.,PRACTICAL_APPLICATION,DEFERRED_MERGE_REVIEW; source file src/data/site.ts; pre-edit rendered words 1557. Phase 3 index policy must remain unchanged.
https://echobuddha.com/meditation/breathing-meditation/,Breathing Meditation | Echo Buddha,Breathing Meditation,PRACTICE_GUIDE,PRACTITIONER,meditation practice,https://echobuddha.com/articles/mindfulness-of-breathing-guide/,"This page exists to serve meditation practice within Breath / Mindfulness of Breathing through concrete method, pacing, posture, duration, or troubleshooting specific to “Breathing Meditation”.",This page does not own the broad Breath / Mindfulness of Breathing explanation; that belongs to /articles/mindfulness-of-breathing-guide/.,"Accurate definitions, useful examples, existing safety boundaries, stable URL/title/H1, and best next-step links.","Differentiate breath awareness by anchor location, knowing long/short breath, non-control, troubleshooting, and alternate anchors.",Only demonstrably generic filler or repeated explanation; preserve substantive claims.,Merge repeated introductory context into a concise role statement where needed.,"Differentiate breath awareness by anchor location, knowing long/short breath, non-control, troubleshooting, and alternate anchors.","Only if a factual, safety, linguistic, or historical claim needs support.",At least one method- or situation-specific worked example that could not be swapped into another page.,Meditation is not forced calm; method-specific misconception from the page.,"Name exact anchor/object, attention sequence, expected difficulty, adaptation, stop conditions, and next step.",No cure promises; short/eyes-open/alternate-anchor options; stop if distress intensifies; professional support remains compatible.,Support → https://echobuddha.com/articles/mindfulness-of-breathing-guide/; owner → no more than three genuinely distinct support/source/practice routes.,No by default; only if the edited role is currently misrepresented.,PRACTICE_GUIDE,MATERIAL_REMEDIATION; source file src/data/learn.ts; pre-edit rendered words 591. Phase 3 index policy must remain unchanged.
https://echobuddha.com/meditation/loving-kindness-meditation/,Loving-Kindness Meditation | Echo Buddha,Loving-Kindness Meditation,PRACTICE_GUIDE,PRACTITIONER,meditation practice,https://echobuddha.com/learn/buddhist-dictionary/metta/,"This page exists to serve meditation practice within Loving-Kindness / Metta through concrete method, pacing, posture, duration, or troubleshooting specific to “Loving-Kindness Meditation”.",This page does not own the broad Loving-Kindness / Metta explanation; that belongs to /learn/buddhist-dictionary/metta/.,"Accurate definitions, useful examples, existing safety boundaries, stable URL/title/H1, and best next-step links.",Differentiate metta as cultivation of goodwill/intention rather than breath relaxation; include sequencing and difficult-person boundaries.,Only demonstrably generic filler or repeated explanation; preserve substantive claims.,Merge repeated introductory context into a concise role statement where needed.,Differentiate metta as cultivation of goodwill/intention rather than breath relaxation; include sequencing and difficult-person boundaries.,"Only if a factual, safety, linguistic, or historical claim needs support.",At least one method- or situation-specific worked example that could not be swapped into another page.,Meditation is not forced calm; method-specific misconception from the page.,"Name exact anchor/object, attention sequence, expected difficulty, adaptation, stop conditions, and next step.",No cure promises; short/eyes-open/alternate-anchor options; stop if distress intensifies; professional support remains compatible.,Support → https://echobuddha.com/learn/buddhist-dictionary/metta/; owner → no more than three genuinely distinct support/source/practice routes.,No by default; only if the edited role is currently misrepresented.,PRACTICE_GUIDE,MATERIAL_REMEDIATION; source file src/data/learn.ts; pre-edit rendered words 595. Phase 3 index policy must remain unchanged.
https://echobuddha.com/meditation/walking-meditation/,Walking Meditation | Echo Buddha,Walking Meditation,PRACTICE_GUIDE,PRACTITIONER,meditation practice,https://echobuddha.com/meditation/walking-meditation/,This page exists as Echo Buddha's protected owner for Walking Meditation: The meditation route should own the repeatable walking practice; the article must add depth or be reviewed for consolidation.,"This page does not own narrower source, practice, scenario, quote, or recurring-user intents that have dedicated pages.","Accurate definitions, useful examples, existing safety boundaries, stable URL/title/H1, and best next-step links.","Differentiate walking through pace, contact, turning, gaze, and safe indoor/outdoor adaptation.",Only demonstrably generic filler or repeated explanation; preserve substantive claims.,Merge repeated introductory context into a concise role statement where needed.,"Differentiate walking through pace, contact, turning, gaze, and safe indoor/outdoor adaptation.","Only if a factual, safety, linguistic, or historical claim needs support.",At least one method- or situation-specific worked example that could not be swapped into another page.,Meditation is not forced calm; method-specific misconception from the page.,"Name exact anchor/object, attention sequence, expected difficulty, adaptation, stop conditions, and next step.",No cure promises; short/eyes-open/alternate-anchor options; stop if distress intensifies; professional support remains compatible.,Support → https://echobuddha.com/meditation/walking-meditation/; owner → no more than three genuinely distinct support/source/practice routes.,No by default; only if the edited role is currently misrepresented.,PRACTICE_GUIDE,MATERIAL_REMEDIATION; source file src/data/learn.ts; pre-edit rendered words 558. Phase 3 index policy must remain unchanged.
https://echobuddha.com/meditation/when-meditation-feels-hard/,What to Do When Meditation Feels Hard | Echo Buddha,What to Do When Meditation Feels Hard,PRACTICE_GUIDE,PRACTITIONER,meditation practice,https://echobuddha.com/meditation/,"This page exists to serve meditation practice within Meditation through concrete method, pacing, posture, duration, or troubleshooting specific to “What to Do When Meditation Feels Hard”.",This page does not own the broad Meditation explanation; that belongs to /meditation/.,"Accurate definitions, useful examples, existing safety boundaries, stable URL/title/H1, and best next-step links.",Make the page a troubleshooting guide rather than another generic meditation; preserve stop/adapt/support boundaries.,Only demonstrably generic filler or repeated explanation; preserve substantive claims.,Merge repeated introductory context into a concise role statement where needed.,Make the page a troubleshooting guide rather than another generic meditation; preserve stop/adapt/support boundaries.,"Only if a factual, safety, linguistic, or historical claim needs support.",At least one method- or situation-specific worked example that could not be swapped into another page.,Meditation is not forced calm; method-specific misconception from the page.,"Name exact anchor/object, attention sequence, expected difficulty, adaptation, stop conditions, and next step.",No cure promises; short/eyes-open/alternate-anchor options; stop if distress intensifies; professional support remains compatible.,Support → https://echobuddha.com/meditation/; owner → no more than three genuinely distinct support/source/practice routes.,No by default; only if the edited role is currently misrepresented.,PRACTICE_GUIDE,MATERIAL_REMEDIATION; source file src/data/learn.ts; pre-edit rendered words 693. Phase 3 index policy must remain unchanged.
https://echobuddha.com/meditation/meditation-for-beginners/,Meditation for Beginners | Echo Buddha,Meditation for Beginners,PRACTICE_GUIDE,PRACTITIONER,meditation practice,https://echobuddha.com/meditation/,"This page exists to serve meditation practice within Meditation through concrete method, pacing, posture, duration, or troubleshooting specific to “Meditation for Beginners”.",This page does not own the broad Meditation explanation; that belongs to /meditation/.,"Accurate definitions, useful examples, existing safety boundaries, stable URL/title/H1, and best next-step links.",Protect the broad beginner method if narrower practice pages now remain subordinate.,None before review.,Merge repeated introductory context into a concise role statement where needed.,Protect the broad beginner method if narrower practice pages now remain subordinate.,"Only if a factual, safety, linguistic, or historical claim needs support.",At least one method- or situation-specific worked example that could not be swapped into another page.,Meditation is not forced calm; method-specific misconception from the page.,"Name exact anchor/object, attention sequence, expected difficulty, adaptation, stop conditions, and next step.",No cure promises; short/eyes-open/alternate-anchor options; stop if distress intensifies; professional support remains compatible.,Support → https://echobuddha.com/meditation/; owner → no more than three genuinely distinct support/source/practice routes.,No by default; only if the edited role is currently misrepresented.,PRACTICE_GUIDE,NO_CHANGE_REVIEW; source file src/data/learn.ts; pre-edit rendered words 623. Phase 3 index policy must remain unchanged.
https://echobuddha.com/meditation/meditation-posture-for-beginners/,Meditation Posture for Beginners | Echo Buddha,Meditation Posture for Beginners,PRACTICE_GUIDE,PRACTITIONER,meditation practice,https://echobuddha.com/meditation/,"This page exists to serve meditation practice within Meditation through concrete method, pacing, posture, duration, or troubleshooting specific to “Meditation Posture for Beginners”.",This page does not own the broad Meditation explanation; that belongs to /meditation/.,"Accurate definitions, useful examples, existing safety boundaries, stable URL/title/H1, and best next-step links.",Protect the posture-specific accessibility role if it avoids treating pain as progress.,None before review.,Merge repeated introductory context into a concise role statement where needed.,Protect the posture-specific accessibility role if it avoids treating pain as progress.,"Only if a factual, safety, linguistic, or historical claim needs support.",At least one method- or situation-specific worked example that could not be swapped into another page.,Meditation is not forced calm; method-specific misconception from the page.,"Name exact anchor/object, attention sequence, expected difficulty, adaptation, stop conditions, and next step.",No cure promises; short/eyes-open/alternate-anchor options; stop if distress intensifies; professional support remains compatible.,Support → https://echobuddha.com/meditation/; owner → no more than three genuinely distinct support/source/practice routes.,No by default; only if the edited role is currently misrepresented.,PRACTICE_GUIDE,NO_CHANGE_REVIEW; source file src/data/learn.ts; pre-edit rendered words 685. Phase 3 index policy must remain unchanged.
https://echobuddha.com/articles/right-speech-buddhism/,"Right Speech in Buddhism: Meaning, Examples, and Practice | Echo Buddha",Right Speech in Buddhism: How to Speak with Kindness and Awareness,PRIMARY_PILLAR,GENERAL_READER,practical how to,https://echobuddha.com/articles/right-speech-buddhism/,"This page exists as Echo Buddha's protected owner for Right Speech: It combines meaning, ethical criteria, examples, and practice; other pages can specialize by source or scenario.","This page does not own narrower source, practice, scenario, quote, or recurring-user intents that have dedicated pages.","Accurate definitions, useful examples, existing safety boundaries, stable URL/title/H1, and best next-step links.","Strengthen the broad owner with the canonical four abstentions, a truth/usefulness/timing framework, and difficult scenarios.",Only demonstrably generic filler or repeated explanation; preserve substantive claims.,Merge repeated introductory context into a concise role statement where needed.,"Strengthen the broad owner with the canonical four abstentions, a truth/usefulness/timing framework, and difficult scenarios.",Authoritative canonical/source support for claim groups and interpretation boundaries.,At least one method- or situation-specific worked example that could not be swapped into another page.,Only the page-specific misconception named in the remediation problem.,Use one concept-derived observation or decision practice; do not append generic pause/breathe advice.,"Care is not compliance; preserve accountability, boundaries, and unsafe-situation support.",Support → https://echobuddha.com/articles/right-speech-buddhism/; owner → no more than three genuinely distinct support/source/practice routes.,No by default; only if the edited role is currently misrepresented.,PRIMARY_PILLAR,MATERIAL_REMEDIATION; source file src/data/site.ts; pre-edit rendered words 1856. Phase 3 index policy must remain unchanged.
https://echobuddha.com/articles/buddhist-approach-to-anger/,A Buddhist Approach to Anger | Echo Buddha,"A Buddhist Approach to Anger: Pause, Understand, Respond",PRIMARY_PILLAR,SITUATION_SPECIFIC,scenario application,https://echobuddha.com/articles/buddhist-approach-to-anger/,This page exists as Echo Buddha's protected owner for Anger: It is the dedicated Buddhist response-to-anger guide and can link upward to the Three Poisons.,"This page does not own narrower source, practice, scenario, quote, or recurring-user intents that have dedicated pages.","Accurate definitions, useful examples, existing safety boundaries, stable URL/title/H1, and best next-step links.","Add concrete anger-response sequencing, accountability, boundary action, and proportional wellbeing limits.",Only demonstrably generic filler or repeated explanation; preserve substantive claims.,Merge repeated introductory context into a concise role statement where needed.,"Add concrete anger-response sequencing, accountability, boundary action, and proportional wellbeing limits.","Only if a factual, safety, linguistic, or historical claim needs support.",At least one method- or situation-specific worked example that could not be swapped into another page.,Only the page-specific misconception named in the remediation problem.,Use one concept-derived observation or decision practice; do not append generic pause/breathe advice.,"Care is not compliance; preserve accountability, boundaries, and unsafe-situation support.",Support → https://echobuddha.com/articles/buddhist-approach-to-anger/; owner → no more than three genuinely distinct support/source/practice routes.,No by default; only if the edited role is currently misrepresented.,PRIMARY_PILLAR,MATERIAL_REMEDIATION; source file src/data/site.ts; pre-edit rendered words 1614. Phase 3 index policy must remain unchanged.
https://echobuddha.com/articles/compassion-with-boundaries/,Compassion With Boundaries in Buddhist Practice | Echo Buddha,Compassion With Boundaries,SCENARIO_GUIDE,SITUATION_SPECIFIC,scenario application,https://echobuddha.com/articles/compassion-in-buddhism-beginner-guide/,This page exists to serve scenario application within Compassion through worked guidance for the specific situation named by “Compassion With Boundaries in Buddhist Practice”.,This page does not own the broad Compassion explanation; that belongs to /articles/compassion-in-buddhism-beginner-guide/.,"Accurate definitions, useful examples, existing safety boundaries, stable URL/title/H1, and best next-step links.",Protect its care-versus-compliance and unsafe-situation boundaries if already strong.,None before review.,Merge repeated introductory context into a concise role statement where needed.,Protect its care-versus-compliance and unsafe-situation boundaries if already strong.,"Only if a factual, safety, linguistic, or historical claim needs support.",At least one method- or situation-specific worked example that could not be swapped into another page.,Only the page-specific misconception named in the remediation problem.,Use one concept-derived observation or decision practice; do not append generic pause/breathe advice.,"Care is not compliance; preserve accountability, boundaries, and unsafe-situation support.",Support → https://echobuddha.com/articles/compassion-in-buddhism-beginner-guide/; owner → no more than three genuinely distinct support/source/practice routes.,No by default; only if the edited role is currently misrepresented.,SCENARIO_GUIDE,NO_CHANGE_REVIEW; source file src/data/site.ts; pre-edit rendered words 991. Phase 3 index policy must remain unchanged.
https://echobuddha.com/articles/mindful-email-and-texting/,Mindful Email and Texting with Buddhist Right Speech | Echo Buddha,Mindful Email and Texting,SCENARIO_GUIDE,SITUATION_SPECIFIC,scenario application,https://echobuddha.com/articles/right-speech-buddhism/,This page exists to serve scenario application within Right Speech through worked guidance for the specific situation named by “Mindful Email and Texting with Buddhist Right Speech”.,This page does not own the broad Right Speech explanation; that belongs to /articles/right-speech-buddhism/.,"Accurate definitions, useful examples, existing safety boundaries, stable URL/title/H1, and best next-step links.",Protect its channel-specific scenarios if it remains subordinate to the Right Speech owner.,None before review.,Merge repeated introductory context into a concise role statement where needed.,Protect its channel-specific scenarios if it remains subordinate to the Right Speech owner.,"Only if a factual, safety, linguistic, or historical claim needs support.",At least one method- or situation-specific worked example that could not be swapped into another page.,Only the page-specific misconception named in the remediation problem.,Use one concept-derived observation or decision practice; do not append generic pause/breathe advice.,"Care is not compliance; preserve accountability, boundaries, and unsafe-situation support.",Support → https://echobuddha.com/articles/right-speech-buddhism/; owner → no more than three genuinely distinct support/source/practice routes.,No by default; only if the edited role is currently misrepresented.,SCENARIO_GUIDE,NO_CHANGE_REVIEW; source file src/data/site.ts; pre-edit rendered words 1118. Phase 3 index policy must remain unchanged.
https://echobuddha.com/learn/sutta-for-daily-life/dhammacakkappavattana-sutta-four-noble-truths/,Dhammacakkappavattana Sutta and the Four Noble Truths | Echo Buddha,Dhammacakkappavattana Sutta: Four Noble Truths in Context,SOURCE_STUDY,SOURCE_CURIOUS,source study,https://echobuddha.com/learn/four-noble-truths/,"This page exists to serve source study within Four Noble Truths through source-specific study, attribution, translation context, or textual interpretation for “Dhammacakkappavattana Sutta and the Four Noble Truths”.",This page does not own the broad Four Noble Truths explanation; that belongs to /learn/four-noble-truths/.,"Accurate definitions, useful examples, existing safety boundaries, stable URL/title/H1, and best next-step links.","Clarify canonical identifier, first-discourse context, translation/paraphrase boundary, four tasks, and relationship to the owner.",Only demonstrably generic filler or repeated explanation; preserve substantive claims.,Merge repeated introductory context into a concise role statement where needed.,"Clarify canonical identifier, first-discourse context, translation/paraphrase boundary, four tasks, and relationship to the owner.",Canonical identifier and translation-specific authoritative source; concise paraphrase only.,Only where it materially clarifies the assigned page role.,Only the page-specific misconception named in the remediation problem.,Use one concept-derived observation or decision practice; do not append generic pause/breathe advice.,"Avoid medical, universal-tradition, identity, credential, or certainty claims.",Support → https://echobuddha.com/learn/four-noble-truths/; owner → no more than three genuinely distinct support/source/practice routes.,No by default; only if the edited role is currently misrepresented.,SOURCE_STUDY,MATERIAL_REMEDIATION; source file src/data/learn.ts; pre-edit rendered words 584. Phase 3 index policy must remain unchanged.
https://echobuddha.com/learn/sutta-for-daily-life/magga-vibhanga-sutta-eightfold-path/,Magga-vibhanga Sutta and the Noble Eightfold Path | Echo Buddha,Magga-vibhanga Sutta: Eightfold Path Explained Simply,SOURCE_STUDY,SOURCE_CURIOUS,source study,https://echobuddha.com/learn/eightfold-path/,"This page exists to serve source study within Noble Eightfold Path through source-specific study, attribution, translation context, or textual interpretation for “Magga-vibhanga Sutta and the Noble Eightfold Path”.",This page does not own the broad Noble Eightfold Path explanation; that belongs to /learn/eightfold-path/.,"Accurate definitions, useful examples, existing safety boundaries, stable URL/title/H1, and best next-step links.",Clarify SN 45.8 as an analysis text and keep its role source-specific rather than another broad path article.,Only demonstrably generic filler or repeated explanation; preserve substantive claims.,Merge repeated introductory context into a concise role statement where needed.,Clarify SN 45.8 as an analysis text and keep its role source-specific rather than another broad path article.,Canonical identifier and translation-specific authoritative source; concise paraphrase only.,Only where it materially clarifies the assigned page role.,Only the page-specific misconception named in the remediation problem.,Use one concept-derived observation or decision practice; do not append generic pause/breathe advice.,"Avoid medical, universal-tradition, identity, credential, or certainty claims.",Support → https://echobuddha.com/learn/eightfold-path/; owner → no more than three genuinely distinct support/source/practice routes.,No by default; only if the edited role is currently misrepresented.,SOURCE_STUDY,MATERIAL_REMEDIATION; source file src/data/learn.ts; pre-edit rendered words 582. Phase 3 index policy must remain unchanged.
https://echobuddha.com/learn/sutta-for-daily-life/metta-sutta-explained-for-daily-life/,The Metta Sutta Explained for Daily Life | Echo Buddha,The Metta Sutta Explained for Daily Life,SOURCE_STUDY,SOURCE_CURIOUS,source study,https://echobuddha.com/learn/buddhist-dictionary/metta/,"This page exists to serve source study within Loving-Kindness / Metta through source-specific study, attribution, translation context, or textual interpretation for “The Metta Sutta Explained for Daily Life”.",This page does not own the broad Loving-Kindness / Metta explanation; that belongs to /learn/buddhist-dictionary/metta/.,"Accurate definitions, useful examples, existing safety boundaries, stable URL/title/H1, and best next-step links.","Clarify Snp 1.8 context, ethical preconditions, translation variation, editorial practice boundary, and relationship to metta owner.",Only demonstrably generic filler or repeated explanation; preserve substantive claims.,Merge repeated introductory context into a concise role statement where needed.,"Clarify Snp 1.8 context, ethical preconditions, translation variation, editorial practice boundary, and relationship to metta owner.",Canonical identifier and translation-specific authoritative source; concise paraphrase only.,Only where it materially clarifies the assigned page role.,"Metta is cultivated goodwill, not compulsory affection or unsafe access.",Use one concept-derived observation or decision practice; do not append generic pause/breathe advice.,"Avoid medical, universal-tradition, identity, credential, or certainty claims.",Support → https://echobuddha.com/learn/buddhist-dictionary/metta/; owner → no more than three genuinely distinct support/source/practice routes.,No by default; only if the edited role is currently misrepresented.,SOURCE_STUDY,MATERIAL_REMEDIATION; source file src/data/learn.ts; pre-edit rendered words 488. Phase 3 index policy must remain unchanged.
https://echobuddha.com/articles/dhamma-vs-dharma/,Dhamma vs Dharma: Buddhist Meaning and Spelling | Echo Buddha,Dhamma vs Dharma: What Is the Difference?,COMPARISON_PAGE,BEGINNER,comparative,https://echobuddha.com/learn/buddhist-dictionary/dhamma/,This page exists to serve comparative within Dhamma / Dharma through direct distinction between concepts that readers commonly confuse in “Dhamma vs Dharma: Buddhist Meaning and Spelling”.,This page does not own the broad Dhamma / Dharma explanation; that belongs to /learn/buddhist-dictionary/dhamma/.,"Accurate definitions, useful examples, existing safety boundaries, stable URL/title/H1, and best next-step links.",Protect the language-comparison role if it avoids pretending Dhamma/Dharma have one exhaustive English equivalent.,None before review.,Merge repeated introductory context into a concise role statement where needed.,Protect the language-comparison role if it avoids pretending Dhamma/Dharma have one exhaustive English equivalent.,Canonical identifier and translation-specific authoritative source; concise paraphrase only.,Only where it materially clarifies the assigned page role.,Only the page-specific misconception named in the remediation problem.,Use one concept-derived observation or decision practice; do not append generic pause/breathe advice.,"Avoid medical, universal-tradition, identity, credential, or certainty claims.",Support → https://echobuddha.com/learn/buddhist-dictionary/dhamma/; owner → no more than three genuinely distinct support/source/practice routes.,No by default; only if the edited role is currently misrepresented.,COMPARISON_PAGE,NO_CHANGE_REVIEW; source file src/data/site.ts; pre-edit rendered words 1149. Phase 3 index policy must remain unchanged.
https://echobuddha.com/learn/dhammapada-reflections/,Dhammapada Reflections | Echo Buddha,Dhammapada Reflections,HUB,SOURCE_CURIOUS,source study,https://echobuddha.com/learn/dhammapada-reflections/,"This page exists as Echo Buddha's protected owner for Dhammapada: The source-aware hub organizes verse study and clearly separates translation, paraphrase, and reflection.","This page does not own narrower source, practice, scenario, quote, or recurring-user intents that have dedicated pages.","Accurate definitions, useful examples, existing safety boundaries, stable URL/title/H1, and best next-step links.",Protect the source-study navigation hub; broader structural/template changes belong to Phase 5.,None before review.,Merge repeated introductory context into a concise role statement where needed.,Protect the source-study navigation hub; broader structural/template changes belong to Phase 5.,"Only if a factual, safety, linguistic, or historical claim needs support.",Only where it materially clarifies the assigned page role.,Only the page-specific misconception named in the remediation problem.,Use one concept-derived observation or decision practice; do not append generic pause/breathe advice.,"Avoid medical, universal-tradition, identity, credential, or certainty claims.",Support → https://echobuddha.com/learn/dhammapada-reflections/; owner → no more than three genuinely distinct support/source/practice routes.,No by default; only if the edited role is currently misrepresented.,HUB,NO_CHANGE_REVIEW; source file src/pages/learn/[section]/index.astro; pre-edit rendered words 384. Phase 3 index policy must remain unchanged.
