URL,Phase 3 robots,Phase 4 robots,Phase 3 sitemap,Phase 4 sitemap,Phase 3 canonical,Phase 4 canonical,URL changed?,Index policy changed?,Result
https://echobuddha.com/learn/buddhism-for-beginners/,"index, follow",index,Yes,Yes,https://echobuddha.com/learn/buddhism-for-beginners/,https://echobuddha.com/learn/buddhism-for-beginners/,No,No,PASS
https://echobuddha.com/learn/four-noble-truths/,"index, follow",index,Yes,Yes,https://echobuddha.com/learn/four-noble-truths/,https://echobuddha.com/learn/four-noble-truths/,No,No,PASS
https://echobuddha.com/learn/eightfold-path/,"index, follow",index,Yes,Yes,https://echobuddha.com/learn/eightfold-path/,https://echobuddha.com/learn/eightfold-path/,No,No,PASS
https://echobuddha.com/learn/buddhism-101/what-is-buddhism/,"index, follow",index,Yes,Yes,https://echobuddha.com/learn/buddhism-101/what-is-buddhism/,https://echobuddha.com/learn/buddhism-101/what-is-buddhism/,No,No,PASS
https://echobuddha.com/learn/buddhism-101/what-is-karma-in-buddhism/,"index, follow",index,Yes,Yes,https://echobuddha.com/learn/buddhism-101/what-is-karma-in-buddhism/,https://echobuddha.com/learn/buddhism-101/what-is-karma-in-buddhism/,No,No,PASS
https://echobuddha.com/learn/buddhism-101/what-is-impermanence/,"index, follow",index,Yes,Yes,https://echobuddha.com/learn/buddhism-101/what-is-impermanence/,https://echobuddha.com/learn/buddhism-101/what-is-impermanence/,No,No,PASS
https://echobuddha.com/learn/buddhism-101/five-precepts-buddhism/,"index, follow",index,Yes,Yes,https://echobuddha.com/learn/buddhism-101/five-precepts-buddhism/,https://echobuddha.com/learn/buddhism-101/five-precepts-buddhism/,No,No,PASS
https://echobuddha.com/articles/three-poisons-buddhism-explained/,"index, follow",index,Yes,Yes,https://echobuddha.com/articles/three-poisons-buddhism-explained/,https://echobuddha.com/articles/three-poisons-buddhism-explained/,No,No,PASS
https://echobuddha.com/articles/what-is-sangha-buddhist-community/,"index, follow",index,Yes,Yes,https://echobuddha.com/articles/what-is-sangha-buddhist-community/,https://echobuddha.com/articles/what-is-sangha-buddhist-community/,No,No,PASS
https://echobuddha.com/learn/buddhist-dictionary/metta/,"index, follow",index,Yes,Yes,https://echobuddha.com/learn/buddhist-dictionary/metta/,https://echobuddha.com/learn/buddhist-dictionary/metta/,No,No,PASS
https://echobuddha.com/articles/buddhism-for-beginners-simple-guide/,"index, follow",index,Yes,Yes,https://echobuddha.com/articles/buddhism-for-beginners-simple-guide/,https://echobuddha.com/articles/buddhism-for-beginners-simple-guide/,No,No,PASS
https://echobuddha.com/articles/eightfold-path-explained-daily-life/,"index, follow",index,Yes,Yes,https://echobuddha.com/articles/eightfold-path-explained-daily-life/,https://echobuddha.com/articles/eightfold-path-explained-daily-life/,No,No,PASS
https://echobuddha.com/articles/four-noble-truths-explained-simply/,"index, follow",index,Yes,Yes,https://echobuddha.com/articles/four-noble-truths-explained-simply/,https://echobuddha.com/articles/four-noble-truths-explained-simply/,No,No,PASS
https://echobuddha.com/articles/impermanence-in-buddhism-letting-go/,"index, follow",index,Yes,Yes,https://echobuddha.com/articles/impermanence-in-buddhism-letting-go/,https://echobuddha.com/articles/impermanence-in-buddhism-letting-go/,No,No,PASS
https://echobuddha.com/articles/impermanence-in-buddhism/,"index, follow",index,Yes,Yes,https://echobuddha.com/articles/impermanence-in-buddhism/,https://echobuddha.com/articles/impermanence-in-buddhism/,No,No,PASS
https://echobuddha.com/articles/loving-kindness-meditation-beginners/,"index, follow",index,Yes,Yes,https://echobuddha.com/articles/loving-kindness-meditation-beginners/,https://echobuddha.com/articles/loving-kindness-meditation-beginners/,No,No,PASS
https://echobuddha.com/articles/noble-eightfold-path-practical-guide/,"index, follow",index,Yes,Yes,https://echobuddha.com/articles/noble-eightfold-path-practical-guide/,https://echobuddha.com/articles/noble-eightfold-path-practical-guide/,No,No,PASS
https://echobuddha.com/meditation/breathing-meditation/,"index, follow",index,Yes,Yes,https://echobuddha.com/meditation/breathing-meditation/,https://echobuddha.com/meditation/breathing-meditation/,No,No,PASS
https://echobuddha.com/meditation/loving-kindness-meditation/,"index, follow",index,Yes,Yes,https://echobuddha.com/meditation/loving-kindness-meditation/,https://echobuddha.com/meditation/loving-kindness-meditation/,No,No,PASS
https://echobuddha.com/meditation/walking-meditation/,"index, follow",index,Yes,Yes,https://echobuddha.com/meditation/walking-meditation/,https://echobuddha.com/meditation/walking-meditation/,No,No,PASS
https://echobuddha.com/meditation/when-meditation-feels-hard/,"index, follow",index,Yes,Yes,https://echobuddha.com/meditation/when-meditation-feels-hard/,https://echobuddha.com/meditation/when-meditation-feels-hard/,No,No,PASS
https://echobuddha.com/meditation/meditation-for-beginners/,"index, follow",index,Yes,Yes,https://echobuddha.com/meditation/meditation-for-beginners/,https://echobuddha.com/meditation/meditation-for-beginners/,No,No,PASS
https://echobuddha.com/meditation/meditation-posture-for-beginners/,"index, follow",index,Yes,Yes,https://echobuddha.com/meditation/meditation-posture-for-beginners/,https://echobuddha.com/meditation/meditation-posture-for-beginners/,No,No,PASS
https://echobuddha.com/articles/right-speech-buddhism/,"index, follow",index,Yes,Yes,https://echobuddha.com/articles/right-speech-buddhism/,https://echobuddha.com/articles/right-speech-buddhism/,No,No,PASS
https://echobuddha.com/articles/buddhist-approach-to-anger/,"index, follow",index,Yes,Yes,https://echobuddha.com/articles/buddhist-approach-to-anger/,https://echobuddha.com/articles/buddhist-approach-to-anger/,No,No,PASS
https://echobuddha.com/articles/compassion-with-boundaries/,"index, follow",index,Yes,Yes,https://echobuddha.com/articles/compassion-with-boundaries/,https://echobuddha.com/articles/compassion-with-boundaries/,No,No,PASS
https://echobuddha.com/articles/mindful-email-and-texting/,"index, follow",index,Yes,Yes,https://echobuddha.com/articles/mindful-email-and-texting/,https://echobuddha.com/articles/mindful-email-and-texting/,No,No,PASS
https://echobuddha.com/learn/sutta-for-daily-life/dhammacakkappavattana-sutta-four-noble-truths/,"index, follow",index,Yes,Yes,https://echobuddha.com/learn/sutta-for-daily-life/dhammacakkappavattana-sutta-four-noble-truths/,https://echobuddha.com/learn/sutta-for-daily-life/dhammacakkappavattana-sutta-four-noble-truths/,No,No,PASS
https://echobuddha.com/learn/sutta-for-daily-life/magga-vibhanga-sutta-eightfold-path/,"index, follow",index,Yes,Yes,https://echobuddha.com/learn/sutta-for-daily-life/magga-vibhanga-sutta-eightfold-path/,https://echobuddha.com/learn/sutta-for-daily-life/magga-vibhanga-sutta-eightfold-path/,No,No,PASS
https://echobuddha.com/learn/sutta-for-daily-life/metta-sutta-explained-for-daily-life/,"index, follow",index,Yes,Yes,https://echobuddha.com/learn/sutta-for-daily-life/metta-sutta-explained-for-daily-life/,https://echobuddha.com/learn/sutta-for-daily-life/metta-sutta-explained-for-daily-life/,No,No,PASS
https://echobuddha.com/articles/dhamma-vs-dharma/,"index, follow",index,Yes,Yes,https://echobuddha.com/articles/dhamma-vs-dharma/,https://echobuddha.com/articles/dhamma-vs-dharma/,No,No,PASS
https://echobuddha.com/learn/dhammapada-reflections/,"index, follow",index,Yes,Yes,https://echobuddha.com/learn/dhammapada-reflections/,https://echobuddha.com/learn/dhammapada-reflections/,No,No,PASS
