URL,Page family,Variant,Before index state,After index state,Sitemap after,Phase 3 action,Primary owner,Evidence,Rationale
https://echobuddha.com/quotes/awareness/acceptance-before-next-step/,quote story,individually authored story,indexable,indexable,in sitemap,KEEP_INDEXED,https://echobuddha.com/quotes/,Built 2026-08-11T02:17:46.273Z; 666 words; 17 content headings; individually authored story; nearest /quotes/awareness/feelings-without-the-wheel/ combined overlap 65.8%; external source links 0,Individually authored reflection retains a distinct narrative and remains in the curated indexed subset.
https://echobuddha.com/quotes/awareness/anger-asks-for-speed-awareness-asks-for-one-more/,quote story,generated story,indexable,noindex,out of sitemap,NOINDEX,https://echobuddha.com/quotes/,Built 2026-08-11T02:17:46.273Z; 680 words; 17 content headings; generated story; nearest /quotes/awareness/the-body-often-knows-you-are-overwhelmed-before-the/ combined overlap 86.0%; external source links 0,Mechanically generated story has high structural overlap and limited independent search value; route and internal discovery remain available.
https://echobuddha.com/quotes/awareness/awareness-does-not-remove-the-storm-it-keeps-you/,quote story,generated story,indexable,noindex,out of sitemap,NOINDEX,https://echobuddha.com/quotes/,Built 2026-08-11T02:17:46.273Z; 706 words; 17 content headings; generated story; nearest /quotes/awareness/small-acts-of-attention-can-turn-an-ordinary-day/ combined overlap 85.2%; external source links 0,Mechanically generated story has high structural overlap and limited independent search value; route and internal discovery remain available.
https://echobuddha.com/quotes/awareness/clear-seeing-begins-with-the-courage-to-stop-looking/,quote story,generated story,noindex,noindex,out of sitemap,KEEP_NOINDEXED,https://echobuddha.com/quotes/,Current noindex page preserved; not part of the indexable scoring population.,Existing noindex generated story remains accessible and excluded from the sitemap.
https://echobuddha.com/quotes/awareness/feelings-are-honest-about-their-presence-not-always-about/,quote story,generated story,noindex,noindex,out of sitemap,KEEP_NOINDEXED,https://echobuddha.com/quotes/,Current noindex page preserved; not part of the indexable scoring population.,Existing noindex generated story remains accessible and excluded from the sitemap.
https://echobuddha.com/quotes/awareness/feelings-without-the-wheel/,quote story,individually authored story,indexable,indexable,in sitemap,KEEP_INDEXED,https://echobuddha.com/quotes/,Built 2026-08-11T02:17:46.273Z; 640 words; 17 content headings; individually authored story; nearest /quotes/awareness/one-breath-before-anger-replies/ combined overlap 68.2%; external source links 0,Individually authored reflection retains a distinct narrative and remains in the curated indexed subset.
https://echobuddha.com/quotes/awareness/look-beneath-the-reaction-and-you-may-find-a/,quote story,generated story,indexable,noindex,out of sitemap,NOINDEX,https://echobuddha.com/quotes/,Built 2026-08-11T02:17:46.273Z; 685 words; 17 content headings; generated story; nearest /quotes/awareness/small-acts-of-attention-can-turn-an-ordinary-day/ combined overlap 86.5%; external source links 0,Mechanically generated story has high structural overlap and limited independent search value; route and internal discovery remain available.
https://echobuddha.com/quotes/awareness/name-the-feeling-gently-and-it-may-stop-speaking/,quote story,generated story,indexable,noindex,out of sitemap,NOINDEX,https://echobuddha.com/quotes/,Built 2026-08-11T02:17:46.273Z; 700 words; 17 content headings; generated story; nearest /quotes/awareness/the-body-often-knows-you-are-overwhelmed-before-the/ combined overlap 87.5%; external source links 0,Mechanically generated story has high structural overlap and limited independent search value; route and internal discovery remain available.
https://echobuddha.com/quotes/awareness/notice-the-habit-before-trying-to-become-someone-without/,quote story,generated story,noindex,noindex,out of sitemap,KEEP_NOINDEXED,https://echobuddha.com/quotes/,Current noindex page preserved; not part of the indexable scoring population.,Existing noindex generated story remains accessible and excluded from the sitemap.
https://echobuddha.com/quotes/awareness/one-breath-before-anger-replies/,quote story,individually authored story,indexable,indexable,in sitemap,KEEP_INDEXED,https://echobuddha.com/quotes/,Built 2026-08-11T02:17:46.273Z; 670 words; 17 content headings; individually authored story; nearest /quotes/awareness/feelings-without-the-wheel/ combined overlap 68.2%; external source links 0,Individually authored reflection retains a distinct narrative and remains in the curated indexed subset.
https://echobuddha.com/quotes/awareness/small-acts-of-attention-can-turn-an-ordinary-day/,quote story,generated story,indexable,noindex,out of sitemap,NOINDEX,https://echobuddha.com/quotes/,Built 2026-08-11T02:17:46.273Z; 657 words; 17 content headings; generated story; nearest /quotes/awareness/look-beneath-the-reaction-and-you-may-find-a/ combined overlap 86.5%; external source links 0,Mechanically generated story has high structural overlap and limited independent search value; route and internal discovery remain available.
https://echobuddha.com/quotes/awareness/the-body-often-knows-you-are-overwhelmed-before-the/,quote story,generated story,indexable,noindex,out of sitemap,NOINDEX,https://echobuddha.com/quotes/,Built 2026-08-11T02:17:46.273Z; 710 words; 17 content headings; generated story; nearest /quotes/awareness/name-the-feeling-gently-and-it-may-stop-speaking/ combined overlap 87.5%; external source links 0,Mechanically generated story has high structural overlap and limited independent search value; route and internal discovery remain available.
https://echobuddha.com/quotes/awareness/thoughts-are-visitors/,quote story,individually authored story,indexable,indexable,in sitemap,KEEP_INDEXED,https://echobuddha.com/quotes/,Built 2026-08-11T02:17:46.273Z; 655 words; 17 content headings; individually authored story; nearest /quotes/awareness/thoughts-pass-without-commanding-you/ combined overlap 67.9%; external source links 0,Individually authored reflection retains a distinct narrative and remains in the curated indexed subset.
https://echobuddha.com/quotes/awareness/thoughts-pass-without-commanding-you/,quote story,individually authored story,indexable,indexable,in sitemap,KEEP_INDEXED,https://echobuddha.com/quotes/,Built 2026-08-11T02:17:46.273Z; 665 words; 17 content headings; individually authored story; nearest /quotes/awareness/thoughts-are-visitors/ combined overlap 67.9%; external source links 0,Individually authored reflection retains a distinct narrative and remains in the curated indexed subset.
https://echobuddha.com/quotes/awareness/what-you-can-observe-clearly-no-longer-controls-you/,quote story,generated story,noindex,noindex,out of sitemap,KEEP_NOINDEXED,https://echobuddha.com/quotes/,Current noindex page preserved; not part of the indexable scoring population.,Existing noindex generated story remains accessible and excluded from the sitemap.
https://echobuddha.com/quotes/awareness/when-the-mind-tightens-let-the-body-be-your/,quote story,generated story,noindex,noindex,out of sitemap,KEEP_NOINDEXED,https://echobuddha.com/quotes/,Current noindex page preserved; not part of the indexable scoring population.,Existing noindex generated story remains accessible and excluded from the sitemap.
https://echobuddha.com/quotes/compassion/a-gentle-response-can-end-suffering-that-anger-would/,quote story,generated story,indexable,noindex,out of sitemap,NOINDEX,https://echobuddha.com/quotes/,Built 2026-08-11T02:17:46.273Z; 670 words; 17 content headings; generated story; nearest /quotes/compassion/let-kindness-be-the-echo-you-leave-in-every/ combined overlap 83.7%; external source links 0,Mechanically generated story has high structural overlap and limited independent search value; route and internal discovery remain available.
https://echobuddha.com/quotes/compassion/before-judging-another-life-remember-how-much-of-your/,quote story,generated story,indexable,noindex,out of sitemap,NOINDEX,https://echobuddha.com/quotes/,Built 2026-08-11T02:17:46.273Z; 687 words; 17 content headings; generated story; nearest /quotes/compassion/let-kindness-be-the-echo-you-leave-in-every/ combined overlap 88.2%; external source links 0,Mechanically generated story has high structural overlap and limited independent search value; route and internal discovery remain available.
https://echobuddha.com/quotes/compassion/compassion-asks-what-hurts-before-it-asks-who-is/,quote story,generated story,indexable,noindex,out of sitemap,NOINDEX,https://echobuddha.com/quotes/,Built 2026-08-11T02:17:46.273Z; 666 words; 17 content headings; generated story; nearest /quotes/compassion/kindness-does-not-need-an-audience-to-become-meaningful/ combined overlap 86.1%; external source links 0,Mechanically generated story has high structural overlap and limited independent search value; route and internal discovery remain available.
https://echobuddha.com/quotes/compassion/compassion-grows-where-judgment-loosens-its-grip/,quote story,generated story,indexable,noindex,out of sitemap,NOINDEX,https://echobuddha.com/quotes/,Built 2026-08-11T02:17:46.273Z; 637 words; 17 content headings; generated story; nearest /quotes/compassion/let-kindness-be-the-echo-you-leave-in-every/ combined overlap 85.4%; external source links 0,Mechanically generated story has high structural overlap and limited independent search value; route and internal discovery remain available.
https://echobuddha.com/quotes/compassion/compassion-sees-pain-clearly/,quote story,individually authored story,indexable,indexable,in sitemap,KEEP_INDEXED,https://echobuddha.com/quotes/,Built 2026-08-11T02:17:46.273Z; 643 words; 17 content headings; individually authored story; nearest /quotes/compassion/gentle-self-compassion/ combined overlap 65.3%; external source links 0,Individually authored reflection retains a distinct narrative and remains in the curated indexed subset.
https://echobuddha.com/quotes/compassion/gentle-self-compassion/,quote story,individually authored story,indexable,indexable,in sitemap,KEEP_INDEXED,https://echobuddha.com/quotes/,Built 2026-08-11T02:17:46.273Z; 617 words; 17 content headings; individually authored story; nearest /quotes/compassion/loving-kindness-without-harm/ combined overlap 65.4%; external source links 0,Individually authored reflection retains a distinct narrative and remains in the curated indexed subset.
https://echobuddha.com/quotes/compassion/kindness-as-quiet-practice/,quote story,individually authored story,indexable,indexable,in sitemap,KEEP_INDEXED,https://echobuddha.com/quotes/,Built 2026-08-11T02:17:46.273Z; 623 words; 17 content headings; individually authored story; nearest /quotes/compassion/loving-kindness-without-harm/ combined overlap 65.6%; external source links 0,Individually authored reflection retains a distinct narrative and remains in the curated indexed subset.
https://echobuddha.com/quotes/compassion/kindness-does-not-need-an-audience-to-become-meaningful/,quote story,generated story,indexable,noindex,out of sitemap,NOINDEX,https://echobuddha.com/quotes/,Built 2026-08-11T02:17:46.273Z; 633 words; 17 content headings; generated story; nearest /quotes/compassion/compassion-asks-what-hurts-before-it-asks-who-is/ combined overlap 86.1%; external source links 0,Mechanically generated story has high structural overlap and limited independent search value; route and internal discovery remain available.
https://echobuddha.com/quotes/compassion/let-kindness-be-the-echo-you-leave-in-every/,quote story,generated story,indexable,noindex,out of sitemap,NOINDEX,https://echobuddha.com/quotes/,Built 2026-08-11T02:17:46.273Z; 643 words; 17 content headings; generated story; nearest /quotes/compassion/before-judging-another-life-remember-how-much-of-your/ combined overlap 88.2%; external source links 0,Mechanically generated story has high structural overlap and limited independent search value; route and internal discovery remain available.
https://echobuddha.com/quotes/compassion/let-your-boundaries-be-clear-and-your-heart-remain/,quote story,generated story,noindex,noindex,out of sitemap,KEEP_NOINDEXED,https://echobuddha.com/quotes/,Current noindex page preserved; not part of the indexable scoring population.,Existing noindex generated story remains accessible and excluded from the sitemap.
https://echobuddha.com/quotes/compassion/loving-kindness-without-harm/,quote story,individually authored story,indexable,indexable,in sitemap,KEEP_INDEXED,https://echobuddha.com/quotes/,Built 2026-08-11T02:17:46.273Z; 634 words; 17 content headings; individually authored story; nearest /quotes/compassion/kindness-as-quiet-practice/ combined overlap 65.6%; external source links 0,Individually authored reflection retains a distinct narrative and remains in the curated indexed subset.
https://echobuddha.com/quotes/compassion/offer-others-the-patience-you-hope-to-receive-on/,quote story,generated story,noindex,noindex,out of sitemap,KEEP_NOINDEXED,https://echobuddha.com/quotes/,Current noindex page preserved; not part of the indexable scoring population.,Existing noindex generated story remains accessible and excluded from the sitemap.
https://echobuddha.com/quotes/compassion/small-kindnesses-often-reach-places-that-advice-cannot/,quote story,generated story,noindex,noindex,out of sitemap,KEEP_NOINDEXED,https://echobuddha.com/quotes/,Current noindex page preserved; not part of the indexable scoring population.,Existing noindex generated story remains accessible and excluded from the sitemap.
https://echobuddha.com/quotes/compassion/the-heart-becomes-spacious-each-time-it-chooses-care/,quote story,generated story,noindex,noindex,out of sitemap,KEEP_NOINDEXED,https://echobuddha.com/quotes/,Current noindex page preserved; not part of the indexable scoring population.,Existing noindex generated story remains accessible and excluded from the sitemap.
https://echobuddha.com/quotes/compassion/to-understand-someone-is-not-to-excuse-harm-it/,quote story,generated story,noindex,noindex,out of sitemap,KEEP_NOINDEXED,https://echobuddha.com/quotes/,Current noindex page preserved; not part of the indexable scoring population.,Existing noindex generated story remains accessible and excluded from the sitemap.
https://echobuddha.com/quotes/compassion/when-you-cannot-remove-anothers-burden-do-not-add/,quote story,generated story,noindex,noindex,out of sitemap,KEEP_NOINDEXED,https://echobuddha.com/quotes/,Current noindex page preserved; not part of the indexable scoring population.,Existing noindex generated story remains accessible and excluded from the sitemap.
https://echobuddha.com/quotes/impermanence/acceptance-begins-where-the-argument-with-change-ends/,quote story,generated story,noindex,noindex,out of sitemap,KEEP_NOINDEXED,https://echobuddha.com/quotes/,Current noindex page preserved; not part of the indexable scoring population.,Existing noindex generated story remains accessible and excluded from the sitemap.
https://echobuddha.com/quotes/impermanence/because-this-moment-will-pass-meet-it-while-it/,quote story,generated story,indexable,noindex,out of sitemap,NOINDEX,https://echobuddha.com/quotes/,Built 2026-08-11T02:17:46.273Z; 656 words; 17 content headings; generated story; nearest /quotes/impermanence/change-takes-nothing-personally-it-simply-continues/ combined overlap 84.0%; external source links 0,Mechanically generated story has high structural overlap and limited independent search value; route and internal discovery remain available.
https://echobuddha.com/quotes/impermanence/change-is-how-life-continues/,quote story,individually authored story,indexable,indexable,in sitemap,KEEP_INDEXED,https://echobuddha.com/quotes/,Built 2026-08-11T02:17:46.273Z; 618 words; 17 content headings; individually authored story; nearest /quotes/impermanence/meet-change-softly/ combined overlap 66.0%; external source links 0,Individually authored reflection retains a distinct narrative and remains in the curated indexed subset.
https://echobuddha.com/quotes/impermanence/change-takes-nothing-personally-it-simply-continues/,quote story,generated story,indexable,noindex,out of sitemap,NOINDEX,https://echobuddha.com/quotes/,Built 2026-08-11T02:17:46.273Z; 620 words; 17 content headings; generated story; nearest /quotes/impermanence/everything-changes-including-the-part-of-you-that-fears/ combined overlap 86.7%; external source links 0,Mechanically generated story has high structural overlap and limited independent search value; route and internal discovery remain available.
https://echobuddha.com/quotes/impermanence/everything-changes-including-the-part-of-you-that-fears/,quote story,generated story,indexable,noindex,out of sitemap,NOINDEX,https://echobuddha.com/quotes/,Built 2026-08-11T02:17:46.273Z; 650 words; 17 content headings; generated story; nearest /quotes/impermanence/change-takes-nothing-personally-it-simply-continues/ combined overlap 86.7%; external source links 0,Mechanically generated story has high structural overlap and limited independent search value; route and internal discovery remain available.
https://echobuddha.com/quotes/impermanence/hold-each-day-carefully-knowing-it-cannot-be-held/,quote story,generated story,noindex,noindex,out of sitemap,KEEP_NOINDEXED,https://echobuddha.com/quotes/,Current noindex page preserved; not part of the indexable scoring population.,Existing noindex generated story remains accessible and excluded from the sitemap.
https://echobuddha.com/quotes/impermanence/meet-change-softly/,quote story,individually authored story,indexable,indexable,in sitemap,KEEP_INDEXED,https://echobuddha.com/quotes/,Built 2026-08-11T02:17:46.273Z; 624 words; 17 content headings; individually authored story; nearest /quotes/impermanence/change-is-how-life-continues/ combined overlap 66.0%; external source links 0,Individually authored reflection retains a distinct narrative and remains in the curated indexed subset.
https://echobuddha.com/quotes/impermanence/no-season-is-asked-to-remain-in-order-to/,quote story,generated story,noindex,noindex,out of sitemap,KEEP_NOINDEXED,https://echobuddha.com/quotes/,Current noindex page preserved; not part of the indexable scoring population.,Existing noindex generated story remains accessible and excluded from the sitemap.
https://echobuddha.com/quotes/impermanence/the-fading-flower-does-not-make-its-blooming-less/,quote story,generated story,indexable,noindex,out of sitemap,NOINDEX,https://echobuddha.com/quotes/,Built 2026-08-11T02:17:46.273Z; 656 words; 17 content headings; generated story; nearest /quotes/impermanence/change-takes-nothing-personally-it-simply-continues/ combined overlap 85.5%; external source links 0,Mechanically generated story has high structural overlap and limited independent search value; route and internal discovery remain available.
https://echobuddha.com/quotes/impermanence/the-passing-of-joy-teaches-gratitude-the-passing-of/,quote story,generated story,indexable,noindex,out of sitemap,NOINDEX,https://echobuddha.com/quotes/,Built 2026-08-11T02:17:46.273Z; 654 words; 17 content headings; generated story; nearest /quotes/impermanence/everything-changes-including-the-part-of-you-that-fears/ combined overlap 84.6%; external source links 0,Mechanically generated story has high structural overlap and limited independent search value; route and internal discovery remain available.
https://echobuddha.com/quotes/impermanence/todays-certainty-may-become-tomorrows-lesson-in-humility/,quote story,generated story,indexable,noindex,out of sitemap,NOINDEX,https://echobuddha.com/quotes/,Built 2026-08-11T02:17:46.273Z; 620 words; 17 content headings; generated story; nearest /quotes/impermanence/the-passing-of-joy-teaches-gratitude-the-passing-of/ combined overlap 83.6%; external source links 0,Mechanically generated story has high structural overlap and limited independent search value; route and internal discovery remain available.
https://echobuddha.com/quotes/impermanence/what-changes-is-not-always-lost-sometimes-it-is/,quote story,generated story,noindex,noindex,out of sitemap,KEEP_NOINDEXED,https://echobuddha.com/quotes/,Current noindex page preserved; not part of the indexable scoring population.,Existing noindex generated story remains accessible and excluded from the sitemap.
https://echobuddha.com/quotes/letting-go/an-open-hand-can-care-for-what-a-clenched/,quote story,generated story,indexable,noindex,out of sitemap,NOINDEX,https://echobuddha.com/quotes/,Built 2026-08-11T02:17:46.273Z; 655 words; 17 content headings; generated story; nearest /quotes/letting-go/you-can-honor-the-past-without-asking-it-to/ combined overlap 84.0%; external source links 0,Mechanically generated story has high structural overlap and limited independent search value; route and internal discovery remain available.
https://echobuddha.com/quotes/letting-go/caring-without-clinging/,quote story,individually authored story,indexable,indexable,in sitemap,KEEP_INDEXED,https://echobuddha.com/quotes/,Built 2026-08-11T02:17:46.273Z; 638 words; 17 content headings; individually authored story; nearest /quotes/letting-go/where-attachment-begins/ combined overlap 67.8%; external source links 0,Individually authored reflection retains a distinct narrative and remains in the curated indexed subset.
https://echobuddha.com/quotes/letting-go/forgiveness-without-approving-harm/,quote story,individually authored story,indexable,indexable,in sitemap,KEEP_INDEXED,https://echobuddha.com/quotes/,Built 2026-08-11T02:17:46.273Z; 627 words; 17 content headings; individually authored story; nearest /quotes/letting-go/soften-around-stress/ combined overlap 66.9%; external source links 0,Individually authored reflection retains a distinct narrative and remains in the curated indexed subset.
https://echobuddha.com/quotes/letting-go/freedom-often-sounds-like-the-quiet-end-of-an/,quote story,generated story,noindex,noindex,out of sitemap,KEEP_NOINDEXED,https://echobuddha.com/quotes/,Current noindex page preserved; not part of the indexable scoring population.,Existing noindex generated story remains accessible and excluded from the sitemap.
https://echobuddha.com/quotes/letting-go/let-the-feeling-pass-through-without-building-it-a/,quote story,generated story,noindex,noindex,out of sitemap,KEEP_NOINDEXED,https://echobuddha.com/quotes/,Current noindex page preserved; not part of the indexable scoring population.,Existing noindex generated story remains accessible and excluded from the sitemap.
https://echobuddha.com/quotes/letting-go/letting-go-begins-by-admitting-how-tightly-you-are/,quote story,generated story,indexable,noindex,out of sitemap,NOINDEX,https://echobuddha.com/quotes/,Built 2026-08-11T02:17:46.273Z; 640 words; 17 content headings; generated story; nearest /quotes/letting-go/you-do-not-need-to-carry-every-thought-that/ combined overlap 87.6%; external source links 0,Mechanically generated story has high structural overlap and limited independent search value; route and internal discovery remain available.
https://echobuddha.com/quotes/letting-go/open-hands-non-attachment/,quote story,individually authored story,indexable,indexable,in sitemap,KEEP_INDEXED,https://echobuddha.com/quotes/,Built 2026-08-11T02:17:46.273Z; 628 words; 17 content headings; individually authored story; nearest /quotes/letting-go/where-attachment-begins/ combined overlap 67.7%; external source links 0,Individually authored reflection retains a distinct narrative and remains in the curated indexed subset.
https://echobuddha.com/quotes/letting-go/peace-enters-when-control-is-no-longer-the-price/,quote story,generated story,indexable,noindex,out of sitemap,NOINDEX,https://echobuddha.com/quotes/,Built 2026-08-11T02:17:46.273Z; 669 words; 17 content headings; generated story; nearest /quotes/letting-go/you-do-not-need-to-carry-every-thought-that/ combined overlap 85.7%; external source links 0,Mechanically generated story has high structural overlap and limited independent search value; route and internal discovery remain available.
https://echobuddha.com/quotes/letting-go/release-the-need-to-replay-what-can-no-longer/,quote story,generated story,indexable,noindex,out of sitemap,NOINDEX,https://echobuddha.com/quotes/,Built 2026-08-11T02:17:46.273Z; 638 words; 17 content headings; generated story; nearest /quotes/letting-go/you-do-not-need-to-carry-every-thought-that/ combined overlap 85.7%; external source links 0,Mechanically generated story has high structural overlap and limited independent search value; route and internal discovery remain available.
https://echobuddha.com/quotes/letting-go/release-the-outcome-but-keep-the-care-you-bring/,quote story,generated story,noindex,noindex,out of sitemap,KEEP_NOINDEXED,https://echobuddha.com/quotes/,Current noindex page preserved; not part of the indexable scoring population.,Existing noindex generated story remains accessible and excluded from the sitemap.
https://echobuddha.com/quotes/letting-go/soften-around-stress/,quote story,individually authored story,indexable,indexable,in sitemap,KEEP_INDEXED,https://echobuddha.com/quotes/,Built 2026-08-11T02:17:46.273Z; 639 words; 17 content headings; individually authored story; nearest /quotes/letting-go/caring-without-clinging/ combined overlap 67.6%; external source links 0,Individually authored reflection retains a distinct narrative and remains in the curated indexed subset.
https://echobuddha.com/quotes/letting-go/what-leaves-your-life-may-still-leave-wisdom-behind/,quote story,generated story,noindex,noindex,out of sitemap,KEEP_NOINDEXED,https://echobuddha.com/quotes/,Current noindex page preserved; not part of the indexable scoring population.,Existing noindex generated story remains accessible and excluded from the sitemap.
https://echobuddha.com/quotes/letting-go/where-attachment-begins/,quote story,individually authored story,indexable,indexable,in sitemap,KEEP_INDEXED,https://echobuddha.com/quotes/,Built 2026-08-11T02:17:46.273Z; 602 words; 17 content headings; individually authored story; nearest /quotes/letting-go/caring-without-clinging/ combined overlap 67.8%; external source links 0,Individually authored reflection retains a distinct narrative and remains in the curated indexed subset.
https://echobuddha.com/quotes/letting-go/you-can-honor-the-past-without-asking-it-to/,quote story,generated story,indexable,noindex,out of sitemap,NOINDEX,https://echobuddha.com/quotes/,Built 2026-08-11T02:17:46.273Z; 672 words; 17 content headings; generated story; nearest /quotes/letting-go/you-do-not-need-to-carry-every-thought-that/ combined overlap 85.4%; external source links 0,Mechanically generated story has high structural overlap and limited independent search value; route and internal discovery remain available.
https://echobuddha.com/quotes/letting-go/you-do-not-betray-a-memory-by-allowing-yourself/,quote story,generated story,noindex,noindex,out of sitemap,KEEP_NOINDEXED,https://echobuddha.com/quotes/,Current noindex page preserved; not part of the indexable scoring population.,Existing noindex generated story remains accessible and excluded from the sitemap.
https://echobuddha.com/quotes/letting-go/you-do-not-need-to-carry-every-thought-that/,quote story,generated story,indexable,noindex,out of sitemap,NOINDEX,https://echobuddha.com/quotes/,Built 2026-08-11T02:17:46.273Z; 646 words; 17 content headings; generated story; nearest /quotes/letting-go/letting-go-begins-by-admitting-how-tightly-you-are/ combined overlap 87.6%; external source links 0,Mechanically generated story has high structural overlap and limited independent search value; route and internal discovery remain available.
https://echobuddha.com/quotes/meditation/a-short-sincere-practice-can-steady-a-long-and/,quote story,generated story,indexable,noindex,out of sitemap,NOINDEX,https://echobuddha.com/quotes/,Built 2026-08-11T02:17:46.273Z; 669 words; 17 content headings; generated story; nearest /quotes/meditation/silence-is-not-empty-when-the-heart-is-listening/ combined overlap 85.9%; external source links 0,Mechanically generated story has high structural overlap and limited independent search value; route and internal discovery remain available.
https://echobuddha.com/quotes/meditation/do-not-search-meditation-for-a-special-self-notice/,quote story,generated story,noindex,noindex,out of sitemap,KEEP_NOINDEXED,https://echobuddha.com/quotes/,Current noindex page preserved; not part of the indexable scoring population.,Existing noindex generated story remains accessible and excluded from the sitemap.
https://echobuddha.com/quotes/meditation/every-return-from-distraction-strengthens-the-path-home/,quote story,generated story,noindex,noindex,out of sitemap,KEEP_NOINDEXED,https://echobuddha.com/quotes/,Current noindex page preserved; not part of the indexable scoring population.,Existing noindex generated story remains accessible and excluded from the sitemap.
https://echobuddha.com/quotes/meditation/few-quiet-minutes/,quote story,individually authored story,indexable,indexable,in sitemap,KEEP_INDEXED,https://echobuddha.com/quotes/,Built 2026-08-11T02:17:46.273Z; 666 words; 17 content headings; individually authored story; nearest /quotes/meditation/one-honest-breath/ combined overlap 65.3%; external source links 0,Individually authored reflection retains a distinct narrative and remains in the curated indexed subset.
https://echobuddha.com/quotes/meditation/follow-the-breath-lightly-as-you-would-listen-to/,quote story,generated story,indexable,noindex,out of sitemap,NOINDEX,https://echobuddha.com/quotes/,Built 2026-08-11T02:17:46.273Z; 638 words; 17 content headings; generated story; nearest /quotes/meditation/silence-is-not-empty-when-the-heart-is-listening/ combined overlap 85.8%; external source links 0,Mechanically generated story has high structural overlap and limited independent search value; route and internal discovery remain available.
https://echobuddha.com/quotes/meditation/meditation-is-not-leaving-life-it-is-learning-how/,quote story,generated story,indexable,noindex,out of sitemap,NOINDEX,https://echobuddha.com/quotes/,Built 2026-08-11T02:17:46.273Z; 627 words; 17 content headings; generated story; nearest /quotes/meditation/silence-is-not-empty-when-the-heart-is-listening/ combined overlap 85.1%; external source links 0,Mechanically generated story has high structural overlap and limited independent search value; route and internal discovery remain available.
https://echobuddha.com/quotes/meditation/meditation-is-returning/,quote story,individually authored story,indexable,indexable,in sitemap,KEEP_INDEXED,https://echobuddha.com/quotes/,Built 2026-08-11T02:17:46.273Z; 646 words; 17 content headings; individually authored story; nearest /quotes/meditation/one-honest-breath/ combined overlap 66.1%; external source links 0,Individually authored reflection retains a distinct narrative and remains in the curated indexed subset.
https://echobuddha.com/quotes/meditation/one-honest-breath/,quote story,individually authored story,indexable,indexable,in sitemap,KEEP_INDEXED,https://echobuddha.com/quotes/,Built 2026-08-11T02:17:46.273Z; 670 words; 17 content headings; individually authored story; nearest /quotes/meditation/meditation-is-returning/ combined overlap 66.1%; external source links 0,Individually authored reflection retains a distinct narrative and remains in the curated indexed subset.
https://echobuddha.com/quotes/meditation/silence-is-not-empty-when-the-heart-is-listening/,quote story,generated story,indexable,noindex,out of sitemap,NOINDEX,https://echobuddha.com/quotes/,Built 2026-08-11T02:17:46.273Z; 621 words; 17 content headings; generated story; nearest /quotes/meditation/a-short-sincere-practice-can-steady-a-long-and/ combined overlap 85.9%; external source links 0,Mechanically generated story has high structural overlap and limited independent search value; route and internal discovery remain available.
https://echobuddha.com/quotes/meditation/sit-with-the-day-as-it-is-before-asking/,quote story,generated story,noindex,noindex,out of sitemap,KEEP_NOINDEXED,https://echobuddha.com/quotes/,Current noindex page preserved; not part of the indexable scoring population.,Existing noindex generated story remains accessible and excluded from the sitemap.
https://echobuddha.com/quotes/meditation/sit-without-demanding-silence-and-the-mind-will-teach/,quote story,generated story,indexable,noindex,out of sitemap,NOINDEX,https://echobuddha.com/quotes/,Built 2026-08-11T02:17:46.273Z; 676 words; 17 content headings; generated story; nearest /quotes/meditation/silence-is-not-empty-when-the-heart-is-listening/ combined overlap 85.3%; external source links 0,Mechanically generated story has high structural overlap and limited independent search value; route and internal discovery remain available.
https://echobuddha.com/quotes/meditation/the-bell-fades-but-careful-listening-can-continue/,quote story,generated story,noindex,noindex,out of sitemap,KEEP_NOINDEXED,https://echobuddha.com/quotes/,Current noindex page preserved; not part of the indexable scoring population.,Existing noindex generated story remains accessible and excluded from the sitemap.
https://echobuddha.com/quotes/meditation/the-cushion-is-a-place-to-practice-returning-not/,quote story,generated story,indexable,noindex,out of sitemap,NOINDEX,https://echobuddha.com/quotes/,Built 2026-08-11T02:17:46.273Z; 652 words; 17 content headings; generated story; nearest /quotes/meditation/silence-is-not-empty-when-the-heart-is-listening/ combined overlap 85.6%; external source links 0,Mechanically generated story has high structural overlap and limited independent search value; route and internal discovery remain available.
https://echobuddha.com/quotes/meditation/when-stillness-feels-impossible-begin-by-noticing-the-restlessness/,quote story,generated story,noindex,noindex,out of sitemap,KEEP_NOINDEXED,https://echobuddha.com/quotes/,Current noindex page preserved; not part of the indexable scoring population.,Existing noindex generated story remains accessible and excluded from the sitemap.
https://echobuddha.com/quotes/mindfulness/a-peaceful-mind-begins-with-one-honest-breath/,quote story,generated story,indexable,noindex,out of sitemap,NOINDEX,https://echobuddha.com/quotes/,Built 2026-08-11T02:17:46.273Z; 658 words; 17 content headings; generated story; nearest /quotes/mindfulness/the-present-moment-asks-for-your-attention-not-your/ combined overlap 85.9%; external source links 0,Mechanically generated story has high structural overlap and limited independent search value; route and internal discovery remain available.
https://echobuddha.com/quotes/mindfulness/a-wandering-mind-is-not-a-failed-mind-it/,quote story,generated story,noindex,noindex,out of sitemap,KEEP_NOINDEXED,https://echobuddha.com/quotes/,Current noindex page preserved; not part of the indexable scoring population.,Existing noindex generated story remains accessible and excluded from the sitemap.
https://echobuddha.com/quotes/mindfulness/awareness-begins-when-hurry-loosens-its-hold/,quote story,generated story,noindex,noindex,out of sitemap,KEEP_NOINDEXED,https://echobuddha.com/quotes/,Current noindex page preserved; not part of the indexable scoring population.,Existing noindex generated story remains accessible and excluded from the sitemap.
https://echobuddha.com/quotes/mindfulness/begin-the-day-with-awareness/,quote story,individually authored story,indexable,indexable,in sitemap,KEEP_INDEXED,https://echobuddha.com/quotes/,Built 2026-08-11T02:17:46.273Z; 723 words; 17 content headings; individually authored story; nearest /quotes/mindfulness/listen-before-answering/ combined overlap 65.7%; external source links 0,Individually authored reflection retains a distinct narrative and remains in the curated indexed subset.
https://echobuddha.com/quotes/mindfulness/give-one-ordinary-task-the-dignity-of-your-full/,quote story,generated story,noindex,noindex,out of sitemap,KEEP_NOINDEXED,https://echobuddha.com/quotes/,Current noindex page preserved; not part of the indexable scoring population.,Existing noindex generated story remains accessible and excluded from the sitemap.
https://echobuddha.com/quotes/mindfulness/gratitude-notices-enough/,quote story,individually authored story,indexable,indexable,in sitemap,KEEP_INDEXED,https://echobuddha.com/quotes/,Built 2026-08-11T02:17:46.273Z; 631 words; 17 content headings; individually authored story; nearest /quotes/mindfulness/peace-begins-with-attention/ combined overlap 67.0%; external source links 0,Individually authored reflection retains a distinct narrative and remains in the curated indexed subset.
https://echobuddha.com/quotes/mindfulness/ground-yourself-gently/,quote story,individually authored story,indexable,indexable,in sitemap,KEEP_INDEXED,https://echobuddha.com/quotes/,Built 2026-08-11T02:17:46.273Z; 656 words; 17 content headings; individually authored story; nearest /quotes/mindfulness/peace-begins-with-attention/ combined overlap 66.7%; external source links 0,Individually authored reflection retains a distinct narrative and remains in the curated indexed subset.
https://echobuddha.com/quotes/mindfulness/listen-before-answering/,quote story,individually authored story,indexable,indexable,in sitemap,KEEP_INDEXED,https://echobuddha.com/quotes/,Built 2026-08-11T02:17:46.273Z; 656 words; 17 content headings; individually authored story; nearest /quotes/mindfulness/peace-begins-with-attention/ combined overlap 66.9%; external source links 0,Individually authored reflection retains a distinct narrative and remains in the curated indexed subset.
https://echobuddha.com/quotes/mindfulness/listen-to-the-moment-before-filling-it-with-your/,quote story,generated story,noindex,noindex,out of sitemap,KEEP_NOINDEXED,https://echobuddha.com/quotes/,Current noindex page preserved; not part of the indexable scoring population.,Existing noindex generated story remains accessible and excluded from the sitemap.
https://echobuddha.com/quotes/mindfulness/notice-what-is-here-before-deciding-what-it-means/,quote story,generated story,indexable,noindex,out of sitemap,NOINDEX,https://echobuddha.com/quotes/,Built 2026-08-11T02:17:46.273Z; 630 words; 17 content headings; generated story; nearest /quotes/mindfulness/peace-grows-when-attention-stops-running-ahead-of-the/ combined overlap 86.2%; external source links 0,Mechanically generated story has high structural overlap and limited independent search value; route and internal discovery remain available.
https://echobuddha.com/quotes/mindfulness/one-mindful-pause-can-change-the-direction-of-an/,quote story,generated story,indexable,noindex,out of sitemap,NOINDEX,https://echobuddha.com/quotes/,Built 2026-08-11T02:17:46.273Z; 651 words; 17 content headings; generated story; nearest /quotes/mindfulness/the-present-moment-asks-for-your-attention-not-your/ combined overlap 86.3%; external source links 0,Mechanically generated story has high structural overlap and limited independent search value; route and internal discovery remain available.
https://echobuddha.com/quotes/mindfulness/peace-begins-with-attention/,quote story,individually authored story,indexable,indexable,in sitemap,KEEP_INDEXED,https://echobuddha.com/quotes/,Built 2026-08-11T02:17:46.273Z; 677 words; 17 content headings; individually authored story; nearest /quotes/mindfulness/gratitude-notices-enough/ combined overlap 67.0%; external source links 0,Individually authored reflection retains a distinct narrative and remains in the curated indexed subset.
https://echobuddha.com/quotes/mindfulness/peace-grows-when-attention-stops-running-ahead-of-the/,quote story,generated story,indexable,noindex,out of sitemap,NOINDEX,https://echobuddha.com/quotes/,Built 2026-08-11T02:17:46.273Z; 650 words; 17 content headings; generated story; nearest /quotes/mindfulness/notice-what-is-here-before-deciding-what-it-means/ combined overlap 86.2%; external source links 0,Mechanically generated story has high structural overlap and limited independent search value; route and internal discovery remain available.
https://echobuddha.com/quotes/mindfulness/present-moment-one-step/,quote story,individually authored story,indexable,indexable,in sitemap,KEEP_INDEXED,https://echobuddha.com/quotes/,Built 2026-08-11T02:17:46.273Z; 659 words; 17 content headings; individually authored story; nearest /quotes/mindfulness/gratitude-notices-enough/ combined overlap 66.5%; external source links 0,Individually authored reflection retains a distinct narrative and remains in the curated indexed subset.
https://echobuddha.com/quotes/mindfulness/return-to-the-breath-before-you-return-to-the/,quote story,generated story,indexable,noindex,out of sitemap,NOINDEX,https://echobuddha.com/quotes/,Built 2026-08-11T02:17:46.273Z; 654 words; 17 content headings; generated story; nearest /quotes/mindfulness/peace-grows-when-attention-stops-running-ahead-of-the/ combined overlap 85.0%; external source links 0,Mechanically generated story has high structural overlap and limited independent search value; route and internal discovery remain available.
https://echobuddha.com/quotes/mindfulness/the-more-clearly-you-notice-life-the-less-carelessly/,quote story,generated story,noindex,noindex,out of sitemap,KEEP_NOINDEXED,https://echobuddha.com/quotes/,Current noindex page preserved; not part of the indexable scoring population.,Existing noindex generated story remains accessible and excluded from the sitemap.
https://echobuddha.com/quotes/mindfulness/the-present-moment-asks-for-your-attention-not-your/,quote story,generated story,indexable,noindex,out of sitemap,NOINDEX,https://echobuddha.com/quotes/,Built 2026-08-11T02:17:46.273Z; 676 words; 17 content headings; generated story; nearest /quotes/mindfulness/one-mindful-pause-can-change-the-direction-of-an/ combined overlap 86.3%; external source links 0,Mechanically generated story has high structural overlap and limited independent search value; route and internal discovery remain available.
https://echobuddha.com/quotes/patience/a-difficult-moment-becomes-heavier-when-we-demand-that/,quote story,generated story,noindex,noindex,out of sitemap,KEEP_NOINDEXED,https://echobuddha.com/quotes/,Current noindex page preserved; not part of the indexable scoring population.,Existing noindex generated story remains accessible and excluded from the sitemap.
https://echobuddha.com/quotes/patience/be-patient-with-the-part-of-you-that-is/,quote story,generated story,indexable,noindex,out of sitemap,NOINDEX,https://echobuddha.com/quotes/,Built 2026-08-11T02:17:46.273Z; 696 words; 17 content headings; generated story; nearest /quotes/patience/when-anger-rises-pause-long-enough-to-see-the/ combined overlap 87.0%; external source links 0,Mechanically generated story has high structural overlap and limited independent search value; route and internal discovery remain available.
https://echobuddha.com/quotes/patience/family-kindness-and-patience/,quote story,individually authored story,indexable,indexable,in sitemap,KEEP_INDEXED,https://echobuddha.com/quotes/,Built 2026-08-11T02:17:46.273Z; 665 words; 17 content headings; individually authored story; nearest /quotes/patience/patience-softens-the-wait/ combined overlap 65.0%; external source links 0,Individually authored reflection retains a distinct narrative and remains in the curated indexed subset.
https://echobuddha.com/quotes/patience/growth-is-quiet-work-often-invisible-until-the-season/,quote story,generated story,indexable,noindex,out of sitemap,NOINDEX,https://echobuddha.com/quotes/,Built 2026-08-11T02:17:46.273Z; 665 words; 17 content headings; generated story; nearest /quotes/patience/not-every-delay-is-an-obstacle-some-are-invitations/ combined overlap 84.2%; external source links 0,Mechanically generated story has high structural overlap and limited independent search value; route and internal discovery remain available.
https://echobuddha.com/quotes/patience/not-every-delay-is-an-obstacle-some-are-invitations/,quote story,generated story,indexable,noindex,out of sitemap,NOINDEX,https://echobuddha.com/quotes/,Built 2026-08-11T02:17:46.273Z; 663 words; 17 content headings; generated story; nearest /quotes/patience/patience-is-the-strength-to-remain-present-while-life/ combined overlap 87.5%; external source links 0,Mechanically generated story has high structural overlap and limited independent search value; route and internal discovery remain available.
https://echobuddha.com/quotes/patience/patience-is-the-strength-to-remain-present-while-life/,quote story,generated story,indexable,noindex,out of sitemap,NOINDEX,https://echobuddha.com/quotes/,Built 2026-08-11T02:17:46.273Z; 700 words; 17 content headings; generated story; nearest /quotes/patience/not-every-delay-is-an-obstacle-some-are-invitations/ combined overlap 87.5%; external source links 0,Mechanically generated story has high structural overlap and limited independent search value; route and internal discovery remain available.
https://echobuddha.com/quotes/patience/patience-makes-room-for-truth-to-arrive-without-force/,quote story,generated story,noindex,noindex,out of sitemap,KEEP_NOINDEXED,https://echobuddha.com/quotes/,Current noindex page preserved; not part of the indexable scoring population.,Existing noindex generated story remains accessible and excluded from the sitemap.
https://echobuddha.com/quotes/patience/patience-softens-the-wait/,quote story,individually authored story,indexable,indexable,in sitemap,KEEP_INDEXED,https://echobuddha.com/quotes/,Built 2026-08-11T02:17:46.273Z; 652 words; 17 content headings; individually authored story; nearest /quotes/patience/family-kindness-and-patience/ combined overlap 65.0%; external source links 0,Individually authored reflection retains a distinct narrative and remains in the curated indexed subset.
https://echobuddha.com/quotes/patience/some-answers-become-clear-only-after-the-mind-stops/,quote story,generated story,noindex,noindex,out of sitemap,KEEP_NOINDEXED,https://echobuddha.com/quotes/,Current noindex page preserved; not part of the indexable scoring population.,Existing noindex generated story remains accessible and excluded from the sitemap.
https://echobuddha.com/quotes/patience/stay-gentle-with-beginnings-they-are-carrying-more-than/,quote story,generated story,noindex,noindex,out of sitemap,KEEP_NOINDEXED,https://echobuddha.com/quotes/,Current noindex page preserved; not part of the indexable scoring population.,Existing noindex generated story remains accessible and excluded from the sitemap.
https://echobuddha.com/quotes/patience/the-path-unfolds-at-the-pace-of-sincere-practice/,quote story,generated story,noindex,noindex,out of sitemap,KEEP_NOINDEXED,https://echobuddha.com/quotes/,Current noindex page preserved; not part of the indexable scoring population.,Existing noindex generated story remains accessible and excluded from the sitemap.
https://echobuddha.com/quotes/patience/wait-long-enough-for-the-first-reaction-to-become/,quote story,generated story,indexable,noindex,out of sitemap,NOINDEX,https://echobuddha.com/quotes/,Built 2026-08-11T02:17:46.273Z; 680 words; 17 content headings; generated story; nearest /quotes/patience/not-every-delay-is-an-obstacle-some-are-invitations/ combined overlap 86.4%; external source links 0,Mechanically generated story has high structural overlap and limited independent search value; route and internal discovery remain available.
https://echobuddha.com/quotes/patience/when-anger-rises-pause-long-enough-to-see-the/,quote story,generated story,indexable,noindex,out of sitemap,NOINDEX,https://echobuddha.com/quotes/,Built 2026-08-11T02:17:46.273Z; 681 words; 17 content headings; generated story; nearest /quotes/patience/be-patient-with-the-part-of-you-that-is/ combined overlap 87.0%; external source links 0,Mechanically generated story has high structural overlap and limited independent search value; route and internal discovery remain available.
https://echobuddha.com/quotes/practice/a-peaceful-life-is-built-from-peaceful-moments-practiced/,quote story,generated story,noindex,noindex,out of sitemap,KEEP_NOINDEXED,https://echobuddha.com/quotes/,Current noindex page preserved; not part of the indexable scoring population.,Existing noindex generated story remains accessible and excluded from the sitemap.
https://echobuddha.com/quotes/practice/begin-with-what-is-possible-then-return-tomorrow/,quote story,generated story,noindex,noindex,out of sitemap,KEEP_NOINDEXED,https://echobuddha.com/quotes/,Current noindex page preserved; not part of the indexable scoring population.,Existing noindex generated story remains accessible and excluded from the sitemap.
https://echobuddha.com/quotes/practice/bring-the-teaching-into-the-place-where-you-are/,quote story,generated story,noindex,noindex,out of sitemap,KEEP_NOINDEXED,https://echobuddha.com/quotes/,Current noindex page preserved; not part of the indexable scoring population.,Existing noindex generated story remains accessible and excluded from the sitemap.
https://echobuddha.com/quotes/practice/daily-practice-turns-understanding-from-an-idea-into-a/,quote story,generated story,noindex,noindex,out of sitemap,KEEP_NOINDEXED,https://echobuddha.com/quotes/,Current noindex page preserved; not part of the indexable scoring population.,Existing noindex generated story remains accessible and excluded from the sitemap.
https://echobuddha.com/quotes/practice/do-not-wait-to-feel-ready-before-choosing-what/,quote story,generated story,indexable,noindex,out of sitemap,NOINDEX,https://echobuddha.com/quotes/,Built 2026-08-11T02:17:46.273Z; 641 words; 17 content headings; generated story; nearest /quotes/practice/your-next-response-is-always-part-of-the-path/ combined overlap 84.2%; external source links 0,Mechanically generated story has high structural overlap and limited independent search value; route and internal discovery remain available.
https://echobuddha.com/quotes/practice/eightfold-path-daily-choices/,quote story,individually authored story,indexable,indexable,in sitemap,KEEP_INDEXED,https://echobuddha.com/quotes/,Built 2026-08-11T02:17:46.273Z; 639 words; 17 content headings; individually authored story; nearest /quotes/practice/mindfulness-at-work-breath/ combined overlap 69.1%; external source links 0,Individually authored reflection retains a distinct narrative and remains in the curated indexed subset.
https://echobuddha.com/quotes/practice/mindfulness-at-work-breath/,quote story,individually authored story,indexable,indexable,in sitemap,KEEP_INDEXED,https://echobuddha.com/quotes/,Built 2026-08-11T02:17:46.273Z; 641 words; 17 content headings; individually authored story; nearest /quotes/practice/eightfold-path-daily-choices/ combined overlap 69.1%; external source links 0,Individually authored reflection retains a distinct narrative and remains in the curated indexed subset.
https://echobuddha.com/quotes/practice/practice-becomes-real-when-it-enters-your-speech-and/,quote story,generated story,indexable,noindex,out of sitemap,NOINDEX,https://echobuddha.com/quotes/,Built 2026-08-11T02:17:46.273Z; 656 words; 17 content headings; generated story; nearest /quotes/practice/the-path-is-not-far-away-it-is-the/ combined overlap 87.6%; external source links 0,Mechanically generated story has high structural overlap and limited independent search value; route and internal discovery remain available.
https://echobuddha.com/quotes/practice/right-intention-turns-the-heart/,quote story,individually authored story,indexable,indexable,in sitemap,KEEP_INDEXED,https://echobuddha.com/quotes/,Built 2026-08-11T02:17:46.273Z; 644 words; 17 content headings; individually authored story; nearest /quotes/practice/eightfold-path-daily-choices/ combined overlap 68.7%; external source links 0,Individually authored reflection retains a distinct narrative and remains in the curated indexed subset.
https://echobuddha.com/quotes/practice/small-actions-shape-the-mind/,quote story,individually authored story,indexable,indexable,in sitemap,KEEP_INDEXED,https://echobuddha.com/quotes/,Built 2026-08-11T02:17:46.273Z; 660 words; 17 content headings; individually authored story; nearest /quotes/practice/eightfold-path-daily-choices/ combined overlap 68.8%; external source links 0,Individually authored reflection retains a distinct narrative and remains in the curated indexed subset.
https://echobuddha.com/quotes/practice/the-path-is-not-far-away-it-is-the/,quote story,generated story,indexable,noindex,out of sitemap,NOINDEX,https://echobuddha.com/quotes/,Built 2026-08-11T02:17:46.273Z; 655 words; 17 content headings; generated story; nearest /quotes/practice/practice-becomes-real-when-it-enters-your-speech-and/ combined overlap 87.6%; external source links 0,Mechanically generated story has high structural overlap and limited independent search value; route and internal discovery remain available.
https://echobuddha.com/quotes/practice/the-path-is-shaped-by-what-you-repeat-when/,quote story,generated story,noindex,noindex,out of sitemap,KEEP_NOINDEXED,https://echobuddha.com/quotes/,Current noindex page preserved; not part of the indexable scoring population.,Existing noindex generated story remains accessible and excluded from the sitemap.
https://echobuddha.com/quotes/practice/the-smallest-wholesome-action-is-larger-than-the-finest/,quote story,generated story,indexable,noindex,out of sitemap,NOINDEX,https://echobuddha.com/quotes/,Built 2026-08-11T02:17:46.273Z; 661 words; 17 content headings; generated story; nearest /quotes/practice/practice-becomes-real-when-it-enters-your-speech-and/ combined overlap 86.6%; external source links 0,Mechanically generated story has high structural overlap and limited independent search value; route and internal discovery remain available.
https://echobuddha.com/quotes/practice/walk-slowly-enough-to-notice-where-your-life-is/,quote story,generated story,indexable,noindex,out of sitemap,NOINDEX,https://echobuddha.com/quotes/,Built 2026-08-11T02:17:46.273Z; 673 words; 17 content headings; generated story; nearest /quotes/practice/practice-becomes-real-when-it-enters-your-speech-and/ combined overlap 87.2%; external source links 0,Mechanically generated story has high structural overlap and limited independent search value; route and internal discovery remain available.
https://echobuddha.com/quotes/practice/your-next-response-is-always-part-of-the-path/,quote story,generated story,indexable,noindex,out of sitemap,NOINDEX,https://echobuddha.com/quotes/,Built 2026-08-11T02:17:46.273Z; 623 words; 17 content headings; generated story; nearest /quotes/practice/the-path-is-not-far-away-it-is-the/ combined overlap 86.7%; external source links 0,Mechanically generated story has high structural overlap and limited independent search value; route and internal discovery remain available.
https://echobuddha.com/quotes/renewal/a-mistake-becomes-a-teacher-when-honesty-enters-the/,quote story,generated story,noindex,noindex,out of sitemap,KEEP_NOINDEXED,https://echobuddha.com/quotes/,Current noindex page preserved; not part of the indexable scoring population.,Existing noindex generated story remains accessible and excluded from the sitemap.
https://echobuddha.com/quotes/renewal/a-new-direction-can-start-with-one-different-choice/,quote story,generated story,indexable,noindex,out of sitemap,NOINDEX,https://echobuddha.com/quotes/,Built 2026-08-11T02:17:46.273Z; 627 words; 17 content headings; generated story; nearest /quotes/renewal/the-path-welcomes-your-return-more-often-than-pride/ combined overlap 85.2%; external source links 0,Mechanically generated story has high structural overlap and limited independent search value; route and internal discovery remain available.
https://echobuddha.com/quotes/renewal/begin-again-gently-the-breath-is-always-willing/,quote story,generated story,indexable,noindex,out of sitemap,NOINDEX,https://echobuddha.com/quotes/,Built 2026-08-11T02:17:46.273Z; 629 words; 17 content headings; generated story; nearest /quotes/renewal/the-path-welcomes-your-return-more-often-than-pride/ combined overlap 88.2%; external source links 0,Mechanically generated story has high structural overlap and limited independent search value; route and internal discovery remain available.
https://echobuddha.com/quotes/renewal/begin-again-without-shame/,quote story,individually authored story,indexable,indexable,in sitemap,KEEP_INDEXED,https://echobuddha.com/quotes/,Built 2026-08-11T02:17:46.273Z; 614 words; 17 content headings; individually authored story; nearest /quotes/renewal/one-calm-morning-intention/ combined overlap 67.2%; external source links 0,Individually authored reflection retains a distinct narrative and remains in the curated indexed subset.
https://echobuddha.com/quotes/renewal/begin-again-without-turning-yesterday-into-a-sentence/,quote story,generated story,indexable,noindex,out of sitemap,NOINDEX,https://echobuddha.com/quotes/,Built 2026-08-11T02:17:46.273Z; 616 words; 17 content headings; generated story; nearest /quotes/renewal/begin-again-gently-the-breath-is-always-willing/ combined overlap 85.6%; external source links 0,Mechanically generated story has high structural overlap and limited independent search value; route and internal discovery remain available.
https://echobuddha.com/quotes/renewal/do-not-confuse-an-old-pattern-with-an-unchangeable/,quote story,generated story,noindex,noindex,out of sitemap,KEEP_NOINDEXED,https://echobuddha.com/quotes/,Current noindex page preserved; not part of the indexable scoring population.,Existing noindex generated story remains accessible and excluded from the sitemap.
https://echobuddha.com/quotes/renewal/each-conscious-breath-is-a-small-vote-for-beginning/,quote story,generated story,noindex,noindex,out of sitemap,KEEP_NOINDEXED,https://echobuddha.com/quotes/,Current noindex page preserved; not part of the indexable scoring population.,Existing noindex generated story remains accessible and excluded from the sitemap.
https://echobuddha.com/quotes/renewal/evening-release-reflection/,quote story,individually authored story,indexable,indexable,in sitemap,KEEP_INDEXED,https://echobuddha.com/quotes/,Built 2026-08-11T02:17:46.273Z; 638 words; 17 content headings; individually authored story; nearest /quotes/renewal/one-calm-morning-intention/ combined overlap 67.6%; external source links 0,Individually authored reflection retains a distinct narrative and remains in the curated indexed subset.
https://echobuddha.com/quotes/renewal/gentle-hope-keeps-walking/,quote story,individually authored story,indexable,indexable,in sitemap,KEEP_INDEXED,https://echobuddha.com/quotes/,Built 2026-08-11T02:17:46.273Z; 619 words; 17 content headings; individually authored story; nearest /quotes/renewal/one-calm-morning-intention/ combined overlap 67.2%; external source links 0,Individually authored reflection retains a distinct narrative and remains in the curated indexed subset.
https://echobuddha.com/quotes/renewal/hope-can-be-quiet-and-still-keep-walking/,quote story,generated story,noindex,noindex,out of sitemap,KEEP_NOINDEXED,https://echobuddha.com/quotes/,Current noindex page preserved; not part of the indexable scoring population.,Existing noindex generated story remains accessible and excluded from the sitemap.
https://echobuddha.com/quotes/renewal/morning-is-not-the-only-time-a-life-can/,quote story,generated story,indexable,noindex,out of sitemap,NOINDEX,https://echobuddha.com/quotes/,Built 2026-08-11T02:17:46.273Z; 640 words; 17 content headings; generated story; nearest /quotes/renewal/begin-again-gently-the-breath-is-always-willing/ combined overlap 86.5%; external source links 0,Mechanically generated story has high structural overlap and limited independent search value; route and internal discovery remain available.
https://echobuddha.com/quotes/renewal/one-calm-morning-intention/,quote story,individually authored story,indexable,indexable,in sitemap,KEEP_INDEXED,https://echobuddha.com/quotes/,Built 2026-08-11T02:17:46.273Z; 645 words; 17 content headings; individually authored story; nearest /quotes/renewal/evening-release-reflection/ combined overlap 67.6%; external source links 0,Individually authored reflection retains a distinct narrative and remains in the curated indexed subset.
https://echobuddha.com/quotes/renewal/repair-what-you-can-forgive-what-you-cannot-redo/,quote story,generated story,noindex,noindex,out of sitemap,KEEP_NOINDEXED,https://echobuddha.com/quotes/,Current noindex page preserved; not part of the indexable scoring population.,Existing noindex generated story remains accessible and excluded from the sitemap.
https://echobuddha.com/quotes/renewal/the-path-welcomes-your-return-more-often-than-pride/,quote story,generated story,indexable,noindex,out of sitemap,NOINDEX,https://echobuddha.com/quotes/,Built 2026-08-11T02:17:46.273Z; 638 words; 17 content headings; generated story; nearest /quotes/renewal/begin-again-gently-the-breath-is-always-willing/ combined overlap 88.2%; external source links 0,Mechanically generated story has high structural overlap and limited independent search value; route and internal discovery remain available.
https://echobuddha.com/quotes/renewal/you-are-allowed-to-learn-slowly-and-still-be/,quote story,generated story,indexable,noindex,out of sitemap,NOINDEX,https://echobuddha.com/quotes/,Built 2026-08-11T02:17:46.273Z; 630 words; 17 content headings; generated story; nearest /quotes/renewal/begin-again-without-turning-yesterday-into-a-sentence/ combined overlap 83.9%; external source links 0,Mechanically generated story has high structural overlap and limited independent search value; route and internal discovery remain available.
https://echobuddha.com/quotes/wisdom/a-clear-mind-can-hold-two-truths-without-rushing/,quote story,generated story,indexable,noindex,out of sitemap,NOINDEX,https://echobuddha.com/quotes/,Built 2026-08-11T02:17:46.273Z; 680 words; 17 content headings; generated story; nearest /quotes/wisdom/knowing-when-not-to-speak-is-also-a-form/ combined overlap 85.4%; external source links 0,Mechanically generated story has high structural overlap and limited independent search value; route and internal discovery remain available.
https://echobuddha.com/quotes/wisdom/a-useful-truth-is-carried-with-humility-not-used/,quote story,generated story,noindex,noindex,out of sitemap,KEEP_NOINDEXED,https://echobuddha.com/quotes/,Current noindex page preserved; not part of the indexable scoring population.,Existing noindex generated story remains accessible and excluded from the sitemap.
https://echobuddha.com/quotes/wisdom/contentment-with-what-is-here/,quote story,individually authored story,indexable,indexable,in sitemap,KEEP_INDEXED,https://echobuddha.com/quotes/,Built 2026-08-11T02:17:46.273Z; 629 words; 17 content headings; individually authored story; nearest /quotes/wisdom/understanding-suffering-honestly/ combined overlap 66.5%; external source links 0,Individually authored reflection retains a distinct narrative and remains in the curated indexed subset.
https://echobuddha.com/quotes/wisdom/difficult-people-and-boundaries/,quote story,individually authored story,indexable,indexable,in sitemap,KEEP_INDEXED,https://echobuddha.com/quotes/,Built 2026-08-11T02:17:46.273Z; 615 words; 17 content headings; individually authored story; nearest /quotes/wisdom/wisdom-sees-clearly/ combined overlap 67.6%; external source links 0,Individually authored reflection retains a distinct narrative and remains in the curated indexed subset.
https://echobuddha.com/quotes/wisdom/karma-begins-in-intention/,quote story,individually authored story,indexable,indexable,in sitemap,KEEP_INDEXED,https://echobuddha.com/quotes/,Built 2026-08-11T02:17:46.273Z; 612 words; 17 content headings; individually authored story; nearest /quotes/wisdom/wise-silence/ combined overlap 67.7%; external source links 0,Individually authored reflection retains a distinct narrative and remains in the curated indexed subset.
https://echobuddha.com/quotes/wisdom/knowing-when-not-to-speak-is-also-a-form/,quote story,generated story,indexable,noindex,out of sitemap,NOINDEX,https://echobuddha.com/quotes/,Built 2026-08-11T02:17:46.273Z; 644 words; 17 content headings; generated story; nearest /quotes/wisdom/a-clear-mind-can-hold-two-truths-without-rushing/ combined overlap 85.4%; external source links 0,Mechanically generated story has high structural overlap and limited independent search value; route and internal discovery remain available.
https://echobuddha.com/quotes/wisdom/learn-from-discomfort-without-turning-suffering-into-an-identity/,quote story,generated story,noindex,noindex,out of sitemap,KEEP_NOINDEXED,https://echobuddha.com/quotes/,Current noindex page preserved; not part of the indexable scoring population.,Existing noindex generated story remains accessible and excluded from the sitemap.
https://echobuddha.com/quotes/wisdom/right-speech-with-kindness/,quote story,individually authored story,indexable,indexable,in sitemap,KEEP_INDEXED,https://echobuddha.com/quotes/,Built 2026-08-11T02:17:46.273Z; 659 words; 17 content headings; individually authored story; nearest /quotes/wisdom/karma-begins-in-intention/ combined overlap 67.6%; external source links 0,Individually authored reflection retains a distinct narrative and remains in the curated indexed subset.
https://echobuddha.com/quotes/wisdom/see-the-conditions-behind-an-action-and-blame-may/,quote story,generated story,noindex,noindex,out of sitemap,KEEP_NOINDEXED,https://echobuddha.com/quotes/,Current noindex page preserved; not part of the indexable scoring population.,Existing noindex generated story remains accessible and excluded from the sitemap.
https://echobuddha.com/quotes/wisdom/simplicity-clears-the-room/,quote story,individually authored story,indexable,indexable,in sitemap,KEEP_INDEXED,https://echobuddha.com/quotes/,Built 2026-08-11T02:17:46.273Z; 650 words; 17 content headings; individually authored story; nearest /quotes/wisdom/wise-silence/ combined overlap 66.7%; external source links 0,Individually authored reflection retains a distinct narrative and remains in the curated indexed subset.
https://echobuddha.com/quotes/wisdom/the-lesson-repeats-until-attention-replaces-habit/,quote story,generated story,indexable,noindex,out of sitemap,NOINDEX,https://echobuddha.com/quotes/,Built 2026-08-11T02:17:46.273Z; 650 words; 17 content headings; generated story; nearest /quotes/wisdom/wisdom-is-the-art-of-meeting-life-without-adding/ combined overlap 85.2%; external source links 0,Mechanically generated story has high structural overlap and limited independent search value; route and internal discovery remain available.
https://echobuddha.com/quotes/wisdom/the-wise-heart-changes-course-when-clearer-seeing-arrives/,quote story,generated story,noindex,noindex,out of sitemap,KEEP_NOINDEXED,https://echobuddha.com/quotes/,Current noindex page preserved; not part of the indexable scoring population.,Existing noindex generated story remains accessible and excluded from the sitemap.
https://echobuddha.com/quotes/wisdom/understanding-suffering-honestly/,quote story,individually authored story,indexable,indexable,in sitemap,KEEP_INDEXED,https://echobuddha.com/quotes/,Built 2026-08-11T02:17:46.273Z; 626 words; 17 content headings; individually authored story; nearest /quotes/wisdom/wisdom-sees-clearly/ combined overlap 67.5%; external source links 0,Individually authored reflection retains a distinct narrative and remains in the curated indexed subset.
https://echobuddha.com/quotes/wisdom/what-feels-urgent-is-not-always-what-matters-most/,quote story,generated story,indexable,noindex,out of sitemap,NOINDEX,https://echobuddha.com/quotes/,Built 2026-08-11T02:17:46.273Z; 651 words; 17 content headings; generated story; nearest /quotes/wisdom/wisdom-is-the-art-of-meeting-life-without-adding/ combined overlap 85.3%; external source links 0,Mechanically generated story has high structural overlap and limited independent search value; route and internal discovery remain available.
https://echobuddha.com/quotes/wisdom/wisdom-is-less-interested-in-winning-than-in-ending/,quote story,generated story,noindex,noindex,out of sitemap,KEEP_NOINDEXED,https://echobuddha.com/quotes/,Current noindex page preserved; not part of the indexable scoring population.,Existing noindex generated story remains accessible and excluded from the sitemap.
https://echobuddha.com/quotes/wisdom/wisdom-is-the-art-of-meeting-life-without-adding/,quote story,generated story,indexable,noindex,out of sitemap,NOINDEX,https://echobuddha.com/quotes/,Built 2026-08-11T02:17:46.273Z; 651 words; 17 content headings; generated story; nearest /quotes/wisdom/what-feels-urgent-is-not-always-what-matters-most/ combined overlap 85.3%; external source links 0,Mechanically generated story has high structural overlap and limited independent search value; route and internal discovery remain available.
https://echobuddha.com/quotes/wisdom/wisdom-sees-clearly/,quote story,individually authored story,indexable,indexable,in sitemap,KEEP_INDEXED,https://echobuddha.com/quotes/,Built 2026-08-11T02:17:46.273Z; 621 words; 17 content headings; individually authored story; nearest /quotes/wisdom/wise-silence/ combined overlap 67.8%; external source links 0,Individually authored reflection retains a distinct narrative and remains in the curated indexed subset.
https://echobuddha.com/quotes/wisdom/wisdom-sees-the-whole-fire-not-only-the-spark/,quote story,generated story,indexable,noindex,out of sitemap,NOINDEX,https://echobuddha.com/quotes/,Built 2026-08-11T02:17:46.273Z; 669 words; 17 content headings; generated story; nearest /quotes/wisdom/wisdom-is-the-art-of-meeting-life-without-adding/ combined overlap 84.5%; external source links 0,Mechanically generated story has high structural overlap and limited independent search value; route and internal discovery remain available.
https://echobuddha.com/quotes/wisdom/wise-silence/,quote story,individually authored story,indexable,indexable,in sitemap,KEEP_INDEXED,https://echobuddha.com/quotes/,Built 2026-08-11T02:17:46.273Z; 640 words; 17 content headings; individually authored story; nearest /quotes/wisdom/wisdom-sees-clearly/ combined overlap 67.8%; external source links 0,Individually authored reflection retains a distinct narrative and remains in the curated indexed subset.
