Top queries,Last 6 months Clicks,Previous 6 months Clicks,Last 6 months Impressions,Previous 6 months Impressions,Last 6 months CTR,Previous 6 months CTR,Last 6 months Position,Previous 6 months Position
buddhism letting go quotes,1,0,12,0,8.33%,0%,13.5,0
buddhism for beginners,0,0,49,0,0%,0%,51.22,0
dhamma,0,0,19,0,0%,0%,39.53,0
dhamma buddhism,0,0,19,0,0%,0%,53.79,0
sangha,0,0,19,0,0%,0%,81.63,0
what is the dhamma in buddhism,0,0,11,0,0%,0%,58.64,0
"""what we think, we become"" dhammapada translation",0,0,10,0,0%,0%,7.4,0
right speech,0,0,10,0,0%,0%,74.3,0
right speech buddhism,0,0,9,0,0%,0%,43.22,0
dhamma or dharma,0,0,8,0,0%,0%,6.5,0
buddhist sayings about letting go,0,0,8,0,0%,0%,18.75,0
buddha quotes on letting go,0,0,7,0,0%,0%,33.86,0
dhamma meaning,0,0,7,0,0%,0%,55.29,0
"""what we think, we become"" dhammapada verse 1 translation",0,0,6,0,0%,0%,9.5,0
difference between dharma and dhamma,0,0,6,0,0%,0%,10.33,0
buddha quotes patience,0,0,6,0,0%,0%,30.17,0
let go quotes buddha,0,0,6,0,0%,0%,30.17,0
beginners buddhism,0,0,6,0,0%,0%,44.83,0
brahma viharas,0,0,6,0,0%,0%,69.5,0
sangha meaning,0,0,6,0,0%,0%,74,0
sila samadhi panna,0,0,5,0,0%,0%,1,0
dhamma vs dharma,0,0,5,0,0%,0%,5.4,0
difference between dhamma and dharma,0,0,5,0,0%,0%,9.2,0
sutta meaning,0,0,5,0,0%,0%,13.8,0
buddha quotes on patience,0,0,5,0,0%,0%,24.8,0
compassion quotes buddha,0,0,5,0,0%,0%,44.8,0
buddha patience,0,0,5,0,0%,0%,45.8,0
buddha quotes compassion,0,0,5,0,0%,0%,56.8,0
compassion buddhism,0,0,5,0,0%,0%,60,0
what is the dhamma,0,0,5,0,0%,0%,60,0
meaning of dhamma in buddhism,0,0,5,0,0%,0%,71.2,0
what is dhamma,0,0,5,0,0%,0%,71.4,0
what is the sangha,0,0,5,0,0%,0%,78.6,0
what is sangha in buddhism,0,0,5,0,0%,0%,86.6,0
five precepts,0,0,5,0,0%,0%,88.4,0
what do buddhists believe about karma,0,0,5,0,0%,0%,88.8,0
is dhamma and dharma the same,0,0,4,0,0%,0%,6.75,0
"""what we think, we become"" buddha attribution source",0,0,4,0,0%,0%,7.5,0
buddha on patience quotes,0,0,4,0,0%,0%,18,0
patience quotes buddha,0,0,4,0,0%,0%,24.25,0
buddhist quotes on letting go,0,0,4,0,0%,0%,28.75,0
buddha on patience,0,0,4,0,0%,0%,33.5,0
quotes from buddha about letting go,0,0,4,0,0%,0%,33.75,0
buddha quotes letting go,0,0,4,0,0%,0%,34.25,0
buddhism quotes on letting go,0,0,4,0,0%,0%,39.5,0
beginner buddhism,0,0,4,0,0%,0%,40.5,0
buddha quote about letting go,0,0,4,0,0%,0%,40.5,0
patience buddha,0,0,4,0,0%,0%,41,0
buddhist patience,0,0,4,0,0%,0%,47.5,0
how to practice buddhism for beginners,0,0,4,0,0%,0%,51.25,0
buddhist articles,0,0,4,0,0%,0%,54,0
pali canon,0,0,4,0,0%,0%,54.75,0
buddhism patience,0,0,4,0,0%,0%,58,0
define dhamma,0,0,4,0,0%,0%,61.25,0
patience in buddhism,0,0,4,0,0%,0%,62.5,0
sangha definition,0,0,4,0,0%,0%,81.5,0
what is sangha,0,0,4,0,0%,0%,88.5,0
dhamma and dharma difference,0,0,3,0,0%,0%,4.67,0
dharma or dhamma,0,0,3,0,0%,0%,6,0
dharma vs dhamma,0,0,3,0,0%,0%,6.33,0
"dhammapada ""what we think we become"" translation",0,0,3,0,0%,0%,7.67,0
what is the meaning of dhamma,0,0,3,0,0%,0%,19,0
buddha quotes about letting go,0,0,3,0,0%,0%,21.67,0
buddha letting go quotes,0,0,3,0,0%,0%,29.67,0
mindfulness quotes buddha,0,0,3,0,0%,0%,38.33,0
the dhamma,0,0,3,0,0%,0%,39,0
letting go quotes buddha,0,0,3,0,0%,0%,46.33,0
pali canon buddhism,0,0,3,0,0%,0%,49.33,0
buddhism right speech,0,0,3,0,0%,0%,51,0
buddhist compassion,0,0,3,0,0%,0%,52,0
buddhist right speech,0,0,3,0,0%,0%,52.33,0
buddha compassion quotes,0,0,3,0,0%,0%,54.67,0
compassion buddha quotes,0,0,3,0,0%,0%,55.33,0
patience buddhism,0,0,3,0,0%,0%,55.33,0
dhamma teachings,0,0,3,0,0%,0%,58,0
dhamma means,0,0,3,0,0%,0%,65.33,0
buddhism metta,0,0,3,0,0%,0%,66,0
buddha right speech,0,0,3,0,0%,0%,67,0
meaning of dhamma,0,0,3,0,0%,0%,68.67,0
five aggregates,0,0,3,0,0%,0%,69.67,0
dhamma definition,0,0,3,0,0%,0%,70,0
buddhist dictionary,0,0,3,0,0%,0%,75,0
buddhism the three poisons,0,0,3,0,0%,0%,75.33,0
buddhist 5 precepts,0,0,3,0,0%,0%,77.67,0
three poisons,0,0,3,0,0%,0%,81.67,0
the five precepts,0,0,3,0,0%,0%,84.33,0
3 poisons,0,0,3,0,0%,0%,84.67,0
what is sangha buddhism,0,0,3,0,0%,0%,91,0
dharma and dhamma difference,0,0,2,0,0%,0%,7,0
"""what we think, we become"" buddha attribution",0,0,2,0,0%,0%,9.5,0
"dhammapada verse 1 ""what we think we become"" translation",0,0,2,0,0%,0%,10,0
sutta meaning in english,0,0,2,0,0%,0%,10,0
dhammapada verse 1,0,0,2,0,0%,0%,14.5,0
buddhist quotes about letting go,0,0,2,0,0%,0%,15,0
buddhist quotes on patience,0,0,2,0,0%,0%,30.5,0
buddha patience quotes,0,0,2,0,0%,0%,32,0
letting go buddha quotes,0,0,2,0,0%,0%,32,0
buddhist sangha,0,0,2,0,0%,0%,35,0
compassion buddhist,0,0,2,0,0%,0%,39.5,0
buddism for beginners,0,0,2,0,0%,0%,41.5,0
buddha on awareness,0,0,2,0,0%,0%,42,0
buddhism for beginner,0,0,2,0,0%,0%,42,0
buddhism beginners guide,0,0,2,0,0%,0%,43.5,0
beginners guide to buddhism,0,0,2,0,0%,0%,44,0
quotes on meditation by buddha,0,0,2,0,0%,0%,46,0
what is a dhamma,0,0,2,0,0%,0%,48,0
patience buddha quotes,0,0,2,0,0%,0%,49,0
buddhist quotes on compassion,0,0,2,0,0%,0%,49.5,0
what is the middle way in buddhism,0,0,2,0,0%,0%,51,0
becoming the compassion buddha,0,0,2,0,0%,0%,52.5,0
buddhism dhamma,0,0,2,0,0%,0%,54.5,0
middle way buddhism,0,0,2,0,0%,0%,54.5,0
buddha compassion,0,0,2,0,0%,0%,56,0
buddha on compassion,0,0,2,0,0%,0%,56,0
what is right speech in buddhism,0,0,2,0,0%,0%,56,0
buddha on compassion quotes,0,0,2,0,0%,0%,58,0
brahmaviharas,0,0,2,0,0%,0%,61,0
impermanence buddhism,0,0,2,0,0%,0%,62,0
what is right speech,0,0,2,0,0%,0%,62.5,0
buddha 5 rules,0,0,2,0,0%,0%,63.5,0
is it true is it kind is it necessary buddhism,0,0,2,0,0%,0%,64.5,0
right speech in buddhism,0,0,2,0,0%,0%,64.5,0
dukkha,0,0,2,0,0%,0%,66.5,0
dhamma meaning buddhism,0,0,2,0,0%,0%,68,0
what is dhamma in buddhism,0,0,2,0,0%,0%,70.5,0
anatta,0,0,2,0,0%,0%,71,0
buddhism 3 poisons,0,0,2,0,0%,0%,71,0
how to follow the eightfold path,0,0,2,0,0%,0%,71,0
buddhist moral precepts,0,0,2,0,0%,0%,72,0
how to practice the middle way,0,0,2,0,0%,0%,72,0
3 poisons of buddhism,0,0,2,0,0%,0%,72.5,0
the three poisons buddhism,0,0,2,0,0%,0%,72.5,0
buddha nirvana meaning,0,0,2,0,0%,0%,73,0
buddhism three poisons,0,0,2,0,0%,0%,73,0
3 poisons buddhism,0,0,2,0,0%,0%,73.5,0
three poisons buddhism,0,0,2,0,0%,0%,74,0
buddha 3 poisons,0,0,2,0,0%,0%,74.5,0
three poisons of buddhism,0,0,2,0,0%,0%,77,0
five buddhist precepts,0,0,2,0,0%,0%,77.5,0
buddha dictionary,0,0,2,0,0%,0%,78,0
buddhism 5 precepts,0,0,2,0,0%,0%,79.5,0
five precepts of buddhism,0,0,2,0,0%,0%,80.5,0
the 5 precepts,0,0,2,0,0%,0%,82.5,0
the three poisons in buddhism,0,0,2,0,0%,0%,82.5,0
sangha buddhism,0,0,2,0,0%,0%,86,0
the three poisons,0,0,2,0,0%,0%,86.5,0
what is a sangha,0,0,2,0,0%,0%,87.5,0
definition of karma in buddhism,0,0,2,0,0%,0%,90,0
what is the sangha in buddhism,0,0,2,0,0%,0%,94,0
the sangha,0,0,2,0,0%,0%,95,0
moral precepts,0,0,2,0,0%,0%,96.5,0
sangha in buddhism,0,0,2,0,0%,0%,98,0
access to insight threefold training sila samadhi panna,0,0,1,0,0%,0%,3,0
thanissaro bhikkhu,0,0,1,0,0%,0%,4,0
is it dharma or dhamma,0,0,1,0,0%,0%,5,0
เอาอันอื่น,0,0,1,0,0%,0%,8,0
buddhism right speech harsh speech authoritative source,0,0,1,0,0%,0%,9,0
"""what we think, we become"" buddha dhammapada translation",0,0,1,0,0%,0%,10,0
"dhammapada verse 1 translation ""what we think we become""",0,0,1,0,0%,0%,10,0
how to practice buddhism at home,0,0,1,0,0%,0%,10,0
let my kindness be the echo,0,0,1,0,0%,0%,10,0
what does sutta mean,0,0,1,0,0%,0%,10,0
"""what we think, we become"" buddha quote attribution",0,0,1,0,0%,0%,11,0
what is a sutta,0,0,1,0,0%,0%,12,0
buddha patience quote,0,0,1,0,0%,0%,14,0
quotes on patience by buddha,0,0,1,0,0%,0%,14,0
dhamma in buddhism,0,0,1,0,0%,0%,15,0
patience has its limits buddha,0,0,1,0,0%,0%,16,0
buddhist quotes about patience,0,0,1,0,0%,0%,18,0
6 buddhist teachings to stop overthinking,0,0,1,0,0%,0%,19,0
what is a sangha in buddhism,0,0,1,0,0%,0%,19,0
greed hatred delusion,0,0,1,0,0%,0%,21,0
what are the three poisons,0,0,1,0,0%,0%,21,0
ecom buddha,0,0,1,0,0%,0%,30,0
letting go buddha detachment quotes,0,0,1,0,0%,0%,30,0
let it go buddha quotes,0,0,1,0,0%,0%,32,0
what is mindfulness in buddhism,0,0,1,0,0%,0%,33,0
dharma buddhism,0,0,1,0,0%,0%,34,0
the kindness echoes,0,0,1,0,0%,0%,34,0
buddha quotes about patience,0,0,1,0,0%,0%,35,0
beginner guide to buddhism,0,0,1,0,0%,0%,36,0
mindfulness buddha quotes,0,0,1,0,0%,0%,36,0
quotes about meditation buddha,0,0,1,0,0%,0%,36,0
buddha mindfulness quotes,0,0,1,0,0%,0%,37,0
buddha reflection,0,0,1,0,0%,0%,37,0
buddhist teachings for beginners,0,0,1,0,0%,0%,37,0
learning buddhism for beginners,0,0,1,0,0%,0%,37,0
patience has limits buddha,0,0,1,0,0%,0%,37,0
wise speech buddhism,0,0,1,0,0%,0%,37,0
buddha sayings about letting go,0,0,1,0,0%,0%,38,0
divisive speech buddhism,0,0,1,0,0%,0%,38,0
what does compassion mean in buddhism,0,0,1,0,0%,0%,38,0
wisdom in art,0,0,1,0,0%,0%,43,0
buddha quote on letting go,0,0,1,0,0%,0%,44,0
ebuddha,0,0,1,0,0%,0%,44,0
why is compassion important in buddhism,0,0,1,0,0%,0%,44,0
beginning buddhism,0,0,1,0,0%,0%,45,0
the middle way in buddhism,0,0,1,0,0%,0%,46,0
the middle way of buddhism,0,0,1,0,0%,0%,46,0
what is the middle way,0,0,1,0,0%,0%,46,0
what is sutta,0,0,1,0,0%,0%,47,0
buddhism and compassion,0,0,1,0,0%,0%,48,0
buddhism compassion,0,0,1,0,0%,0%,49,0
buddhist definition of compassion,0,0,1,0,0%,0%,49,0
practicing buddhism for beginners,0,0,1,0,0%,0%,49,0
what is the middle way buddhism,0,0,1,0,0%,0%,50,0
buddha quotes on compassion,0,0,1,0,0%,0%,52,0
buddhism delusion,0,0,1,0,0%,0%,52,0
buddhist communication,0,0,1,0,0%,0%,53,0
buddhist dhamma,0,0,1,0,0%,0%,53,0
dhamma buddha,0,0,1,0,0%,0%,55,0
if you are patient in one moment of anger,0,0,1,0,0%,0%,55,0
buddhism compassion quotes,0,0,1,0,0%,0%,56,0
how to get started with buddhism,0,0,1,0,0%,0%,57,0
sutta,0,0,1,0,0%,0%,57,0
mindfulness in buddhism,0,0,1,0,0%,0%,58,0
compassion in buddhism,0,0,1,0,0%,0%,59,0
buddhist 5 rules,0,0,1,0,0%,0%,60,0
nirvana buddha definition,0,0,1,0,0%,0%,61,0
how to get started in buddhism,0,0,1,0,0%,0%,62,0
5 aggregates of buddhism,0,0,1,0,0%,0%,63,0
awareness buddhism,0,0,1,0,0%,0%,63,0
how to pronounce dhamma,0,0,1,0,0%,0%,64,0
right speech buddha,0,0,1,0,0%,0%,65,0
meaning of sangha,0,0,1,0,0%,0%,66,0
metta buddhist,0,0,1,0,0%,0%,67,0
dukkha in buddhism,0,0,1,0,0%,0%,68,0
sangha community,0,0,1,0,0%,0%,68,0
5 precepts of buddhism explained,0,0,1,0,0%,0%,69,0
buddhism in plain terms,0,0,1,0,0%,0%,69,0
5 aggregates,0,0,1,0,0%,0%,70,0
canon buddhism,0,0,1,0,0%,0%,70,0
eightfold path steps,0,0,1,0,0%,0%,70,0
equanimity definition buddhism,0,0,1,0,0%,0%,70,0
quotes about impermanence,0,0,1,0,0%,0%,70,0
brahmavihara,0,0,1,0,0%,0%,71,0
define sangha,0,0,1,0,0%,0%,71,0
dhamma meaning in buddhism,0,0,1,0,0%,0%,71,0
nirvana definition buddhism,0,0,1,0,0%,0%,71,0
buddhist 4 elements of right speech,0,0,1,0,0%,0%,72,0
the three poisons of buddhism,0,0,1,0,0%,0%,72,0
what are the buddhist guidelines for living a good life,0,0,1,0,0%,0%,72,0
5 rules buddhism,0,0,1,0,0%,0%,73,0
buddha three poisons,0,0,1,0,0%,0%,73,0
metta buddhism,0,0,1,0,0%,0%,73,0
what are the 5 precepts buddhism,0,0,1,0,0%,0%,73,0
5 principles of buddhism,0,0,1,0,0%,0%,74,0
art wisdom standing,0,0,1,0,0%,0%,74,0
buddhist three poisons,0,0,1,0,0%,0%,74,0
metta in buddhism,0,0,1,0,0%,0%,74,0
what is shanga,0,0,1,0,0%,0%,74,0
5 aggregates buddhism,0,0,1,0,0%,0%,75,0
pāli canon,0,0,1,0,0%,0%,75,0
buddhism dictionary,0,0,1,0,0%,0%,76,0
dhamma meaning in english,0,0,1,0,0%,0%,76,0
what are the 5 buddhist precepts,0,0,1,0,0%,0%,76,0
what do you do at a buddhist temple,0,0,1,0,0%,0%,76,0
dukkha buddhism,0,0,1,0,0%,0%,77,0
the five aggregates,0,0,1,0,0%,0%,77,0
what are the 5 precepts of buddhism,0,0,1,0,0%,0%,77,0
buddhism 5 rules,0,0,1,0,0%,0%,78,0
buddhism five precepts,0,0,1,0,0%,0%,78,0
how to do a walking meditation,0,0,1,0,0%,0%,78,0
the sangha in buddhism,0,0,1,0,0%,0%,78,0
what are the five precepts of buddhism,0,0,1,0,0%,0%,78,0
buddhism resources,0,0,1,0,0%,0%,79,0
buddhist five precepts,0,0,1,0,0%,0%,79,0
the 5 buddhist precepts,0,0,1,0,0%,0%,79,0
5 buddhist precepts,0,0,1,0,0%,0%,80,0
buddhism 5 moral precepts,0,0,1,0,0%,0%,81,0
dukkha meaning,0,0,1,0,0%,0%,81,0
what are the five precepts,0,0,1,0,0%,0%,81,0
sangha buddhism definition,0,0,1,0,0%,0%,83,0
the five moral precepts,0,0,1,0,0%,0%,84,0
buddhist 3 marks of existence,0,0,1,0,0%,0%,85,0
five moral precepts,0,0,1,0,0%,0%,85,0
5 precept,0,0,1,0,0%,0%,86,0
5 preceptos,0,0,1,0,0%,0%,86,0
buddhism 3 marks of existence,0,0,1,0,0%,0%,86,0
five precepts of buddha,0,0,1,0,0%,0%,86,0
5th precept,0,0,1,0,0%,0%,87,0
three poisons and their antidotes,0,0,1,0,0%,0%,87,0
meaning of metta,0,0,1,0,0%,0%,88,0
3 marks of existence buddhism,0,0,1,0,0%,0%,89,0
5 moral precepts,0,0,1,0,0%,0%,89,0
5 precepts,0,0,1,0,0%,0%,89,0
dictionary of buddhism,0,0,1,0,0%,0%,89,0
precepts buddhism,0,0,1,0,0%,0%,89,0
right livelihood in buddhism,0,0,1,0,0%,0%,89,0
the 5 moral precepts,0,0,1,0,0%,0%,89,0
moral precept,0,0,1,0,0%,0%,90,0
three poison,0,0,1,0,0%,0%,90,0
metta meaning,0,0,1,0,0%,0%,91,0
definition of equanimity in buddhism,0,0,1,0,0%,0%,92,0
definition sangha,0,0,1,0,0%,0%,92,0
sangha buddhist,0,0,1,0,0%,0%,92,0
ethical precepts,0,0,1,0,0%,0%,93,0
sangha buddha,0,0,1,0,0%,0%,93,0
what does sangha mean in buddhism,0,0,1,0,0%,0%,94,0
what is buddhist sangha,0,0,1,0,0%,0%,94,0
sangha mean,0,0,1,0,0%,0%,95,0
with metta meaning,0,0,1,0,0%,0%,96,0
buddhism guide,0,0,1,0,0%,0%,97,0
sangha define,0,0,1,0,0%,0%,99,0
sanghas,0,0,1,0,0%,0%,99,0